-2.047076594847129505e-01 4.789433380575482402e-01 -5.194387150567381095e-01 -5.557303043474900450e-01 1.965780572502714207e+00 1.393405832972990366e+00 9.290787674371767113e-02 2.817461528302024898e-01 7.690225676118387366e-01 1.246434736386282216e+00 1.007189357583004874e+00 -1.296221109112263514e+00 2.749916334321240163e-01 2.289128789353159221e-01 1.352916835165449694e+00 8.864293405915888435e-01 -2.001637309660397435e+00 -3.718425371402543922e-01 1.669025309524870604e+00 -4.385697358355719055e-01 -5.397414455216628104e-01 4.769850104122995149e-01 3.248943919430754779e+00 -1.021227524355596827e+00 -5.770873030407671633e-01 1.241212756734077355e-01 3.026135619125113752e-01 5.237720681504165476e-01 9.402777753328851306e-04 1.343809793614132220e+00 -7.135439850963831709e-01 -8.311535388539139646e-01 -2.370231653956744733e+00 -1.860760788550734679e+00 -8.607573984317485882e-01 5.601452930280341747e-01 -1.265934491693692543e+00 1.198271246605513152e-01 -1.063512448053540727e+00 3.328827156076712979e-01 -2.359418807383681482e+00 -1.995429553356674879e-01 -1.541995527874111760e+00 -9.707359122591825429e-01 -1.307030250970896867e+00 2.863497470141551093e-01 3.779841109373772712e-01 -7.538865347898970892e-01 3.312856501945190546e-01 1.349742214498785398e+00 6.987668883075148774e-02 2.466741099822279959e-01 -1.186160107108215518e-02 1.004811590787079600e+00 1.327194613785634081e+00 -9.192615577450493625e-01 -1.549106438284449494e+00 2.218459865817249896e-02 7.583631450155793319e-01 -6.605243277245673728e-01 8.625800825300470320e-01 -1.003190208874518881e-02 5.000935590418328913e-02 6.702155943502535740e-01 8.529650322400434970e-01 -9.558688522944143173e-01 -2.349332069183078520e-02 -2.304233878797142143e+00 -6.524688414608951215e-01 -1.218301976581138701e+00 -1.332609707683322764e+00 1.074622690094981126e+00 7.236415052979249252e-01 6.900018528091593772e-01 1.001543442493788794e+00 -5.030873913603446379e-01 -6.222742250596454694e-01 -9.211686080130108145e-01 -7.262134926608290186e-01 2.228955458351767893e-01 5.131610092088798730e-02 -1.157719466312723933e+00 8.167069358906230425e-01 4.336096056541214327e-01 1.010736946003612635e+00 1.824875211346030923e+00 -9.975182477104550527e-01 8.505910987369129650e-01 -1.315776012120292993e-01 9.124141520423159069e-01 1.882106804362267682e-01 2.169461437689954142e+00 -1.149282045828419890e-01 2.003697362416535732e+00 2.961015231428509170e-02 7.952531558613249452e-01 1.181097536905498097e-01 -7.485315484917335338e-01 5.849697378523505131e-01 1.526765727999654099e-01
-1.565657293816182127e+00 -5.625401880747255001e-01 -3.266413915883374652e-02 -9.290062022343519299e-01 -4.825726456604974013e-01 -3.626384610141546172e-02 1.095390060139442845e+00 9.809284774873069379e-01 -5.894876862034817977e-01 1.581700094195454431e+00 -5.287348261234561253e-01 4.570018712960775553e-01 9.299687589735260440e-01 -1.569270605201918745e+00 -1.022486978045873629e+00 -4.028269244129422666e-01 2.204868632651856841e-01 -1.934011079005230616e-01 6.691583364652774479e-01 -1.648984819502817167e+00 -2.252797246802002107e+00 -1.166832216265218269e+00 3.536071020745295002e-01 7.021101714787902903e-01 -2.745692045668605696e-01 -1.391421881215928191e-01 1.076572215011770417e-01 -6.065451253347980964e-01 -4.170644082280242082e-01 -1.700703682623065649e-02 -1.224145284193378869e+00 -1.800839913499308276e+00 1.634736204610080401e+00 9.890083019292391642e-01 4.579401430943659812e-01 5.551544103208773118e-01 1.306719724927295490e+00 -4.405535701966837303e-01 -3.013502798803775473e-01 4.987914899126098534e-01 -8.239910398915533118e-01 1.320565842632069220e+00 5.079647857964770807e-01 -6.534376750873344131e-01 1.869795141378966796e-01 -3.917252488843284142e-01 -2.722929752403271952e-01 -1.714143563196764836e-02 6.803207487415016130e-01 6.355123566677971514e-01 -7.571765024398089405e-01 7.180858344764009527e-01 -3.042730759771454241e-01 -1.677790245761676680e+00 4.269860851488666009e-01 -1.563739845729889666e+00 -3.674875214829386172e-01 1.045912533255403121e+00 1.219954364920616818e+00 -2.476991161966120569e-01 -4.162321317510080387e-01 -1.167470042620726151e-01 -1.844787616103172212e+00 2.068707851251931906e+00 -7.769674735942644350e-01 1.440166868826525670e+00 -1.105573595647529328e-01 1.227386994845727664e+00 1.920784261852389374e+00 7.464330382405006681e-01 2.224659590160492417e+00 -6.794004104983024650e-01 7.273687815805084389e-01 -8.687307343795062087e-01 -1.213850905568330196e+00 -4.706309312154829949e-01 -9.192416970835027845e-01 -8.388266886335007388e-01 4.351553045627990501e-01 -5.578047171343563093e-01 -5.674548710052341738e-01 -3.726415527126836769e-01 -9.265569012593710685e-01 1.755108385805538962e+00 1.209809986082276856e+00 1.270024731737974255e+00 -9.743781265033409911e-01 -6.347092552109233621e-01 -3.957007523362244816e-01 -2.894358999449665459e-01 -7.342970719242314370e-01 -7.285046785101043643e-01 8.387750726740476059e-01 2.668932127310729707e-01 7.211943388971638891e-01 9.109826418929284353e-01 -1.020902613260685543e+00 -1.413416038798433139e+00 1.296607841996816779e+00 2.522752088834686601e-01
1.127481103557347542e+00 -5.683634468680875962e-01 3.093621681249876243e-01 -5.773854727578258128e-01 -1.168634073326149991e+00 -8.250199718303937724e-01 -2.644409490423919262e+00 -1.529858033470291867e-01 -7.519210030539471568e-01 -1.326092519297720207e-01 1.457299704638534310e+00 6.095118446351099895e-01 -4.937792569761627059e-01 1.239979882283041457e+00 -1.357221402371326380e-01 1.430041805958306655e+00 -8.468524513281007193e-01 6.032821300463038217e-01 1.263572256476092059e+00 -2.554905561620678944e-01 -4.456883798724672330e-01 4.683666812355768427e-01 -9.616039243470244635e-01 -1.824504537252257252e+00 6.254281564975373575e-01 1.022872384301566795e+00 1.107424600768825984e+00 9.093708946496016632e-02 -3.501086567501490165e-01 2.179570164795564258e-01 -8.948131304990825097e-01 -1.741493954722216353e+00 -1.052255739569593285e+00 1.436602785795529913e+00 -5.762073863566371523e-01 -2.420294429087546551e+00 -1.062329628304584217e+00 2.373722615582426754e-01 9.573690639671335800e-04 6.525318083989106732e-02 -1.367524105015492264e+00 -3.028005187425636055e-02 9.404893213957069564e-01 -6.424367505047794413e-01 1.040179245894998772e+00 -1.082922255668566924e+00 4.292135883346022140e-01 -2.362236685182591556e-01 6.418178162604906145e-01 -3.316605566988382048e-01 1.394072226185005814e+00 -1.076741944040729537e+00 -1.924659819618063095e-01 -8.711876507017065618e-01 4.208519969055002363e-01 -1.211411066662124503e+00 -2.588669121155707242e-01 -5.816468500564605515e-01 -1.260420627649547987e+00 4.645747934988727623e-01 -1.070240907531694763e+00 8.042226978387958525e-01 -1.567355077196126711e-01 2.010390011200182236e+00 -8.871044303844439760e-01 -9.779362323516489486e-01 -2.672173495265022236e-01 4.833378218776818169e-01 -4.003327333876641192e-01 4.498804151538390306e-01 3.995939534142070038e-01 -1.515748037469383525e-01 -2.557934056002769019e+00 1.608068409981013580e-01 7.652506774790499011e-02 -2.972041660617420478e-01 -1.294274023709763188e+00 -8.851800127802861295e-01 -1.874965261017906837e-01 -4.935599998446024150e-01 -1.154129639792432771e-01 -3.507446074866091279e-01 4.469737636254384611e-02 -8.977563159556702921e-01 8.908735024958585047e-01 -1.151185164820108353e+00 -2.612302704796023001e+00 1.141250190151185784e+00 -8.671355246744832934e-01 3.835832584688151914e-01 -4.370301643739106789e-01 3.474888101701519849e-01 -1.230179038160157390e+00 5.710781386310577190e-01 6.006121277124813751e-02 -2.255239940411395139e-01 1.349726139634768618e+00 1.350299734015193653e+00 -3.866533217894191354e-01 8.659895420155943047e-01
1.747233599097099077e+00 -1.410246143878052472e+00 -3.782415247468237651e-01 -3.458206666315495892e-01 3.800624646709969690e-01 1.889946734586309407e-01 1.323298204248421595e+00 -2.264588592404162437e+00 -9.149786105348619580e-01 -4.789641639460486822e-01 1.047184497636951095e+00 9.239484178254709912e-01 -1.141501406270122448e-01 4.058024425292823811e-01 2.884518075188074460e-01 -4.347884915092404823e-01 3.587556327634702225e-01 -3.882449435952982086e-01 2.128746291481018016e+00 1.409604678767300223e+00 -1.054342780246359940e-01 7.004283669133887225e-01 2.092851878191770432e+00 -1.369717961332358735e-01 -9.304894233851002117e-01 3.274972342992487628e-01 1.303013080759022335e+00 -1.409402360879542737e+00 -1.441259448563071421e-01 -7.164140242483102439e-01 1.036141859009737098e-01 -1.495718556580897474e+00 -1.174893555798939282e+00 2.613999088114190794e+00 -6.893073985408185722e-01 -7.516526358784421102e-01 6.362809610253205017e-01 -1.157644158490865216e+00 6.146799240477509585e-01 1.021391114398367828e+00 6.682724919160634158e-01 -8.095354824548547379e-01 -9.081245732395913928e-01 1.512289392595226767e+00 9.511743199758383727e-02 1.184668545204903056e+00 6.370329344148579764e-01 -5.392745868316788371e-01 -5.510099292744912586e-02 -1.135925787850537327e+00 -1.705062544219061449e-01 -1.158087267100925466e+00 1.104599136913624324e+00 6.342380999868958424e-01 1.259683354764015828e+00 9.649307759123524342e-01 -4.344459381625637162e-01 -8.796028596048407477e-01 -6.948382299739052081e-01 1.226374045825477044e+00 4.572786487540439482e-01 1.156986254877315767e-01 1.014042350233331335e+00 -1.135007717989216403e+00 -2.633705816183712911e-01 1.306425181099248878e+00 -1.610841009373770394e+00 -1.026620689443658030e+00 1.241572789071805127e+00 -1.567595321517375739e-01 -2.449095534231733762e+00 -1.033948017566054478e+00 1.599533626447898982e+00 4.740707697846840429e-01 1.513259269744353930e-01 -5.421731656585027093e-01 -4.754962173022330152e-01 1.064026117619911171e-01 -1.308228192128377376e+00 2.173184753922505319e+00 5.645612173934109190e-01 -1.904807647473341914e-01 -9.169343901238854455e-01 -9.758136063846305497e-01 2.212302689263897726e+00 7.393068262161812954e-02 1.818594561414793143e+00 -1.581530998207962613e+00 -7.743634089508063534e-01 5.529364930715326976e-01 1.060613895244589128e-01 3.927528040792730213e+00 -2.551255986621763783e-01 8.541373152486941844e-01 -3.648065321759805801e-01 1.311017365798315681e-01 -6.976138956236985766e-01 1.335649462318957870e+00 -1.510388577076653971e-01 4.429378505924506659e-01
9.415712207718344162e-01 5.333639527554454585e-01 3.562661934365183858e-01 -1.011531904967473763e-02 1.415753171617635919e+00 5.661055326034478696e-01 4.564873518307750455e-01 1.947881053983387678e-01 -6.550537571452662577e-01 -5.652300944075682176e-01 3.176873118836959442e+00 9.595325419466678163e-01 -9.753398349133972633e-01 -1.116742102509841406e+00 -1.104376344730916282e+00 -8.987551751261710908e-01 -1.366632360992796835e+00 4.514017323927321801e-01 -1.587221809340005008e+00 -7.327888304788057194e-01 -5.145626268799391445e-01 -6.118760534984273303e-01 -3.159866699015642655e-02 2.341278875088124711e-01 2.719362811377174505e-01 1.230769352658647620e+00 1.288306161156789420e+00 8.518135078647042224e-01 -1.529180606779691143e+00 -1.551714991950571054e+00 2.972929171868610165e-01 3.447912012327270515e-01 -3.981033604237022572e-01 4.294040574737029159e-01 -2.859446486859674730e-01 -2.228437000641734667e+00 6.655878498496475837e-02 4.899647612979195488e-01 1.867925845606346558e+00 2.070437800083102520e+00 -2.453832271093101536e-01 7.623021080429750462e-01 1.290154748411428964e-01 6.270759138158791268e-01 -1.062234739709709164e+00 -1.499503450286965522e+00 5.451541927273270138e-01 4.008232666528607213e-01 -1.946230385698724419e+00 5.050317838715824292e-01 -9.104891380445154780e-01 -2.196962854476029459e-01 4.080553829055946213e-01 -6.031454111648193450e-01 -3.611325944751573314e-01 5.640245235773274635e-01 -1.056616564327039987e+00 1.391950054294581740e+00 -1.761267673003945600e+00 -9.116331279939418053e-01 6.583392635323155329e-01 -1.579465835417200648e+00 4.577059763456228780e-01 -1.832680917454608538e-01 -6.854838961997871127e-01 1.064313147359146478e-01 -3.182360837937831533e-01 4.337129727039922278e-01 5.718259286453485357e-01 5.671060292895793165e-01 8.157696543241876874e-02 -3.023348713696124568e-01 -7.269163883050858699e-01 1.803351126950841765e-01 -5.202087344704572347e-01 3.980920813412243686e-01 -9.169350744205726489e-01 -8.265013450670728734e-02 -1.939690806133952616e+00 1.407994363360936196e+00 1.512406493423244846e+00 5.264931204605807213e-01 -2.669308329046481409e-01 8.622840476170735569e-01 8.380306604548598548e-02 -1.872338896687504306e+00 -9.627910165293954714e-01 8.006682915424297164e-02 1.287264421615645360e-01 -4.791203403144523865e-01 -6.402805039630083961e-01 7.459738006267118138e-01 -6.225470629256889543e-01 9.362893153314771899e-01 7.500183767458322714e-01 -5.671502817864502305e-02 2.300674512710006780e+00 5.694974670069808953e-01 1.489409681182851886e+00 1.264250283014735077e+00
-7.618372133529945911e-01 -3.316168981944163097e-01 -1.751315429921936007e+00 6.288941107731482738e-01 2.825018641291462407e-01 -1.338139429997635688e+00 -5.006068496298896608e-01 1.216450298919597439e-01 1.708323473805362536e+00 -9.709994483211052962e-01 -6.193323434441171393e-01 -7.267081317912971183e-01 1.221655416723216314e+00 5.036992883408408783e-01 -1.387874077404261275e+00 2.048514195433492335e-01 6.037052159445429611e-01 5.456803086925712254e-01 2.354770194411182904e-01 1.118349938217844119e-01 -1.251503750400604797e+00 -2.949343498142556808e+00 6.346341605845754463e-01 1.241570161108505321e-01 1.297622489585130046e+00 -1.686933411162448548e+00 1.089539046551150525e+00 2.060881739676648561e+00 -2.412353262689732325e-01 -9.478721803195336859e-01 6.762940289231819113e-01 -6.533561620942089920e-01 -6.522952979435111542e-01 5.288276042049606662e-01 3.577932493354377685e-01 1.886493597320469673e-01 8.694168790354193099e-01 -5.066744814379730427e-02 -7.163645746100656408e-01 -1.032587208386692157e-01 -1.141036579395403150e+00 -5.007769008723629289e-01 -3.893013703819069304e-01 -4.738505304071177204e-01 1.286643037951196999e-01 1.536943052813672106e-01 4.447900580808290538e-01 1.285316666554306153e-01 2.525298660323788691e-01 -9.406386626950159480e-01 1.002145448157643060e+00 -5.254149843099642503e-01 -8.874009356229543011e-01 1.831313603266982337e+00 -9.230293320982032590e-01 7.005376866384789292e-01 -8.921511976641738340e-01 2.300740002905246939e+00 -8.177652993706169271e-01 5.137596315384769241e-01 6.235869434828481550e-01 1.489205926987312800e+00 1.940478670522933546e+00 5.432371292875030067e-01 5.061909123390649912e-01 1.662014490552017998e+00 -1.189202500154567410e+00 9.359744903280858841e-02 -5.391639051311025721e-01 -1.437395604224019241e+00 1.879373860250393713e-01 -4.504544572949267245e-01 -5.168782316146913747e-01 -9.563566771150115720e-02 3.164238045785376374e-01 6.033346572916749029e-01 -1.494591463883685023e+00 -1.108940793254717117e-01 2.412894039665795520e-01 -5.826451090518829368e-01 -2.411126523465868809e-01 2.363605373208246541e-01 1.247207252034671088e-01 1.046325979521563587e+00 -2.730918558800725648e-01 -5.348340202772363661e-01 -3.065633045092193143e-01 -1.622426647225681529e-01 -1.083232195849724633e+00 7.084014934534155206e-01 1.520743040431240756e+00 2.903431832331719309e-01 -6.830663297113390708e-01 -9.503128662965102391e-01 4.007099358242060538e-01 -1.260716836100970739e-01 3.982048880621819054e-01 1.416384733545322239e-01 -2.641414219105188699e-01 -4.522120743109244723e-01
7.582019727208021420e-01 -5.155834984569123147e-01 -5.912023219792531536e-01 8.967457840864574425e-01 -9.714375237468942936e-01 1.840809913492186256e+00 1.538812324521991182e-01 -2.740839434521689100e-01 -1.784925689958151374e+00 9.810066864016238064e-01 -8.737171397872998124e-01 -1.015634420136941163e+00 -4.112435373111226200e-01 1.465621167525482660e+00 -1.006219062109278140e+00 -9.021477623819238456e-01 7.527691429611130802e-01 -4.905085265059019317e-01 -5.246722101411389616e-01 -6.991958611427955272e-01 3.523609392716019473e-01 6.810259833711926336e-02 -9.303417070007341527e-01 8.453995602773924922e-01 1.647238164907239774e-02 8.449629554575986967e-01 1.850833947680133207e+00 2.207424087123658132e-02 -1.369179022162034132e+00 8.872035233421281530e-01 1.433118214916675147e-02 -7.415470511506255802e-02 -4.856478784795103393e-02 1.235021453144089065e+00 -4.332949239040795875e-01 1.391035456088786537e+00 8.202107414766083293e-01 -2.474234653167460829e-01 3.022707463795338834e-01 5.439803613456898335e-01 -9.423685037543558796e-01 -1.266382812452802709e+00 9.372495450912421422e-01 -7.201022447501775892e-01 -1.593951537504989746e+00 -3.754978160092560802e-01 -9.587038344682760060e-01 7.943364000653058143e-01 -1.605107835617503698e+00 5.437102534580702251e-01 9.251663642076983773e-01 -1.469628604003601735e+00 -3.995923463080994775e-01 1.417342644380209515e+00 -8.976086679663610735e-01 1.844805015912046375e+00 1.253168209504127439e+00 -1.490932417209666294e+00 -2.773392455738245971e-02 1.375235960868256280e+00 -2.520817014712643453e-02 -6.678801790750701350e-01 -2.868017528976632313e+00 2.106885434275552749e-01 1.287155307846868046e+00 -5.743059884856377417e-01 4.953266465704800892e-01 3.960495899854722390e-01 5.887981897504260820e-01 -1.281757130138820866e+00 2.029922613050953561e+00 -5.019445162745080902e-01 -1.592845656277424027e-01 -1.496216295671384033e+00 1.144771385211460282e-02 4.194459852506574049e-01 2.051213880475156071e+00 -3.687653325107265179e-01 -1.689254678032903856e+00 1.476811614209946055e-01 -1.809983919627219107e-01 1.580590542634521534e-01 -3.966154217680057936e-01 -4.002366295625487957e-01 -8.248956662894505465e-01 -2.444404458925462653e-01 1.219457428248390984e+00 -4.336304917402885040e-01 8.611838731078146347e-01 -3.345036934943053097e-01 1.595599592417730472e-01 -9.841644763462932266e-01 7.540849738227457522e-01 -2.843916621652262111e-01 3.247975295697592690e-01 -8.854246017060757312e-01 -1.280893483344986983e+00 1.961099350548521358e-01 9.546441561162023470e-01 -8.009713318143824035e-01
1.585147298251382217e-02 1.087553292532148497e+00 -6.312428196865474961e-01 -2.268932487277888418e-02 6.858792422022852442e-01 5.191792079282153693e-01 1.827018919718896017e-01 2.046473806071293922e-01 -2.659863561971663182e-01 -2.272887041735507105e-04 1.239452315534529170e+00 -8.197152556937110646e-01 -2.603889065142450665e-01 5.191402566926832662e-01 1.430916445312791496e-01 -1.166777465387295598e-01 1.496744111448749415e+00 -1.484274375315023375e+00 -1.671182756031568628e+00 9.171734085747983434e-01 -7.580141513968200462e-01 2.064792402965917262e+00 -8.507783959780161886e-01 4.994507127583066586e-01 -7.926636550307541995e-02 -1.403292637034596835e+00 1.578947913254837188e+00 3.690289876265806469e-04 9.008849143633637091e-01 -4.548692200805127817e-01 -8.645466454571407722e-01 1.129119903530166447e+00 5.787441286108142152e-02 -4.337386663118337760e-01 9.269763737563470329e-02 -1.397820145038496387e+00 1.457822650059507508e+00 -1.767569156654994200e-01 -2.542403001996207945e-01 -1.263437496023148254e+00 4.522627411991731461e-01 -8.401174092412682093e-01 -5.026780708589532187e-01 5.133925869020991017e-01 1.641653004747527511e+00 5.807900362143436634e-01 -1.707340269370549501e+00 -1.783554308545141354e-01 -8.284599544575123042e-01 1.286311684505601072e+00 -4.064523617925941412e-01 1.566320471424111904e-01 5.210668042668795824e-02 9.558131774069075215e-01 7.431915005285292253e-01 -4.863230843246441060e-01 1.920467273505875205e+00 -6.527490226835764853e-01 -1.733037769163118247e-01 -3.604100824188914420e-01 -3.804139766622162133e-01 -1.298139805463874863e+00 5.279190075209274635e-01 -9.310027625049399624e-02 4.011846806149476086e-01 -1.025833801475748985e-01 3.086909773803190107e-02 2.616100509622730108e+00 -7.855779448724177216e-01 -5.069981205034997940e-01 -2.018205715548186063e+00 -6.768531379033549955e-01 2.666743677037643590e+00 1.451456146726335605e+00 6.346288553151814282e-01 -5.028268637974027122e-01 5.129316587643496517e-01 1.756779370833317699e+00 -9.743108006928138387e-01 6.803970482160467403e-01 9.557987256060956893e-01 1.501535477706872568e+00 -7.562656480252863966e-01 4.735046041815471618e-01 1.713743447669843434e+00 -1.147699220482096161e+00 2.903220495127144338e-03 -1.100570359956190014e+00 -2.975317815472589000e-01 5.024090781917618376e-01 -9.874189814476862486e-04 -6.745602779439899832e-01 2.979582792246578959e-01 1.465573138784170615e+00 -3.036285937730916484e-01 -9.944798845871007931e-01 1.898899912663152001e-01 -1.684029571835862882e+00 -4.583807416104601629e-01 5.434059083011951730e-01
-1.187264257426899894e+00 -4.126416926835999033e-01 1.177125345162108205e+00 -3.137041653151179110e-01 1.579031619007257525e+00 3.753882358725965651e-01 -1.568138818805061119e+00 -9.008865193079470535e-01 6.523455186868064581e-01 8.716003139067918237e-01 2.682161699781120956e-01 9.476812196610376882e-01 1.472675878697148055e-01 -1.772455463256391361e+00 5.924196108902266555e-01 9.032547448461784867e-02 6.511214539840977089e-01 -8.119469622984171187e-02 8.018976029720893406e-01 1.398452271056895013e-01 -5.010027615175822735e-01 -1.283025591749986927e-01 4.146059664843090298e-01 6.045777859731639170e-01 2.134094753235767250e+00 9.411878373853054258e-01 -9.314567957057385827e-01 -1.246675392556697015e-01 2.006962909371465542e-01 1.802562855551810561e-01 -3.203700968677112293e-01 -1.596128031338418962e+00 -1.281698983627304056e+00 1.502585746772289621e+00 6.535380021026144792e-01 -3.195366262887512909e-01 9.550940105332723640e-01 2.619959553959560483e-01 1.607929009181394420e-01 -5.716806424065040693e-01 3.516600585958921110e-01 1.114980060661696193e+00 1.183268257286513414e+00 1.060941064271162304e+00 5.107126304164931740e-01 -9.387839980045411536e-01 -5.464961411913733524e-01 5.900299712019939635e-01 1.482185235718120886e+00 1.021181041600571493e-01 2.654380493120824802e-01 3.193074333946575860e-03 -2.595011500290184792e+00 -1.555569332121735870e+00 1.102995957832781704e+00 5.547365038545872817e-01 -1.289011636378418535e+00 3.852416476445170157e-01 -1.717291726256020112e+00 -1.018353129112757660e+00 5.163531727300779695e-02 5.032987099706072165e-01 -5.431862306985483224e-01 -5.066784173896016208e-01 7.296528334741877453e-01 4.342733627390641393e-01 -1.133673605991587507e+00 1.423953337765616833e+00 2.663515365542181712e-01 -8.542643927186325259e-01 -5.505965612489012173e-01 -6.191098589746231173e-01 1.038933389166028398e+00 -9.106108248157910312e-01 5.299525668725941774e-01 -8.471436147967222399e-03 -1.129038248835340319e+00 5.698541909626413382e-01 -8.633916215611626699e-01 -1.356144269827241677e+00 -5.715155687864965223e-02 -1.086211215847240757e-01 1.652384092163404539e+00 -1.350928078401761434e+00 -5.460967374343850267e-01 9.914001844639295236e-01 2.200997386075138618e+00 4.278997910904521751e-01 2.904682827648246146e-01 6.119530958693909506e-01 -5.124509841764628426e-01 -7.242306910323367264e-01 1.692881895744936971e+00 -2.993391196823085854e-01 1.571727194445565967e+00 4.614440672335327065e-01 -6.738297010943158361e-01 -1.141036260184879580e+00 -1.228917975839032728e+00 -1.159282463901087468e+00
-3.208290182546895131e-01 1.088347583371837235e+00 -9.062031453791941082e-01 -4.641520619045426121e-01 -5.133783725156535471e-01 1.617837675072373527e+00 -8.166506055996810565e-01 2.447196053226707302e-01 -1.311094226826247322e+00 3.884064950766477065e-01 1.592373709688445382e+00 8.703990367794033345e-01 3.352493252882757790e-01 6.489599073316842937e-01 -1.831517910749120570e-01 5.002412695546493149e-01 1.368826394966971671e+00 8.950918422465690139e-01 6.472933719994758972e-01 -5.678787082592507973e-01 -5.795174466078752973e-01 -7.514485725735524646e-01 1.075519176112486264e+00 -6.211423596095553279e-01 1.878555716640506468e+00 1.260239930748770387e+00 3.100509729886151700e-01 1.064022920875259681e-01 2.480129971126505961e-01 -1.393839592053867982e+00 -6.694363070014848205e-01 -5.667914738169900213e-01 -3.817789027533772805e-01 -9.465469068253418161e-01 -1.065102999938230655e+00 -1.331826181182821811e+00 -9.864531911437773859e-01 -3.783911474081515514e-01 7.647119747882449303e-01 6.035941645409671763e-02 6.185099989528171083e-01 -4.849210202193873775e-01 -2.805302397084217247e-01 4.069629040789197738e-01 1.025187786611599705e+00 2.547516812626089977e-01 8.752399050356235444e-02 7.069835433886119402e-02 -5.731526028171188836e-01 1.228925973322743337e+00 -9.622018930691816907e-01 1.525556755135665465e+00 8.272825886139719698e-01 9.124704702989213656e-01 -1.272923425816809562e-01 6.343166412403691279e-01 -1.530898427877331214e+00 -1.290701492807146078e+00 -5.262283405853050988e-01 -1.132233960041036269e+00 -4.997971265974612276e-01 -7.284630873821776875e-01 -5.831441696495306415e-01 3.292906567067370727e-01 -8.268607980284261583e-01 -5.368679830527095520e-01 -5.629801335454140965e-01 9.184047995122249786e-01 -7.939937821137096896e-02 -2.786246826161106749e-01 -1.304595386048640338e-01 -1.396997614487484496e+00 -2.447138892725466974e-01 8.302539105775428308e-01 2.408212015436893283e-01 -9.156971231330113259e-01 -2.225279963766480851e+00 -6.630670123085989909e-01 -3.211947637458777982e-01 4.983881646344933136e-01 3.803389764415250340e-01 -1.067035324538174734e+00 2.554521723546256395e-01 2.111287185221204510e+00 -6.341899620370256008e-01 1.368755767874199281e+00 -9.706494892585454393e-01 6.542453342627010393e-01 -1.171895219131984245e+00 -3.159871975267234453e-03 -7.456048254649406681e-01 1.598290886100258934e+00 -9.133999980362451643e-01 2.402912087910019423e+00 -5.893602622077900310e-01 1.076574423245584416e-01 -1.392975162227896024e-01 -1.159925725080778847e+00 6.189647819702773779e-01 1.373890469666598113e+00
-9.835047173983663127e-01 9.309437641334797897e-01 -8.116756390217212402e-01 -1.830156264909421404e+00 -1.387301458469123172e-01 3.340883505784207341e-01 4.886749937452922188e-01 -1.780982256577363920e-01 2.122314702549790155e+00 6.119194945545507885e-02 8.841108212188902860e-01 -6.085058359940856976e-01 -7.205167555099459276e-02 5.440662865038297102e-01 3.238855448858271591e-01 -1.683325174983737238e+00 5.268604347861494119e-01 1.858791215831040455e+00 -5.484194522824828999e-01 -2.793972876747481959e-01 -2.129898626364367525e-02 -2.879902370798055888e-01 8.917459883638041707e-02 5.228577345255132069e-01 5.727964490799479780e-01 -1.760371691417748075e+00 1.128179404530732510e+00 1.568606197379345701e+00 -3.422771446021421471e-01 -9.813002783684745059e-03 5.307177012663192445e-02 -4.194344562611328209e-02 -1.694312491140919974e+00 -3.623808440210364301e-01 1.127452617633848186e+00 2.183830149116964492e+00 -1.186622781735682919e+00 3.342696953455109310e-01 -1.028388806613892426e+00 -1.684955778219323075e-01 -9.989483568163385341e-01 -1.531151355010210269e+00 -1.079111080646858678e+00 -1.097731896859647227e+00 4.051475572866220509e-01 -2.272281891368762852e-01 -1.442792146272015907e+00 -1.422575327872601436e+00 -1.123164809199716174e+00 2.162053839155918811e-01 -4.598492884580884787e-01 3.333917064894541538e-01 -2.547422620001011384e-01 -4.483013741788459683e-01 -1.261343794831648824e+00 1.165147808180215128e+00 -6.212492355151584267e-01 -7.993184949486714652e-01 7.772333257793490047e-01 -6.129047387554831250e-01 3.164466536444212053e-01 8.382952235672698205e-01 -1.034423156764953777e+00 4.343040377697629517e-01 -2.213133254482440471e+00 7.580403401343445147e-01 5.539326419062068352e-01 3.392307199487331615e-01 -6.887562903020654215e-01 -8.155260276212386028e-01 -3.324201504967615461e-01 2.406482718686910882e+00 -1.361428015153075100e+00 -6.696185723068546203e-01 7.811988723792848699e-01 -3.958133936573978717e-01 -1.807367300610336069e-01 1.337508105500641031e+00 -4.165837548905793053e-01 3.293133729195250603e-01 -7.325988876444867737e-01 1.378887774336949867e-01 -7.196718659748287950e-01 1.927640267125493523e+00 -3.158131132221912440e-01 -1.869340649604197546e+00 -4.285789824187294927e-01 -1.790516942058046831e-02 -1.720284863644473194e+00 1.086672003013263062e-02 8.241695852956898438e-01 -4.891796491665806879e-01 1.832492413802448761e+00 1.658668431437216206e+00 4.541045919382524221e-01 -1.949639457119035080e-01 -9.769140629273709298e-01 -2.960882519407469493e-01 -5.812743933758749426e-01 -1.994093408895595415e-02
-3.810013932653776025e-02 1.192629551379428943e+00 -1.098126991614629899e+00 -6.329145091892469654e-01 8.024141316305541949e-01 -6.506074411290058146e-02 -1.542079595007552206e-01 9.219082128829019229e-01 1.956463196990363196e+00 3.797063214750704407e-01 2.707798643305771025e-01 -1.127072697224356990e+00 5.259621528856689432e-01 5.902750248118974197e-01 1.139095708126458995e+00 5.485406554527921807e-02 5.500778996179285230e-01 1.603805190371729028e-01 1.603012508744184328e-01 -7.128995684849065428e-01 -3.082717013072121537e-01 3.176352874353086664e-01 2.458841908354701289e+00 -8.787770273605439719e-01 8.506844491706907485e-01 2.058553053899893626e-01 3.030045716312339543e-01 -2.259588986289556567e-01 1.905454993104195971e+00 1.496694168709935768e+00 1.339613796166953530e-01 -5.036574798818723719e-01 -6.110422465751564891e-01 4.604938919445795975e-02 1.006165976308237786e+00 9.305685177180792467e-01 -1.703309860163394196e-01 -5.956486763204879020e-01 -4.638418756266579068e-01 -1.254156886104855761e+00 -1.077746955990462885e+00 -6.084623152641482902e-01 1.099700704947717961e-01 -7.654191219971057114e-02 -4.690087464198400835e-01 2.668389887175178221e-01 -1.848271511199726103e+00 -1.080248529963550475e+00 2.938966221273795615e-03 -6.300887542529401975e-01 -1.095666051326501522e+00 5.798151145497679737e-01 3.321644868469963430e-01 -1.272727709656690021e+00 -6.733188639874179149e-01 -5.110046548234437047e-01 -1.489298242847116427e+00 6.677370096442736269e-01 -1.822945913627114667e+00 8.411774403311438331e-01 3.982744702973535778e-01 -9.977631419908770116e-01 8.727287020929160866e-01 -5.599015410049965613e-01 3.308197044385830510e-01 -1.018378894713422023e+00 -3.427872299891578378e-01 -3.206754084033645591e-01 -4.086753602295075671e-01 -2.431593873826492391e+00 5.338105031328312933e-01 -5.061667458820099386e-01 -4.675668165951076261e-01 -8.043004615746706110e-01 -1.623669158985747263e+00 -1.056635214192085254e-01 -5.461951479163824619e-01 2.013067164226367112e+00 -5.437247087323220374e-01 -6.541471472216288108e-01 -4.963757125506676471e-01 -7.642945627195525671e-02 1.208678885830202221e+00 1.052860589266352509e+00 -2.077132842167450200e+00 1.776375769461161491e-01 -1.679771987318026572e+00 4.999934674012685432e-01 -1.382890932116340732e+00 1.637550242833817338e-01 -1.265204031517303429e+00 -2.843298176061179738e-01 -3.729041927491715813e-01 1.245173113504915774e+00 -2.237110549043621166e+00 -5.708235767335672062e-01 1.371244550424922659e+00 1.162020601597374858e+00 6.064807149572793987e-01 2.645133182056411680e-01
3.517002769053881317e-01 4.824367619097513216e-01 -8.410988900060155371e-02 -4.978431147964410552e-01 -7.208057357110176921e-01 -1.650705183151815192e-01 -4.034350335613992589e-01 -7.121094637849157971e-01 1.251068205714884474e-01 -1.136166581482375842e-01 -1.353065380503708726e+00 -8.309715565606613508e-01 3.651900550896662878e-01 -5.447362875295095330e-01 9.779493712335934896e-01 -2.563824650057977550e-01 5.107833030913369043e-01 7.202830143990432976e-01 3.808766801119996548e-01 1.003400692368155545e+00 -2.315554889424002116e+00 4.572463297731965137e-01 -2.590670596760781888e-02 -3.399311818813086195e+00 -9.746571187768775513e-01 -6.853123615929004320e-01 -6.458581191794703358e-01 -3.075927153431356684e-02 -1.011517476724016928e+00 -1.226546938524426394e-01 -4.385172102745039102e-01 1.213585773502625864e+00 -6.380358310494055329e-01 -3.739452579253260134e-01 -5.343221259041957411e-02 -1.046075749868123073e-01 3.938105508063659554e-01 -1.320374495509988866e-01 -5.292496632558220115e-01 3.035497488689855583e-01 -8.896044245392606964e-01 -1.733460182024173235e-01 6.433016265905566744e-01 -1.254007727234007774e+00 1.172475804453093212e-01 8.665436814940322696e-01 1.079463835423905671e+00 -3.974748656071407371e-01 1.487505988255200640e+00 5.580114602604325791e-01 6.143504692328910499e-01 4.279642506624170561e-01 -2.719589851639833133e-01 7.387587421130927812e-01 -5.080702782009607343e-01 1.315273121500778908e+00 4.459303204600430504e-01 5.731917532605348420e-01 1.932615224656505371e-01 4.429243131233188135e-01 1.279619040470274971e+00 5.750083569135132633e-01 4.339361468687449319e-01 -7.657941372440119077e-01 -1.237023247902647505e+00 -5.367224185440369055e-01 1.854537052550580212e+00 -9.200051166358174104e-01 -1.082017119053823723e-01 1.524966385201709240e-01 9.434934622840140950e-01 -1.095264521522142376e+00 -1.440281895666027101e-01 1.956232081808970014e+00 -2.911721889724140921e-01 1.047858862894722881e-01 1.395682141171819546e-01 -2.840791612000531652e-01 -7.081955582772850866e-01 2.463237937404004541e+00 2.174529924951181248e-01 -1.055956266882628058e-02 -6.044699477823884358e-03 4.900938065989767223e-01 -2.771859561725185661e-01 -7.072133207270809852e-01 -5.601068310548314999e-01 2.735527185738556799e+00 9.273347049619072857e-01 1.513906274705671740e+00 5.385996089172790935e-01 1.273768045934073223e+00 6.678761616398175560e-01 -9.692059101982233305e-01 1.676091337127150638e+00 -8.176494217399195019e-01 5.018828363995484626e-02 1.951312141294209601e+00 3.260383072297736717e+00 9.633008644069903648e-01
1.201206431785047934e+00 -1.852000915359202748e+00 2.406778458070244930e+00 8.411759005049183058e-01 -7.491811929056093611e-01 -2.989740989746444644e+00 -1.295289436616107848e+00 -1.690194755158314521e+00 2.628440772546602133e+00 -4.245864716073103340e-01 -1.314371619670738234e+00 -1.059255868461516509e-02 -4.971749315992650131e-01 9.640206646130017321e-01 -7.058326570952623280e-01 1.685664893687299326e+00 -9.278441216929079749e-01 -4.048402103015887321e-01 -1.374092350365949122e-01 -4.220000414731941429e-01 -2.041695515986130527e+00 -3.186372010767170027e-01 4.410125884875498170e-01 -1.024599783948103360e+00 5.610554764484031454e-01 -6.150396785944883815e-02 1.441245110696872445e+00 8.655935585114336028e-01 -4.419807483956219030e-01 5.079209196998504261e-01 -1.122133600734299685e+00 -5.163779241545571885e-01 7.184090606072365270e-01 -1.929776457621283470e+00 2.527938937808334341e+00 7.313700478540232641e-01 7.442358294612623215e-01 -1.801179426939529593e+00 3.998810077631140825e-01 -3.770000532620108036e-01 -1.781236797738275035e+00 -2.722024874019430829e-01 -1.020231717948631323e+00 4.027902742260335844e-01 1.554831303857509006e+00 7.561814982833381382e-01 1.356865880814355885e+00 -1.165385866616823529e+00 -1.135579047115444551e+00 -1.474896296312497412e+00 6.182836067528278967e-01 4.422709545233131645e-01 -1.326962454426757532e+00 9.270452846001616676e-01 -1.155717332271347236e-01 9.434787618199448334e-01 -3.493656907287322477e-01 5.304118611771492242e-01 -5.087239724807549601e-01 2.306434683751322490e-01 -6.556936391165792133e-02 -2.487174625759744906e-01 -5.871359088093939249e-01 -1.022323725113681636e+00 1.060660641494107326e+00 9.547683175942492939e-01 -5.118235071777187395e-01 -1.387680496323714818e+00 7.679024677820946998e-01 -1.164490197304527186e+00 1.527069837530510510e+00 2.875424442235701705e-01 7.153593028521246788e-01 -3.458053481237411408e-01 4.708861946583140501e-01 -1.121514682760947901e+00 -1.544364759258704423e+00 1.720513352771193105e+00 -1.717239538157595002e-01 -8.278401867813199866e-01 3.705477177509129416e-01 -6.741671792564370991e-01 -1.712340196012856142e+00 -7.381512336938110819e-01 3.918125238492176643e-01 1.763403049816850698e+00 -5.462969173449708227e-02 -6.565057670759301134e-01 -1.550086742648932203e+00 -4.434660006885436656e-02 6.814697928519314329e-01 -9.537260912730503026e-01 -1.857016263943088719e+00 4.494953144031971215e-01 -6.173219330812665384e-02 1.233914423702312968e+00 7.058296068545107937e-01 -1.309077045764460934e+00 -1.537379731259185256e+00 5.315508681717009409e-01
2.047572882623975854e+00 4.466911931926018098e-01 -2.235562758585534493e-01 9.283476203116768077e-02 7.160755425924709705e-01 6.571979091482407220e-01 -6.674809226110399452e-02 8.386391292213039028e-01 -1.173882132512806126e-01 -5.177945281201895567e-01 -1.166957672243343763e-01 2.389644732139017069e+00 -9.324535219685751164e-01 -2.293305046342117848e-01 -1.140330144671412027e+00 4.399196178034663340e-01 -8.237575522065325728e-01 -5.209299980012358500e-01 3.502819265715335084e-01 2.043953378299412094e-01 1.334453311910126228e-01 3.279046082735588286e-01 7.215314329563904394e-02 1.316776201667696766e-01 -1.297459241287745035e+00 9.977468532899996800e-01 8.709549465978446703e-01 -9.912529081189426217e-01 1.516986937944831693e-01 1.266151352471380109e+00 -2.024686278079805557e-01 5.071757960149666372e-02 6.398693920865426987e-01 5.975942355387063865e-01 -7.972460345122215353e-01 4.728792873107957595e-01 5.223561005818716518e-01 -5.463483006095675165e-01 -7.335368352539390902e-01 1.302736120439333956e+00 2.219856688282318899e-02 3.642872567618452018e-01 -9.228385951670000642e-01 3.126557906830294553e-01 -1.128496977157373182e+00 -3.334879805461933855e-01 -5.145506853435596328e-01 -5.597819201464294681e-01 -7.834077374113098680e-01 -1.797684932623869969e+00 -1.726696398999427173e-01 6.802151731379431077e-01 1.607578351407821682e+00 2.003805349518533174e-01 -8.340677495211680226e-01 -3.029877852745315736e-01 1.663260699288302558e+00 -9.962057566598215841e-01 1.521759815133961080e+00 2.441750547028322671e-01 4.233307303072891825e-01 -6.540401444711717582e-01 2.089154411228911101e+00 -6.021962930328596947e-02 -1.679326308603577844e-01 6.316341824844430297e-01 -1.594313028626361373e+00 -1.519936504070490413e+00 1.108752333210030638e+00 1.255852597337816068e+00 -2.432971884485617478e-02 -2.047939266201713959e+00 -2.726566922235306167e-01 -1.692615390814261156e+00 1.423830168634092841e+00 -4.078896939609916172e-01 7.563320752451483386e-01 -1.288601754210860983e+00 8.675343388761709296e-01 5.752830573454663643e-01 3.042052146174421545e-01 1.814582187937577862e+00 1.634858270200564956e+00 -1.645692644096619528e+00 -4.071641129345113796e-01 -2.527653556703348681e-01 -8.945895858588530647e-01 9.558424697903954437e-01 -1.653983871607910716e+00 -2.625276129895540711e-01 -9.760940766740774377e-01 -1.493406574596422898e+00 1.167857761458624966e+00 9.690011429023202005e-01 -2.536487287097515253e+00 3.627543238422351046e-01 -1.196145985329388539e+00 1.636973850228476524e+00 2.513430923893343882e-01 1.624623112306831541e+00
-2.405673681274882181e-01 1.630521149164185502e-01 -5.866691833190134098e-01 4.146146295240367707e-01 4.271854920696032121e-01 1.172557334186721478e+00 -3.515723866945794640e-01 1.454592603339847523e+00 2.043318995512144465e+00 -1.749309055203658314e+00 -3.872348608139300485e-01 -2.080740459551865262e-01 -1.221956926364302864e+00 -6.745954636160708673e-02 2.290053509274178889e-01 -5.762338693132742495e-01 8.168954116913409447e-01 -7.721923069498081160e-01 -1.333575860480832542e+00 -3.091192351194809174e-01 2.855817236099349871e-02 1.129604873720607028e+00 -3.741733281040769965e-01 -1.140112715559432610e-02 2.729242586687071759e-01 -6.015444359409958253e-01 5.742646341816587396e-01 -1.941154978078759585e-01 2.022245803589834134e-01 -5.051240838771985375e-01 2.954439459082415897e+00 -2.630246943876946464e+00 -3.524530309302063014e-01 -4.778077449922539799e-01 1.615944404358586606e-01 1.686832820380645082e+00 8.219648159342300975e-01 -6.674057126061647693e-01 4.684891353930928370e-01 9.663425958721996167e-01 5.204428161778182904e-01 -1.189048743277875547e-01 3.349834231756872172e-02 -2.255846006487510214e-01 1.057374812842961087e-01 3.032409791389972242e-01 -1.956863725774184992e-01 7.649362072511639576e-01 -4.498377633782132956e-01 1.038124396749379619e+00 1.573182755946664457e+00 1.282891840527440319e+00 2.809706609063134519e-01 -8.920360628290397997e-01 5.175644989588760181e-01 -7.852059875464285910e-03 -1.638806204762845997e+00 1.401226894092071129e+00 1.758539248285449164e+00 6.289321730227263041e-01 -4.237761916138004237e-01 7.897399824137065760e-01 9.375676330687631177e-01 -2.253294276774137739e+00 -1.772918532096301902e+00 -8.964306172612251933e-01 6.772629301570280980e-01 3.650340982822046498e-02 8.710173843100943447e-02 -4.666212907788071240e-02 9.272375663674872204e-01 4.822844355131618022e-01 -8.671304494589568979e-01 4.938413482122831488e-01 -1.554341361268978539e-01 1.397285983418715016e+00 1.507054599509833448e+00 -1.179442407785151747e+00 4.431713414652104222e-01 1.395675776928805290e+00 -5.296584160988496714e-01 7.873579952799601989e-01 2.488447735264861238e-01 7.432391819050673254e-01 1.267746455417850360e+00 1.302395491695887086e+00 -2.721537251485013909e-01 -5.153179939390386405e-02 -4.677403109913408352e-01 -1.040816243937584318e+00 4.264186269876940050e-01 3.129452632701206216e-01 -1.115688833099341970e+00 1.234296679358184878e+00 -1.893094039582368993e+00 -1.661605432877835575e+00 -5.476767988143311540e-03 1.102206108434423681e+00 1.013496092414000405e+00 2.268799086656955399e+00
1.463257817884246470e-01 5.083907604145507797e-01 -1.967125996671092447e-01 -3.745355877331111305e+00 -1.520113279758046776e+00 -3.468392610049363389e-01 -6.969181625019452708e-01 1.307330725477613642e+00 -6.836406918193853599e-01 1.097987900829901164e+00 -3.765608508853943714e-01 1.188137059055023981e+00 1.793425504816908322e+00 1.297900299030989579e+00 8.177269280250522021e-01 -3.342959379509233275e-01 -1.565076891187847652e+00 1.423151669331248259e+00 8.407839497284114172e-01 -1.478146620074215711e+00 8.435028968059017362e-01 -3.386463201114599531e-01 8.985928700883751841e-01 3.007528326207077884e-01 -1.450943928919870229e+00 4.876481331650706630e-01 5.528343231642728339e-01 6.519653028515850490e-01 -1.746530184691591270e+00 8.359965545029713896e-01 -5.116826866009951402e-01 -1.621828319131043694e-01 1.164054917198152239e+00 -6.731250997032086625e-01 1.459241751903519457e+00 2.377020439180861366e+00 -9.510076556641140488e-01 -2.662187494839930446e-01 -6.096567154913602460e-01 -2.688365059939248902e-01 1.955920210543654059e-01 8.597899257638925707e-01 -2.632063008536517645e-01 1.141350439909071923e+00 -1.019367065729667732e-01 -7.666007839663940837e-02 1.208371554739408743e-01 1.076606683614364846e+00 4.342001635793339975e-01 5.643214990833786415e-02 -3.788898417220912251e-01 4.783057073901432477e-02 3.416259761638341108e-01 1.567919704390244195e+00 -4.761948058881668860e-02 -8.218248042111420126e-01 -1.793297317814953606e-01 -1.666752978928015827e-01 3.332193296020412032e-01 -5.446149424303114994e-01 -6.536348102973488228e-01 -2.311025955179744074e+00 1.612270166329735632e+00 -8.066144780871330466e-01 5.578842984018901330e-01 5.802010424566084179e-01 -1.205816657263247604e+00 2.658217970743028888e-02 5.027167118839979132e-01 1.543222442929541360e+00 8.876205447356112499e-01 -2.043524451629210148e+00 -8.091574890335609949e-01 -4.356840411002705915e-01 2.184810205387808235e+00 -1.078418845822079364e+00 2.213262490258554482e+00 4.471938539950633951e-01 -9.944689448154769851e-02 -5.739919980605655558e-01 1.727833950043427658e+00 -3.516265071210256110e-01 6.138416441978338245e-01 -1.908246190784745611e-01 -9.804108624368398361e-01 -1.731564657935207308e+00 1.835546268608586329e-01 -3.848653123656310959e-01 -1.206347268481845258e+00 -1.920361101716722141e+00 2.045926170191374877e-02 -1.350048944110956661e+00 4.110609535751001409e-01 1.592783440582580479e+00 1.909133370539189301e+00 1.755213956371590278e+00 -2.718145079798728880e-01 1.290007650481769907e+00 -2.322391136765278585e-01 4.286829400897668729e-01
-7.230388520939100561e-01 3.906767273549013320e-01 1.659681914179194528e+00 8.739210795961930289e-01 -1.180211909365516343e+00 -2.088846157031776507e-01 -5.496709049491689258e-01 -1.252879956229945968e+00 -1.276760826792395553e+00 1.881156345767686977e+00 1.108226759065775724e+00 -1.751993829467467068e+00 -9.738988453701948877e-01 9.087316054053692360e-01 -5.092261695047759495e-01 -1.023400037226709580e+00 -4.122733011214182453e-01 -1.073038534599511262e+00 -6.014106165854574693e-01 2.221783101436889396e-01 9.493626024087553628e-01 7.041861977188088595e-01 -1.358963601037817881e+00 1.148474539483206325e+00 -1.618726821216159018e-01 -6.274259191128519486e-01 6.176118088279481944e-01 -1.449028478594718283e+00 1.011090266796885295e+00 -5.998014647245059061e-01 8.627753600005386714e-01 1.661832805044397565e+00 -8.506883783893228745e-01 2.078303692496805410e-01 -1.271876314982766099e-01 2.794766216015872606e-01 7.187293084534026599e-01 -5.315612098223395643e-01 -8.802474247325398071e-01 -3.768721888201101433e-01 -1.157681644913729269e+00 -1.256324386866363718e-01 -1.402235417652511140e+00 2.424667056026508671e+00 -1.956042397283128453e+00 -8.973390649404052732e-01 9.896151061570137575e-01 1.096456088547759000e+00 4.543186379382889717e-01 -1.018280001547664515e+00 2.238236941732065333e+00 4.062535668674176481e-01 1.295959831407577978e+00 4.690021184737941384e-01 -2.195325485414313604e+00 -1.221724950737218096e+00 9.634135531369033556e-01 1.073413817527762715e-01 -1.255465176502405411e+00 -5.347393613540544210e-01 9.595060423948914563e-01 -8.072007767284536950e-01 -5.354327512839025457e-03 1.752423240469237475e-01 1.840240948864032111e+00 -1.822233145442316182e+00 -3.747303282315119777e-01 1.765640432627179068e+00 -2.146116362683465617e-01 -3.093154762888434828e-01 3.591240164100568122e-01 7.872222257915072463e-01 -2.997186464277903917e-01 -5.019402251224188705e-01 2.387678161964288948e-01 1.881890522899749008e-01 -1.118327399820396861e+00 3.862198294218989747e-01 2.241226245506284798e-01 -1.359183778122394548e+00 1.093890145153034954e+00 -1.254318682519854011e+00 -2.925112770612587898e+00 6.545776030266915457e-01 1.227245042070623793e+00 4.011701799126594081e-01 -4.087962385093361073e-01 2.152571963193328219e+00 -1.971940713641750831e+00 -5.828107847384366158e-01 -6.830335287807944855e-01 -2.141849575490944457e-01 -6.704067399448979669e-01 9.631119730409659629e-02 -8.619003564934263339e-01 1.120102579774370444e+00 1.421439490223250557e+00 -7.946444112434720985e-02 5.991156629245997234e-01 -5.809290871118152344e-01
1.636052508004416595e+00 1.812749919513716668e+00 -7.613898473672250367e-01 -5.681278520062139625e-01 3.944733729913502129e-01 1.069729100925343790e+00 9.527901218362786473e-01 -5.374734651177140998e-01 1.320992360964894585e+00 1.533415813084375301e-01 -2.084230575970154486e+00 1.774911595556343535e-01 1.192401982155816831e-01 7.482001055892764096e-01 4.877448835942332361e-01 -1.655868470455435837e+00 2.135546790055392385e+00 -7.223382644493060445e-01 1.059154634009620288e+00 1.232452468087848141e+00 1.758558747009512646e-01 -5.501095494379791839e-01 1.234193212283664742e+00 -2.356289323805783320e-01 1.132309277330955766e+00 -2.282110726210579976e-01 -1.408338818232373724e+00 -6.248495252044404188e-03 -5.583586459658740342e-01 -4.583440703704218522e-01 -1.944667052593754830e+00 1.670835397527767885e+00 -1.916199822558658949e+00 1.281609226148027469e-01 -8.237712384169664226e-01 8.176927677472601852e-01 3.812191221609589342e-01 1.681483934367288824e-01 -2.210103058317921254e-01 -1.354403007375325929e+00 6.440065066349197620e-01 -2.013423121973135499e-01 1.019051106180298483e+00 2.119941350635085042e-01 -3.712108787327185744e-01 8.459826279748294819e-01 -3.233433590065814545e-01 -1.384492526886040575e-01 7.217519963053604659e-01 5.016541152022537808e-01 1.086520599839848833e+00 -1.527824883344304774e-01 1.344943729221772521e+00 -4.040580757597281858e-01 -1.385263744087233129e-01 -4.777312769264864811e-01 -7.957270626342360931e-01 6.938478401292863182e-03 -1.721710874272524006e-01 -4.357308250719896803e-01 -1.378677754918181453e+00 -2.898766920194893459e-01 2.390176917032977855e-01 1.609445586743129875e+00 -2.838761118456585297e-01 -1.323764690965107071e+00 3.431840837084291773e-01 2.094259046368508681e+00 1.123180585179781865e-01 -2.679716839636890335e-01 7.836872105839873814e-01 4.089537823280544604e-01 -1.175898529106426255e-01 2.829016337289850247e-01 -1.041872483214469208e-01 -4.509242742433526296e-01 3.962294088383883084e-01 1.985302974512163754e+00 -7.380468538227260566e-01 -1.430918789279130854e+00 4.647213018687923469e-01 2.074345468046565166e+00 1.045977298150870149e+00 1.396850712129511507e+00 -1.267229841599415208e+00 1.507510925056472439e+00 -2.064110886446809179e+00 3.616810294882817911e-01 -1.230716974421534049e+00 -2.211276806939120598e-01 1.227790040369162394e+00 1.387721958754667861e+00 -3.449507919673421852e-01 4.469097061000943394e-01 2.730774678250167953e-01 -1.495034280387088077e-01 -7.021920743763770956e-01 1.531363133112758623e+00 -2.457427016672969478e-01 9.245967586739533006e-01
-9.957411079525925190e-01 -1.472293430213165166e-01 8.915459026685241817e-01 -1.179676444285328252e+00 1.107432763838986700e+00 6.638116425355352623e-01 -7.403415422227781484e-01 4.263396360074334090e-01 -1.276343602014875289e+00 6.274455681929613782e-01 -2.437477713159611759e-01 3.214146684279624577e-01 1.018042673297484990e+00 4.189480785263307583e-01 -7.653816139075134695e-01 -7.535502584548167126e-01 -3.961935012710382509e-02 1.668348857694288701e-01 1.500564787463192218e+00 2.579904700046394828e-01 -1.294612105151479176e-01 -3.282302996408132945e-01 6.701211677046270410e-01 -2.938166834765362778e-01 5.256103010662628305e-01 -9.033543129460809284e-01 1.842159667231355880e-01 -1.026212566702485729e+00 4.074922717717254228e-01 8.121041438271885404e-01 6.663499813588896759e-01 5.981343053760556083e-01 3.843376571920926188e-01 -8.629124661392229001e-02 -1.442103636413680334e+00 4.001343781565067093e-01 2.220341744292414210e-01 -1.330962601446166182e-01 3.967230658681240585e-01 1.104566140846132027e+00 -5.016845522012354230e-01 -4.383406644977747568e-01 4.993467403193128651e-01 -2.647951248754861764e-01 -3.262877166846633870e-01 -1.143084901037094037e+00 -7.115991159297722080e-01 -6.992314752022696922e-01 -7.546003673659461405e-05 8.263967640318360397e-01 7.189892777798851942e-01 4.062729900092842406e-01 6.533705299761183305e-01 -1.111895093067003293e+00 1.548205379654464586e+00 2.242464840810990179e+00 -1.047998600432862970e+00 6.969949206691665733e-01 -1.430467862812062174e+00 1.008834435650482586e+00 3.277661896787160689e-01 1.151361437077584426e+00 1.242542366862801114e-03 1.057857795486531360e+00 -1.633372166357608624e+00 4.517804761623714360e-01 -4.187897978687127876e-01 -1.825848104229415236e+00 6.772463891373676770e-01 -8.196776302714184337e-02 1.561395200331179511e+00 9.459662704293573254e-01 -5.930338294347553552e-01 5.256002698444678378e-01 -1.964904528392048988e+00 -3.270517286247707350e-02 1.274903919972770749e+00 1.228449090560639750e-02 -2.757399610121338829e-01 -1.963844931479277411e+00 -1.790473890371689025e+00 6.317928957556077085e-01 -1.448094019253841402e+00 1.838239833381295929e+00 3.013192468137327884e-01 2.104379388930829098e+00 -8.190869042357390439e-01 9.479383721494503146e-01 -1.033769617653612194e+00 1.538092208555006168e+00 -1.842070694064888992e+00 -1.770183563587114095e-01 -1.190592321167380091e-01 6.510718803004370558e-01 1.269536345789345821e+00 -1.341493295755620263e+00 -2.933328834751475767e-01 -2.424589014124008124e-01 -3.056989741342672318e+00 1.918403017196493643e+00
-5.788276942638657108e-01 1.847446256709052159e+00 4.537392736575266983e-01 -3.024502435045341442e-01 1.402557686708797213e+00 1.212354377194999611e+00 -1.613474170058744495e+00 -5.739664197089439091e-01 4.248940940252562415e-01 1.257544466272893846e+00 -1.065342549531250294e+00 2.763561726264406326e-01 1.680134551564606227e+00 -6.793346587288642269e-01 -1.296973243711993518e-01 -1.930931213643813704e+00 -6.076377585169246975e-01 -1.952579766781300519e-01 -2.077402947250620802e+00 4.226479916889201993e-01 2.001614299098423810e+00 1.385914299652505566e+00 -1.104684715952701790e+00 6.770976064864785426e-01 5.601605035369012775e-01 -8.153683286101141015e-01 1.004914243698676213e+00 3.618008017291485245e-01 -3.404870936113721935e-01 4.623869783749573470e-01 -8.667801794063675347e-01 6.532703692686585573e-01 -1.956438352014173265e+00 -1.284740225499629018e-01 -6.955286567011988996e-01 -1.251780802772454182e+00 -1.501089167139905978e-01 2.146636348157611451e-01 -1.950097828478465578e+00 -1.338659180562147943e+00 3.712243963624203280e-01 1.428753177129217455e+00 -5.928179366857706523e-01 -3.124486911593774008e-01 4.845124650295815766e-02 1.360013379129405009e-01 -4.380528811248827759e-01 -1.515451576409816148e-01 4.015874441899521252e-01 -2.223505992565543821e+00 -5.746541164465069906e-01 7.862098143159871322e-01 -1.393821650149301039e+00 3.592616907260609005e-01 1.170900301059196513e+00 6.786609966074562683e-01 -1.259205880695936919e-01 1.505808223849382788e-01 -8.844746987422360540e-01 -6.205213783112040193e-01 2.272898236868858002e-01 9.222644885761519529e-01 -2.153544708491561988e+00 -3.657566850212473630e-01 -3.758421273486032832e-01 3.299385845046618471e-01 9.819940612670743363e-01 1.105913038851748187e+00 -1.613715676884666772e+00 1.561587234568456273e+00 4.065095509354771375e-01 3.592438155232659525e-01 -6.144356721679561373e-01 -1.691655527192999164e+00 7.587010323673516465e-01 -6.822734152018761211e-01 -1.038534419060351155e+00 6.351112749392325840e-01 -6.000255436147189370e-01 -1.591336020512669758e-01 -4.176164243405550147e-01 1.141486536044511668e+00 -2.043017917293593388e+00 1.250357428052948638e-01 2.036079478484748850e-01 -8.847271532273881522e-01 -2.687723731163442834e-02 4.418165880235484511e-01 1.003998060482517829e+00 6.828406927052117492e-01 3.260448855102127674e-01 4.253840365235186383e-01 -3.428253659060908731e+00 -2.963356717897125403e-01 -4.399379010928077816e-01 -8.671646854828144457e-01 -1.004401293191245492e-01 1.018333997092414123e+00 -1.266473168460677146e+00 1.668387028332344035e-01
1.334833923015389667e-01 6.720244942049414805e-01 5.467054332639927905e-01 7.790014010476238315e-01 -8.097278176291805574e-01 -1.334835075026895579e+00 1.554737308079724212e+00 -1.595272440938352743e+00 -1.260743591729177160e+00 -1.466780449749021997e+00 5.924364065170966143e-01 7.284607956654196581e-01 8.717018085899673474e-02 -5.719147570556813026e-02 -1.690797697904625085e+00 3.108206549301982813e-01 -1.747370327332908868e+00 1.308412944557445945e+00 -3.555049284729308035e-01 8.076405448751744487e-01 1.049317877930282111e-01 5.046620633911939047e-01 -1.182779251436861134e+00 5.767927162452132078e-02 3.162740787201505088e-01 -1.766808948506616295e+00 1.464752745577806214e+00 9.433639472616295318e-02 -1.949301393179887210e-01 2.256212899119686977e-01 2.994424739467577840e-02 -1.199705433404429256e+00 5.004684924528111090e-01 -8.420706361065415091e-02 -1.450030493906744600e-01 -3.821994914648941810e-01 5.881509989199990018e-01 2.653656122269651085e+00 -1.101910371135118805e+00 -6.084433922396388361e-01 -3.408313620698986690e-01 1.970703616338703168e-01 1.129964570646097011e+00 -1.078691259276868708e+00 2.615225686120209447e-01 4.735630663054071765e-01 -9.398009513532711301e-01 1.220977583549676782e+00 -8.528985819427251647e-01 7.383684356100127522e-01 3.424428555182780221e-01 -8.986157790339824869e-01 4.696262442623223149e-02 -1.589909850889583254e+00 1.219984037484529438e+00 -4.822388632765955419e-01 3.156669003447210020e-01 -4.785193833398573848e-02 -4.541445410006601513e-01 -5.567738740041221490e-01 2.533209714722279848e-01 2.725958070300799063e-01 -1.201094164679383514e-01 3.597900790823266304e-01 -1.398975328293958098e+00 4.023335881931671132e-01 -4.584301761714225376e-02 1.601720083791912330e+00 4.742273294967458974e-01 9.971158733838602073e-01 -9.515339515517358127e-01 2.847322390593642893e-01 -5.814102441465685001e-01 -2.872044441836151332e-02 4.386287320407401547e-01 -4.820791879519292222e-01 -1.852804468577166630e-01 -5.657799979177071670e-01 -5.627390119266302282e-01 -3.088370863143828360e-01 -1.627507509889951409e+00 1.554350926485758011e-01 -4.511716579075696343e-01 -1.752106611288715421e-01 -2.264053573497920580e-01 4.109746670403404134e-01 1.462369811935759767e+00 1.491743634521498219e-01 -7.740548910514097880e-01 -1.736122255558295857e-01 1.082448454558841755e+00 -6.004239883409577816e-01 1.086844491180845695e+00 -1.448068066613817262e+00 9.266812456427964140e-01 -8.547646936517112604e-01 3.242324587111010681e-01 -5.574018112779265399e-01 2.029759983597790307e-01 -1.942752369250303479e+00
-1.954425488772481012e-01 9.918942366285273815e-01 1.163220509381769130e+00 -6.293839179219403723e-01 -6.150467276011976903e-02 -1.329190457654054747e+00 7.230953913635013164e-01 1.449334387713439698e+00 1.241064022621106266e+00 3.665478701624764746e-01 8.230513313155494171e-01 5.160126774188842358e-01 -4.456601090331908654e-01 3.856466131665568509e-01 -6.877930746670102291e-02 -3.097820389628985760e-01 4.174549663702451507e-01 -1.009026609317186240e+00 -5.101225798738897588e-01 -6.431241918253228773e-01 3.356394102087226217e-01 -1.720259547372270936e-01 2.078396659900817678e+00 2.183054838745715487e-01 3.703288777258654241e-01 -8.463600426907530450e-01 1.393046741084128515e+00 2.370340563183007399e-01 1.375206074617998819e+00 8.676295368919707540e-01 1.165798569626346648e+00 2.580543077286768794e-01 7.133151196975958674e-01 -3.699372535744564483e-01 -8.255012247236410694e-01 8.401329778526361869e-01 9.894537979683822870e-01 1.032427327309378251e+00 -4.746316865007915164e-01 -8.775856328494303638e-01 -1.411761516633253388e-01 1.434061501967986985e+00 4.469886744755963148e-01 -1.077463240458520932e+00 -1.983640581843859052e-01 -7.119198957854122600e-01 -1.081961599414464903e-01 9.665842387261283086e-01 1.015285075860892089e-01 9.353800427507711346e-01 3.414108728209890309e-01 -3.168853447649999100e-01 3.975111366186310780e-01 4.815324280103230187e-02 2.297693168665099206e-01 -5.319229916742203024e-01 -3.619627031373419124e-01 -2.762539818091737320e+00 1.752188056238925151e+00 8.056124122897359574e-02 1.502866826006478362e+00 -1.400991662471591903e+00 1.105131494969446848e+00 -1.123505600998249587e+00 1.224553159793973167e+00 1.491723321127942592e+00 -5.028255702924337989e-01 -9.442113687998507920e-01 -3.793606014877335397e-01 -1.636742798786497310e+00 -1.769323326425905896e-01 1.638156863189347945e+00 -3.270371790573339266e-01 2.286023548046718645e-01 1.775548639011951035e+00 -2.224412502544490966e+00 1.394369499024892489e+00 1.778816841775520574e+00 -9.915298020092900844e-01 -1.895143204058340469e+00 2.146200151743606621e-01 -2.408346505494131096e-01 -9.243677225535141817e-01 -2.064112738452895598e-02 -8.268487349607541725e-01 -4.394418078654228066e-01 2.891900357684596412e-01 3.179782374622809327e-01 3.578730613127049931e-02 1.034371767642828344e+00 -5.069263417072218392e-01 1.228659002410514178e+00 -1.079649903088907958e+00 -1.503665058315266645e+00 -1.673597829487685484e-01 -1.838888758169562043e-01 -1.003073346918885944e+00 -2.927183066754823204e-01 -8.306048306557419769e-01 -2.715024647058101870e-01
8.255827312766482740e-01 1.121558798865103457e+00 4.920125117489416722e-01 7.590026258465767395e-01 -4.421638541479214202e-01 1.284844684247175017e+00 8.012603906992313840e-01 1.025196144566110856e+00 1.114998039889666809e-01 -3.345405460927356467e-01 -9.753975682410976900e-01 -1.623598901989359578e-01 -7.025576782014528732e-01 -9.105043263402152753e-01 3.027494998084380717e-01 1.086861454367628710e+00 4.203900306578920443e-01 1.064260504283239595e+00 -5.772958150433611380e-01 -2.663396782833470922e-01 1.766161934902743758e+00 -6.637513886639249128e-01 -1.490738777095454159e-01 -1.460971313601125594e-02 -3.039844558247072892e-01 3.007118460078028188e-01 -6.098441468851379943e-01 -3.817090287753794331e-01 2.230829138910136178e-01 2.444591663389559244e-01 -3.610458647547027528e-02 2.213145092577668116e+00 -9.341644590371148693e-01 8.616314964321708514e-01 8.620440123190761250e-01 -1.116982627877033396e+00 -6.859535165744720109e-01 -9.588661119521204590e-01 -1.201371540022535545e+00 -1.615502996612492970e+00 -1.124542923240026138e+00 -1.249146497129393740e+00 -8.957557912590180527e-01 -8.541986148418791169e-02 2.751435316105849682e-01 1.179227373657080635e+00 -3.184376571039387649e+00 1.369891430558255019e+00 -1.074832533613579111e+00 -8.993652276689712011e-02 -1.767273793462344589e+00 -2.255042088149011581e-01 5.743706483651098704e-01 -1.329966509089971938e+00 -3.302212471695886165e-01 -6.206113262855046386e-01 -4.576096659140149181e-01 -5.981996052322744450e-01 -3.939838364293323791e-01 -9.243292683089568973e-01 3.084507359971564444e-01 -8.863729740066775831e-01 -2.524923482137026998e-01 1.422358208432569882e+00 1.291640974383278795e-01 -3.352496669706648835e-01 1.846637309576836694e+00 7.296567690957662666e-01 2.423712422958881785e+00 -8.708458114141320872e-02 2.586140251463892037e-01 -8.747087683075864539e-02 5.901191942752621600e-01 -1.219579556980987523e+00 2.727879470326670108e-01 -2.691584069706969728e+00 1.567779749474163653e+00 2.650303783190047224e-01 -9.294123375043266133e-01 8.855874055679284762e-01 -1.557180395273513263e+00 -2.252236862680765839e+00 -1.051778233631220472e+00 6.597818154210964570e-02 -1.107854899014728112e+00 2.513529577126556447e+00 -2.958595741679471702e-01 6.112695602997895161e-01 4.257563826539005891e-01 -2.117223388142171481e-01 1.512358385168065533e+00 2.036981433584445167e+00 2.593256599757289838e-01 6.262423732021529243e-01 1.529506761855945030e+00 -1.532538011682930135e-01 -8.923754448239085146e-02 -6.286351672190504392e-01 2.160954776641476727e+00 7.974586823850174921e-01
7.151027735744549529e-01 1.510537357166933381e+00 5.339139683864084773e-01 1.093706548480442020e+00 -5.386501756762398507e-01 5.823798055193128986e-01 -1.677764871019862492e+00 -3.477113140573701716e-02 -1.943193576091009289e+00 4.058501287259955181e-01 6.802514492476718910e-01 1.357220789863204047e+00 -1.386823432190640304e+00 -1.810851810554250929e-01 -6.580861271667959311e-01 4.767510466937871505e-01 -1.603661115972208617e-01 -1.522472452045628533e+00 4.381096320128386457e-01 1.171832630194090674e+00 2.319066086044555330e+00 1.188634542568849595e+00 1.173412902601847607e+00 8.396664935137825303e-01 -2.953291317905986091e-01 1.539478368853490986e+00 -1.034012265165944022e+00 1.102609030066693085e+00 -8.271035697522868824e-02 1.397644077359790904e+00 2.179845615482624843e-01 -2.545376538897632934e-01 -4.904849132348050311e-01 -1.606192029617534045e+00 -2.504385123731044382e-01 -1.512182556257395116e-01 1.664202094347895788e-01 -7.189740185900982405e-01 -8.230316017915877413e-01 4.778854281560892536e-01 -5.734303403342714267e-01 3.735443367184753671e-01 6.061275222878728108e-01 4.838932498232196844e-01 4.478501242376515812e-01 3.218765412045620500e-01 -1.295371987086558319e+00 3.556849319245591889e-01 -6.971725249409449487e-01 7.278720713608362036e-01 -1.256619085258940061e+00 -3.499210902011051783e-01 8.317401052329470579e-01 -1.973573891602771746e-01 2.169755744168242018e+00 4.662145161317722275e-01 6.957898033715422814e-01 -1.394431453123909481e+00 -8.627896032838141549e-01 1.349069420081151049e+00 6.566490381321444803e-01 -8.118075116152100312e-01 -3.345786937096921210e-01 8.583626196069646941e-01 -9.252225260246580429e-01 1.720773129228858889e-01 -1.284735503143099866e-01 7.838738839210541709e-01 1.651996826012575026e-02 -6.623158513886265863e-01 -1.559009980788800820e-01 -2.815059232839810299e+00 9.484338728016042941e-01 2.523108320854265507e+00 -2.919374556960190881e-01 -2.490859722560661460e+00 4.680273789258580508e-01 -3.436829068108560037e-01 -1.428206889287391368e+00 9.694024573396654576e-01 -1.026410221542895185e+00 1.097896202262208298e+00 -2.216860926000784549e+00 -1.681928699550890416e+00 -3.754967533336177610e-01 -7.641135679900699085e-01 1.500304596651072186e+00 1.256950833639235432e+00 1.685726806635261532e+00 7.226589610248272955e-01 9.407105139307778696e-01 5.942831956808624083e-01 1.862238678701603201e-01 -6.560663383230104229e-01 3.795916874112637562e-01 -3.199521762016055981e-01 -8.162985180551680653e-01 -5.998232292160746715e-01 1.472026284207430535e+00 9.468417889098397211e-01
-9.320780446191284652e-01 1.826492260456354266e+00 -2.301154895433765446e-01 -8.385994036559757392e-01 -9.702074260715862764e-01 7.149629023146243378e-01 -7.777704057096923584e-01 4.249139861146690178e-01 2.211649661768956832e-01 2.109350988264678595e+00 3.129825714481660470e-01 -1.100590881762759210e+00 1.927627930324505412e+00 9.123673802965679425e-01 -9.158428924198711574e-01 -9.079084284196472510e-01 -6.052623775679895068e-01 -7.101972869435201341e-01 1.709643608540809323e+00 -7.293950726675854090e-01 1.146452923576586569e+00 -5.804366793871005292e-01 2.010696469347728499e+00 -6.706035430437047307e-01 -9.786223101234275967e-01 -4.774126396522092308e-02 -1.408044602411565815e+00 -4.704032601210085263e-01 -1.540518145681872397e+00 1.687658040225122447e+00 1.621492277830097750e-01 8.883764711462410757e-02 -4.925844864864916128e-01 4.584324160540367288e-01 -7.869958386285212937e-01 1.919840605147233425e+00 -7.030661545088783271e-01 -9.391127918025017340e-01 -1.394823221436650940e+00 6.991203947250149708e-01 -3.321111096719199240e-01 4.030882699404290670e-01 -5.552073484471606868e-01 1.250836226176304633e+00 -7.352017563480711670e-01 1.001684785356499463e-01 -1.653572521026831499e-01 9.898605084933852494e-01 -2.724673426354095804e-02 1.012196646232834230e+00 -1.137345561384607073e+00 -1.988969891425585113e+00 3.836326594803957657e-01 -9.303749845708616517e-01 2.835401543903964816e-01 -2.287348914315772419e-01 -1.198140114757271224e+00 -1.027267732405922285e+00 -1.525053934878691786e+00 -1.955038007400727862e+00 2.993673956600048647e-01 1.159073576765778518e-01 -1.274368202143482787e+00 -1.048946195448251073e+00 -6.096158040945747203e-01 9.567636856192287542e-01 6.293975811600083237e-01 6.610796278878950938e-01 8.530418281951037685e-01 -1.332271317347050454e-01 -2.084225240326587902e-01 3.129507904110437333e-01 -1.004685197682068987e+00 -1.428739889555442621e+00 -8.007885944137865808e-01 -3.142559527264975339e-01 5.783137591318987525e-01 9.535197168311191351e-01 -1.412194376696784825e+00 1.141900245668243441e+00 -1.607600916015659465e+00 9.692959598102295349e-01 -7.949570564402910211e-01 8.313291335792009074e-01 -8.344585577998850923e-01 8.764300809514523616e-01 -1.382300760317330290e+00 -1.351052160821830661e+00 2.583830855401190729e-01 6.354977983235110539e-02 -8.702388166443192352e-02 5.993405687852497721e-01 -1.220837213089947415e+00 1.402861955581100398e-02 -2.289835704092023361e-02 -8.245130779393864406e-01 -3.302976724605133363e-01 -9.927473986361903258e-01 -1.217241345361404159e+00 2.174593640383721826e-01
4.409329790427197748e-01 3.352721875427668308e-01 -1.902297986084702464e+00 -1.791119258648625978e+00 2.314411659511638464e-01 -8.989121515302954668e-01 -1.576154292073985053e+00 -5.073697202696183517e-01 9.070539486871621593e-01 8.316483893274257966e-01 1.606213479926443533e-01 1.359500271976365582e+00 7.914549608461199925e-01 1.894682914894337156e+00 -5.012312167380821304e-01 1.973092234053720695e+00 1.167084269969469235e+00 1.390089896498310829e+00 9.458404018684507530e-02 -1.180179058930706626e+00 4.166473249102021215e-01 1.703657822398629174e+00 -1.184956234710128446e-02 4.792217028839659831e-01 1.207971945114640455e+00 2.301701603934656545e-02 -1.512063721678809314e+00 1.626379918557389059e-01 -1.616326225576370179e+00 1.068040591272892526e+00 3.435922589769933588e-01 9.520634184872792671e-01 -8.396624760964771506e-01 -8.928408643915668463e-01 8.088598845228410772e-01 1.696309498126945536e+00 1.324825253816793946e+00 1.743526638066541512e-01 1.054060815548161667e+00 1.329744398996669519e+00 -1.423414914276642795e+00 7.075452584916080978e-01 -1.342476074445898560e+00 -2.189003097416119814e-01 7.030724769728040613e-01 -6.662425866832883958e-01 -2.895620880808520425e-01 8.950329746475200743e-01 -1.375482189581839432e+00 -8.017449343500983039e-01 -2.891846630096363002e-01 1.769866406847418805e+00 8.727672100518309994e-01 -1.361738276384512947e+00 1.139621287922487181e+00 -2.686874457891635926e-01 -1.852976125054623946e-01 1.043597211604847086e+00 -8.044311472144384245e-01 -2.021299442266592111e-02 -7.952748427344532578e-01 8.575746799509709195e-01 1.582494527460318601e+00 1.021739350987354994e-01 -1.077133896008606179e-01 8.832038092349414615e-01 7.909139445688526671e-01 -1.433434901011249485e+00 -1.007879537646237667e-01 -5.279913030211911273e-01 -1.759884208418375895e+00 1.435236967194022384e-01 -1.700201102749850479e+00 7.758925915761026859e-01 5.706854051938494710e-01 1.510338251960705369e+00 3.332377525770445215e-01 6.441075604576392832e-01 -9.822527277936405898e-01 -3.113054869830931826e-01 -5.076029722206446548e-01 1.216904512916746478e-02 1.597634861997324351e-01 -8.099514160468401780e-01 1.151663636717979555e+00 1.142434398474908797e+00 8.364715310336313658e-01 -2.367447117029935350e-02 -1.652249975511677738e+00 -1.612676682239081449e+00 1.198020539114775795e+00 3.183381855454829323e-01 2.621846440968114700e-01 1.006643846153550514e+00 6.741482763423281011e-01 9.384209738394781730e-02 2.557350656789336707e-01 1.909260968345617704e-01 1.144932302465307750e+00 -2.948687960056002311e-01
-2.003162580816850169e-01 1.017883955828570164e+00 -1.377052842484750572e+00 -2.133278214477578871e-01 1.916675507034819315e-01 -1.941714192426158725e+00 -5.444351009546282150e-01 2.194550906027929127e+00 -1.828391763257044833e-01 9.271106856823611020e-01 5.803430795247959129e-01 3.572179213563931865e-01 8.272201173098352456e-01 6.766434160342288048e-03 4.287127957886653906e-01 6.583317958631046407e-01 4.911695706904972702e-01 1.291885008252366518e+00 2.667965321481720609e-01 6.929382813868679714e-01 -3.833134548729374286e-02 1.542381574248961940e+00 1.763058282841557523e-01 -7.059597570176064929e-01 -9.349064823950702097e-02 2.057469096826670452e+00 -1.180798050660446075e+00 -5.863459483427796437e-01 9.104275495355292902e-01 -5.738777927552918268e-01 -3.872362745368340131e-01 -8.574981951163185290e-01 -8.757373904459587743e-01 -7.532157433481212472e-02 3.251475287209797949e-01 1.699575643925344215e+00 -2.760386787486189542e-02 5.030047655650958793e-01 1.778433916912570689e+00 -2.080933529562965401e+00 -5.649050624648749297e-01 -7.193597613591171669e-01 1.408749588541461817e+00 1.085205837903801429e+00 -3.830043583560862608e-01 1.713606938861555185e-01 5.562738974545570203e-01 -5.603029171323623547e-01 -1.126760198325667206e+00 -2.304173064167609197e-01 5.202641814791990615e-01 -4.101502453489992983e-01 -2.468172374919291590e-01 1.078044645058164219e+00 1.374342422551627918e-01 1.688658031403020843e+00 7.730289931252318780e-01 1.388075311449137539e+00 4.141228092303672059e-01 -9.343883008226457898e-01 -1.356569112997482174e+00 -8.245336063374498758e-01 1.236873485554137037e-01 -1.241445716753237560e+00 3.458843082205961816e-01 3.110727803550148440e-01 2.257184402653107824e+00 -1.471247926418323138e+00 -7.638837908315697645e-01 -9.088775889912967809e-01 1.908993863848293393e-01 -3.386841369992842354e-01 1.588343697482963224e+00 -4.385761313732718381e-01 -7.256843423852862296e-01 8.311206242896664875e-01 7.228564353752857663e-01 -7.889953413894887913e-01 1.706599745882122265e+00 5.529388451904910795e-01 7.064059137787949139e-01 -1.099217878620637023e+00 -7.019696500298727715e-02 -7.922566068836633946e-01 1.331669041123953567e+00 -8.188134117045606786e-01 -7.532589605292810964e-02 5.711880901553086920e-01 1.190274491592688388e+00 1.800285360222712239e+00 -2.207419495622627625e+00 -2.651879368378373680e+00 -2.682341148328763469e-01 -1.244919432055817454e+00 -5.979331081248133728e-01 -5.271725185742884845e-01 -3.392139258334053720e-01 2.200689602678690404e-01 4.008153719929960501e-02 -6.920723848655381538e-02
-1.715430288687789517e-01 -1.753585259103874305e+00 5.062452222590425599e-01 -9.179088547423178701e-01 -5.156314197839555469e-01 -6.604083024251289347e-02 1.264862517345034743e+00 -6.046299808396987663e-01 -9.143447032759818294e-01 1.511387351265393586e-01 1.256685810172445183e+00 3.220494329854369786e-01 6.747150992557540139e-01 -1.146716107429937237e+00 -9.371637850205888354e-01 -6.780278364391317814e-01 1.219573713957248673e+00 -2.622022712066693351e-01 1.325638577839489907e+00 2.056564103905195728e-01 -6.998220396549009736e-02 -5.127593711194308179e-01 4.201723010277547132e-01 -1.408373758770910200e+00 1.442905001739480442e+00 3.606269081385131137e-01 1.262620492563045760e-01 -2.065109740936118321e+00 1.969097683507538221e+00 7.966035440059276995e-01 7.373572452606552696e-01 -5.212816618493983922e-01 5.051184435479456614e-01 -1.484867692577004794e+00 3.662821365981295263e-01 -3.028745440973017455e-01 9.365821011948771702e-01 6.511437924689413848e-01 -7.694581746906076214e-01 -7.477630873998632188e-02 1.338641835482003106e+00 1.126556219441705364e+00 1.200261284106404425e+00 5.332122120150161182e-01 -4.690172607550049388e-01 3.331479261580274076e-01 1.330949106052847497e-01 1.403047529888159950e+00 -8.557006558853892386e-01 1.181298701289743791e+00 -5.731710262638554099e-01 1.291221915127658937e+00 -1.887990079049900238e+00 2.417576817100152375e+00 2.006445602899097902e-01 -1.149751980464536416e+00 -1.122790039607183266e+00 5.231769498964213838e-01 -5.782206014588100462e-01 -6.472041897549758449e-01 2.157699521066358983e+00 -4.059510673908596212e-01 -2.184435441068973971e-01 -1.618044505162357649e-01 -1.221525156216973329e+00 1.116640836246703516e+00 3.178188929170402965e-01 -1.894056744700609307e-01 2.045048992480580363e+00 -7.301778593936502082e-01 1.370987600386856187e+00 5.777349483580739298e-01 -8.629452290653981672e-01 1.152520740423957468e+00 -1.004754268068267953e+00 -8.844703348616271832e-01 5.673873257561657946e-01 -2.359675905262005602e-01 -7.398697449236490975e-01 -4.125434007371498457e-01 -1.535446650222756393e+00 -2.034712495410634592e+00 5.794984522200558041e-01 -2.261761029421076596e+00 -8.912242760055438806e-01 -1.953535522903319999e+00 5.944538461948508656e-01 1.922484296717154040e+00 -3.576679893366528362e-01 2.662728827895729511e-01 5.608548654346978690e-01 -9.103326867174138526e-01 2.272422330274406654e+00 -1.553641127159806734e+00 -5.025398365023454605e-01 5.672086821295170278e-01 -4.754572338232611051e-01 4.796964704176413519e-01 -1.320556051371811757e+00 -4.843523224647794945e-01
1.772486174813258986e+00 -1.677582301915857999e+00 4.121859741057267712e-01 1.575255887003411459e+00 8.464211246657971088e-01 1.369251377361280664e+00 5.843770816658228062e-01 7.854854267695839942e-01 2.056091345023479011e+00 -8.865585387233717585e-01 -5.692582252261186859e-01 4.865177115277762310e-01 7.729151995493569460e-01 -7.134740733380520172e-01 -1.552367559796190122e+00 -2.217127467152173736e-01 1.160340036739876846e+00 8.646915301003285648e-02 -4.738350904914432338e-01 5.164687266979509639e-01 -1.188174927930851554e+00 8.481253367771981466e-01 9.090196631667979421e-01 -2.644366480703632671e-01 -9.751136204355383974e-01 6.208989213798529194e-01 3.919923313766103812e-01 1.736416713096394226e-01 -1.704213388802454099e-01 -7.323760580962177524e-01 2.289708906658108334e-01 -9.290199490571816598e-01 -7.701896394414315949e-01 7.935483612169544898e-01 -3.435153580567134601e-01 -2.082824152085116232e-01 -8.036283331050956269e-01 -7.549429044089863705e-01 -1.168099820656112175e+00 -1.594093721764459293e+00 1.116045977967852876e+00 -9.411648147078154336e-01 -2.257853697347124822e+00 -6.219189484766720621e-01 9.568309172798590279e-01 1.268502028366630618e+00 -1.006877535167247650e+00 3.905621646437086869e-01 1.101239559849554350e+00 1.134072887276863728e+00 1.073031768379640427e+00 -1.073461371943823961e+00 -7.253550512450426258e-01 -1.800975123816966894e+00 1.596333286004892327e-01 -1.125330056476924190e+00 4.927586136745967238e-01 -6.881636248160277747e-01 1.024082800808036486e+00 1.568406890906218321e+00 7.470914602862800680e-02 -1.203249095562419546e+00 8.524694538677913824e-01 5.944743664315876863e-01 -1.019691899352480613e+00 -1.747589757642929453e-01 4.461651901810588239e-01 -2.035317328994837860e-01 7.596806403506056737e-01 1.848883906378959274e+00 4.939043478182445490e-01 9.876778568502246614e-02 9.890351512952285651e-01 7.185568852660192407e-01 5.982805660164266515e-01 -1.417095603683681482e+00 2.505056307603196863e+00 -3.439308692395646183e-01 -4.463984639824975509e-01 3.249995676482343998e-01 -1.270663567400492466e+00 1.675919260062170180e+00 1.888946115079213284e+00 8.876855151780349562e-01 -1.171627852829121075e+00 1.140285170497166295e-01 -8.702292205855198803e-01 -4.468461943315945456e-02 -5.866792183726150522e-01 6.297768715297134001e-01 8.058762492865715332e-01 -5.562071778925729015e-01 2.018220356761357345e-02 -5.866151144082494273e-01 -1.360064072179181904e+00 8.135681144981106172e-01 4.883206499825338831e-01 3.954329766598290163e-01 7.661589484272903761e-01 1.999486411037538547e+00
5.174312144257888768e-01 -7.565519743345303638e-01 1.171380844497520224e+00 -1.212490595583183062e+00 -3.996090137788322338e-01 -3.253400219543477467e-01 5.972052733032526817e-01 3.990059186641124744e-02 -7.574299708384367724e-01 1.698481864959932253e+00 -4.346937827368668739e-01 5.164612745481600431e-01 -1.532195613011738122e-01 -4.520378933330090887e-01 7.774089397023411507e-01 -1.638691959825007705e-01 -7.764692178052664540e-01 -1.229509353509831815e+00 4.224349605989125567e-01 1.412942011362659400e+00 9.178015887399338935e-01 -1.837452538899174148e-01 5.892068153857983326e-01 1.024586406545738626e+00 8.749612078936269688e-01 3.705093618023100888e-01 -1.621348136836276543e+00 5.344727199764202907e-02 -4.216860049467975324e-01 1.050657897356121362e+00 -1.735456358280144940e-01 -4.436317590905000663e-01 -6.304701052389790616e-01 -9.840480411744705336e-01 -1.570207081366937762e-01 1.533123690572564257e+00 9.105695071808656005e-01 -4.109498423638929254e-01 -4.022716550502489219e-01 -1.191167314426610363e-01 -5.607193303686280883e-01 -2.847248932723718817e-01 1.761763865219433400e+00 1.009691568413145779e+00 6.786344627856700784e-01 7.774365295593148595e-01 1.399663412376459526e+00 1.459935912660342561e-01 2.120117653661718116e+00 8.531820410439697744e-01 -5.975384240521792734e-01 -1.118499385490222542e-01 -8.153705655399468011e-01 1.477418575561614544e-01 -7.053507987693875547e-01 7.803748477670988670e-01 -1.035696601088102797e+00 8.358583602198846885e-01 2.337481621388755482e+00 9.201291851336572680e-01 1.387073867030995944e-01 5.543071826450206574e-01 -1.105204277955525338e+00 5.306087793695128951e-01 -1.986156804429010103e-01 5.513780728470878412e-01 3.691895153218150427e-01 7.617530953231254065e-01 -1.774872861535065766e-02 -1.595616545691150856e+00 -1.387784415300203467e+00 3.272484249129675726e-01 -1.620789863645582418e+00 -2.252263029468458133e-01 8.703383056873950085e-01 -1.006938725290354553e+00 -1.469550376796788571e+00 5.392292474650947076e-01 -9.706188755288652770e-01 -3.896893446313209330e-01 -5.347807155251323996e-01 2.278952045633302892e-01 -3.834486654286037854e-01 2.463404812846612391e-01 -2.611123572099998569e+00 -1.010660351591774697e+00 -1.272757540004885723e-01 3.123104430823091526e-01 1.178482621538344599e+00 1.063615880787041501e+00 1.229271715557910261e+00 -1.077151974106588028e+00 -1.578347356064678797e+00 1.619315491352859127e+00 7.327837227171786205e-01 -2.881858385309256310e+00 5.264404213940970800e-01 -2.127004449624015248e+00 -7.269328562107653102e-01 -1.193985658469483235e+00
-9.498027505489805566e-01 -4.916437832736000324e-01 3.328006014924184686e-01 -2.713408161678360631e-01 1.211291645645046433e+00 1.435495227640426252e+00 -7.058944261308488510e-01 -2.054471534281663292e-01 -5.448610484776527096e-01 7.779230251652266004e-01 6.851951151883957092e-01 -2.140709998946166870e+00 -1.663263435839275495e+00 7.719357792389142103e-01 3.566059737911415062e-01 4.179957605670012177e-01 -1.603532762258314537e-01 9.206380504974346346e-01 7.653613556636346127e-01 9.442479148687378254e-01 4.882392255251605806e-01 8.817932857322545726e-01 -3.900453327089902777e-01 -3.493469500993519605e-01 2.007672170913812337e-01 -1.771649649333846277e+00 2.542328044842103729e-01 1.459306298762246046e+00 1.633000084137262498e+00 8.513571740079246830e-02 3.972716119181226024e-01 1.412441443770555916e+00 -2.004750355940874695e-01 -1.244106093928694090e+00 -1.294808342553953162e+00 9.862398757632341306e-01 6.243439578807168377e-01 4.322085173324745622e-01 1.776903573419485571e+00 1.501464447786753087e-01 -1.865187724628396104e+00 -2.279721348771398537e-01 -6.037744479535221975e-01 -1.054719354551735488e+00 3.024763398285464366e-01 4.286183561766641059e-01 -9.161555660828700764e-01 -1.416354714451261154e+00 3.240532700455242554e-01 -2.329675013490437319e-01 8.935856352407985093e-02 9.127205176147397403e-02 -5.392667644263995363e-01 -1.134947983505399938e+00 2.024820033737912972e-01 -1.267632751921264900e-01 -3.238727458979763774e-01 1.483999913621260047e-01 -9.441230428995388280e-02 9.865255729823636521e-01 2.492224085324239891e+00 -6.152958392217406924e-01 5.241268281025537323e-01 4.014915099753457728e-01 -8.530802013069213596e-02 8.650642884032225255e-02 1.147584255990050650e+00 7.347989903281506585e-01 -1.630557318753913520e-01 1.963497153428268305e-01 7.277433554886743039e-01 1.611537657736255846e-01 2.270219003129492208e+00 -1.054103021728491463e+00 3.359868480680525682e-01 -1.774869252225798721e+00 2.419003137426818828e+00 -1.451556780448118311e-01 1.853496991197800092e+00 -1.490011408450066854e+00 1.294491009134067117e+00 3.251352238830559904e-02 4.246776013312812958e-01 6.815007085730862002e-01 -8.240030717254425152e-01 -2.235536450301579478e-02 1.289342780574387781e+00 -6.334581803897919583e-01 2.046921413162868575e+00 3.106470235618344899e-01 -1.023775155932442171e+00 5.011689319468597414e-01 -2.271672781411585296e-01 1.230053984829822533e-01 -5.484648722843294966e-01 9.096172594415302681e-01 1.475823810739210762e+00 5.842338688399217883e-01 -5.739630474643862001e-01 3.509129131145896641e-01
-2.128789254007703580e+00 1.008115294424783981e+00 -5.508602986236917909e-01 -1.385153633106736448e+00 -4.080978553088387972e-01 1.571255438520716696e-01 5.581184795554239297e-01 2.043915506348757738e+00 -4.685805110657524364e-01 -4.079067692517994448e-02 1.561010251798914839e+00 -1.261309765562926462e-02 2.733309946299617432e-01 4.698278673277103690e-01 2.030060738973917811e-01 3.869274257998969180e-01 -4.546673520571397065e-01 2.054339391248985180e-01 1.150128710268200960e+00 -1.403682449305731605e+00 7.868432959497742019e-01 -7.421247464324504106e-01 6.539663012057039815e-01 9.774906545913478739e-01 5.773590780213398999e-01 1.615828028938970373e+00 2.923680104381159994e-02 2.594633943137295007e-01 9.258163482905794606e-01 -2.451932962870706778e-01 2.080108880184945719e-01 -1.509228867431171850e-01 -3.625282098828935262e-01 -3.548824078923211722e+00 1.553205195587028964e+00 -2.186301357526811984e+00 1.277103852417301733e+00 -1.447885362022699463e+00 1.241573745393557804e+00 -5.228454077050708193e-01 4.372065755060574599e-01 -5.277003554738930458e-01 1.095179772750024094e+00 -1.507390311306884945e+00 4.811874156525050572e-01 -5.667256597534240381e-01 7.464986213924819092e-01 7.119854247046782936e-01 -5.676879494539005533e-02 -7.272580663929539835e-01 2.256114531947817359e-01 5.686542496109563416e-01 -7.810128234317043061e-02 1.034551871286924912e-01 2.901240828763620438e-01 -2.924035766798348535e-01 -2.232313749982306916e+00 -1.421749946115805407e+00 2.615415931310022923e+00 -2.614935775294088272e-01 -6.637968374313347741e-01 1.202836750875911465e+00 -1.630627683008762097e-01 -1.352346088377160083e+00 -4.020644721639071162e-01 1.858392124014194957e+00 1.039311029610810788e+00 -7.811864178542630155e-01 -4.365874446657778130e-01 1.251522401514631344e+00 5.628820728496702896e-01 4.906277987885341446e-02 6.289280125108904773e-01 -2.208200635871103087e-02 2.593436890271696438e-01 -5.162984046648239067e-01 -5.797617101185237320e-01 -1.351277537051462696e+00 -2.299874737877019848e-01 -7.998602288115714831e-01 -6.932118211838346200e-01 1.394392428895585345e+00 1.365810370933306928e-01 -8.276383373309853519e-01 -9.015712194717240280e-01 7.020818960319363811e-01 1.213806260798176995e+00 -1.242275890605916588e+00 -1.751493134269425322e+00 7.326486429854655036e-01 2.882193799895921837e-01 -1.065180152417369630e+00 -9.117356618739106411e-01 2.890772321509394449e-01 -1.688721558400789816e-02 1.494215775475744135e+00 -1.007786539557697647e-01 1.197296914780945798e+00 1.724736915895505707e+00 1.904455433583690294e+00
-8.507126031623900297e-02 8.340911852609955712e-01 1.293455910616778448e+00 6.661038509037443545e-01 -7.393034509277561783e-01 -1.494140462960047655e+00 -2.129902686991967387e-01 1.178550294749857619e+00 -9.468194932102035333e-01 2.773990479607893120e-02 -6.801652872450750786e-01 1.946372203194500217e-01 6.743140733682609911e-01 -1.357905147242965738e+00 -5.368161166569050957e-01 -8.524573683614590225e-01 -1.704589271984347176e+00 2.040492391425324126e+00 -1.011613940203942713e-01 -3.788992984990491308e-01 6.387458195332273991e-01 -6.967188198763926144e-01 9.061522669172339395e-01 -4.271594309558099378e-01 -1.204642294380124934e+00 6.299194288296954269e-01 2.050698088324934276e-01 -1.403240738016862332e+00 -1.140717235303711607e+00 1.385745203654246804e+00 7.141150696266203024e-01 2.534440150184778529e-01 -2.676212007782772684e+00 1.776326791599997845e+00 -5.425351800181187345e-01 3.958373319400713131e-01 -9.437808163047696208e-01 9.489997025149410348e-01 3.735851644411107286e-01 7.881179150988842919e-01 -1.665792391403113193e+00 -4.398103390725129763e-02 -9.740292383717783498e-01 -7.084457732132203311e-01 2.316466218687673051e-01 -1.722505320603226142e+00 -2.079446040248996930e+00 -1.398651847501924506e+00 1.540793957281372945e-02 8.275474501582725795e-01 9.511663247248665076e-01 -2.908839659856764931e-02 -1.319295950930815309e+00 -2.434321739741213797e+00 1.575037722669534457e+00 -3.858328355559993983e-01 2.374373531578584107e+00 1.724642928940381736e+00 -5.020694465060292488e-01 7.855529598697457150e-01 3.179891459206512505e-01 -1.244367070051306978e+00 1.542635034492967350e+00 1.323130000666616624e-01 1.556727235619945193e-01 4.137637900416312742e-01 1.289128177475992620e+00 2.626616769592134970e-01 8.350257444639623550e-03 -1.354489111003831292e+00 -1.562413221654394557e-01 1.027192730279074873e+00 -8.348373291919349015e-02 -2.909373352619859521e+00 7.288836273111879427e-01 -3.194686934351276264e-01 -4.204558956831325189e-01 -1.116826662558378702e+00 3.035144925650806180e-01 -4.397838137678318667e-03 -4.330711989794437944e-01 1.381871831017321028e+00 -3.949717196004580710e-01 -8.040541074482313588e-01 -1.080666828884772279e+00 -3.736593585263605494e-02 -2.199431942178174844e-03 1.022770777172067547e+00 -9.192936267418652108e-01 7.736295308697211937e-01 8.412234889028641360e-01 -7.089496822676749632e-01 -9.889522824344582075e-01 9.535764679513923925e-01 1.890087160200675243e+00 -2.898790098232417733e-01 -7.387112025647271096e-01 -5.721028670837495778e-01 -1.120952770312703572e+00 6.662696507192381601e-01
-6.419141969239502421e-01 8.788981180186696829e-01 4.578148498358049490e-01 -4.091087488718633119e-02 -1.668807919622882663e+00 5.531544851226274373e-01 -1.337832565282330188e+00 -8.346879131380224859e-01 1.044103065603249725e+00 6.397369236183478858e-01 -3.433101284051902347e-02 1.862668628841763485e-01 -9.698194391125535274e-01 1.267200712302373189e+00 -4.701344352420278039e-01 5.562502119748616858e-01 6.306058034051827965e-01 -2.115291269194899404e-01 -8.263606165457321184e-01 -7.466060757690964333e-01 -4.333407890897196801e-01 -4.872639876623913735e-01 -8.784139600776253998e-01 4.475628906855891875e-01 -5.132465099347042203e-01 -1.167272706399597182e-01 1.532733149466997791e+00 1.840352750388484504e-01 1.522474851112444405e+00 1.098180382994643267e+00 1.116874243069884365e+00 -1.591604943446420783e+00 1.294533271804131358e+00 1.410614272110917833e+00 -1.037072266408018528e+00 8.111939411829799385e-01 6.761121394933352624e-01 1.447739645264593866e+00 -2.480208440710772511e+00 6.222064884964845222e-01 7.662802939432051819e-01 5.453799445431594117e-01 -5.987113505620658138e-01 -1.356319753699126052e+00 -3.249197496859139445e-02 9.233336979729365179e-01 -3.627417897679993120e-01 -4.381162058326452668e-01 -9.058474383526158302e-01 -1.928778598943466038e+00 -7.551747979223243090e-02 2.566031890835707707e-01 2.397621184040601705e-01 1.392228187185886590e+00 -2.259838575639216696e-01 9.924243016307137122e-01 -1.003001699042889827e+00 9.290426254569182918e-01 -1.635741961704041958e-01 1.630555103173932652e-01 1.551703983770931661e+00 -7.120876409302469012e-01 -9.501312977668104898e-01 -8.369899870099810624e-01 -1.186602470703706835e+00 3.902436801534153038e-02 -1.813374443590001217e+00 -3.237302087454546062e-01 -1.283788111165889700e-01 -2.210790290188084928e+00 9.463269561910492289e-01 1.369334248526195841e-01 1.736040397966696625e-01 9.717965995048829519e-01 -8.875980145640014474e-01 2.374255106468489696e-01 -3.474204827521717998e-01 -2.225701810185157503e-01 -1.414702413835913219e+00 4.895696357115122410e-01 -9.086533069866115087e-01 2.968207847564523494e-01 -4.998576448761531815e-02 -1.313125033360842187e+00 5.460449907387447954e-01 7.048695061409609997e-01 1.527647625431821865e+00 -8.395758759050007958e-02 6.676332989161261333e-02 7.022055719560293952e-01 -4.581287853895750772e-01 -1.114002589007420774e+00 8.295234877335990742e-01 1.870004187353203395e+00 8.944708054936082453e-01 2.922499316441073414e-01 -4.046537022056509447e-01 -2.792171926117344993e-01 2.453397578287622727e-01 -8.811709903405793298e-01
-8.800246575295679330e-01 -5.396840221284059103e-02 -1.295382102340551178e+00 -1.237300916100373627e+00 -7.474522556641719495e-01 9.269534070668555836e-02 -2.133906088724700501e-01 1.926937816679283655e+00 -2.963229648220213064e-01 1.656490453677699870e+00 8.168957580786292971e-02 -4.796074076485715154e-01 -4.284427769770908778e-01 4.315334526784084246e-01 1.982496871638266545e-01 -3.607079215929286375e-01 -3.500063211780775618e-01 1.935784888231989465e-01 1.291211292297113511e+00 2.275784413039385612e+00 1.146275249784508565e+00 1.565869969961070085e-01 4.631493129204996007e-01 -5.936307664423676744e-01 1.031542368666793941e+00 -5.031638430939024964e-01 1.164373686799324181e+00 6.345604415782958307e-01 -9.358628552952154012e-01 -3.213244063154612751e-01 -1.374429920229315094e+00 -6.023264706801328972e-01 -2.596525757674831847e-01 3.919284696307687166e-01 -1.984032641410121700e+00 -3.485608434977821579e-01 -9.213485802938109481e-01 -1.779086186005315540e+00 1.305444774433486055e+00 -1.559367649492889307e-01 1.140238288367504405e+00 -1.224677282626173813e+00 -3.337987249765319020e-01 5.108646119986940404e-01 -5.798310453984930612e-01 7.189435160066677266e-01 -2.145550139337747964e-01 1.670706099106457065e+00 -4.430032066326011209e-01 2.402173233756935478e+00 1.583003395613098219e+00 6.668225313030825552e-01 1.628827909457779111e+00 -5.343562638377135077e-01 1.687126513133304639e+00 -6.221093426181366626e-01 5.991797464189940747e-01 2.123250718185163213e-02 -1.001179505869492559e+00 3.545638358460268535e-01 6.104214053611087820e-01 -1.343954304419178847e+00 -2.035955684381672570e-01 -1.145583709915001691e+00 -3.521202676403205611e-01 5.749393041342066857e-01 6.808115359662907373e-01 -1.933979413262148395e+00 4.877560031172597510e-01 -4.331860642183085197e-01 -3.693724558423397974e-01 -1.139867516362717215e+00 -1.510656521304218458e+00 -3.878999951198730534e-01 -7.981024219437690137e-01 1.257531405949380954e+00 1.403527832811721332e+00 -7.255250667652438645e-01 -6.962011375882408704e-01 -1.471809809909880966e-02 -7.132425142200724544e-01 -8.464103611165727514e-01 -2.160818226005180032e-01 -3.376561558259855156e-01 -1.308835302111665211e+00 8.762758434643749816e-02 -6.104971933931555572e-01 2.612376839245726320e-02 1.298374618791902968e+00 -9.683480503239463300e-01 3.371263996613250713e-01 -7.441973319171950596e-01 -9.347135700457923635e-01 -9.023226562006642082e-01 1.946882178643130068e+00 -1.053005844139216496e+00 2.487447305106576037e-02 -5.780929231726298356e-01 1.932986499626922761e-01 1.397822306945450510e+00
3.366626113043701185e+00 -2.372213774126943786e+00 8.510095414977724149e-01 1.332846137295300659e+00 5.134139854961620175e-01 1.088222750057874721e+00 1.346075604203292420e+00 5.274862637358110895e-01 -9.292184799027314313e-01 -1.065868548112004488e+00 1.058017403204743578e+00 -1.672283305608770476e+00 -8.679261785611953606e-01 -6.179439462418331308e-01 6.039647391787311692e-01 -6.599637317833664252e-01 -8.332868681797424015e-01 -2.294377820186337472e-02 -4.105534935483893255e-01 7.068045508045074365e-01 6.703453337620088881e-01 -6.304648960398140378e-01 -2.002692384801548209e-01 -5.446673235216488163e-01 -8.730965340235805061e-02 1.095515169646303910e+00 -2.736683665374206598e-01 1.178583718540487713e+00 -2.136046923603687642e+00 1.199264270583837222e+00 4.435784868383286783e-01 -1.939738077639379110e+00 -1.865359319997507426e-01 -2.529488859826831249e+00 1.861149621334518223e+00 1.724722554380812456e+00 4.506251127686605740e-01 -1.294295931253794052e+00 1.786588203281836568e-02 -1.872121247753996354e+00 6.996938014456540733e-01 5.932537996203097741e-01 8.583198823729222271e-01 -2.049385790361093029e+00 -1.146070469307340467e+00 -3.907495705689979087e-02 -4.441336476747490547e-01 -4.965988324426677814e-01 4.068864967116476716e-01 -1.824743926876377376e-01 -9.489609481277723191e-01 1.553505187549270694e+00 -1.665182528214643076e+00 -1.729167596854059408e+00 1.731191473135818448e+00 6.845883728056499640e-02 1.061356485046864861e+00 1.980767211268778527e-01 -1.963442265232974715e-01 -1.526862649813219841e+00 1.009732208731408232e+00 1.062113287777213033e+00 5.462749774845786499e-01 -9.012301355825973470e-01 1.460710448516285842e+00 7.361700824549104460e-01 -2.332659327894046342e-01 5.605150184065312846e-01 -1.462811376336390357e-01 -1.112638822066462363e-01 -8.412990319787654325e-01 1.052824899430359284e+00 -1.183851835779514916e+00 -6.094094848326013780e-01 -3.701099187858669093e-01 -3.048592192604935303e-01 8.109775597580050344e-02 7.881532197043122911e-02 1.064062968558691091e+00 -1.183753382278184552e-01 -1.299446109215744161e-01 -7.770034183145168027e-01 -4.506620853383399017e-01 -3.906116126981902248e-01 -7.304931866225493620e-01 -5.058798464246212490e-01 8.258410128929396521e-01 9.276085489129954897e-01 -8.573793084099128325e-01 2.465567290963017300e+00 1.013959117524781961e+00 -3.681618640114104335e-01 -1.995455557345836128e+00 2.894682117970076921e-02 5.913680537154852868e-02 1.923808346546192483e-01 -8.202629729403584924e-02 4.059634604761280241e-01 2.013992468955910997e+00 1.923996192021845353e+00
-7.418428559639564206e-03 -3.421012234067267177e-01 -7.441412731371453981e-01 1.182691131833276454e+00 -2.203663234167684004e-01 2.298370253696115639e-01 -5.745841589968493368e-01 -3.968644246519183461e-01 -3.340312270767937797e-01 -1.413936872134516076e-01 -2.979467059455237488e-01 -9.484874096800522958e-01 1.525407294413893278e-01 -1.096424780147992717e+00 1.224426424474789998e+00 -2.450493083612347578e-01 -8.747541568096982578e-01 -5.736838130707339056e-01 1.102530267388363905e+00 1.179077161570229126e+00 -1.784636755321993951e+00 -6.991648884584762413e-01 -1.974955600647356535e+00 5.707406166867082797e-01 -3.618181948559476835e-01 -1.521966356652111607e-01 5.463690894539269260e-01 1.040381926497164322e+00 -1.602024560638727335e+00 -6.117883672310079346e-01 -6.186649962157879656e-01 -9.702471798953954396e-01 8.376520949894419310e-01 -6.381163586651250608e-01 -2.747078007809615752e-01 1.210267874369878704e+00 -3.763835984329186313e-01 8.582460658906533313e-01 9.784882884569348072e-01 1.176347086129504893e+00 -1.876470549234369456e-01 1.509486963800954706e+00 -1.035493477622839054e+00 2.007578792258653544e-01 -2.969411053066311368e+00 1.475378804916415432e-01 -7.423124976436109579e-01 4.723177862831635099e-01 4.629024117246807180e-01 4.760893169283740844e-01 4.448707923310407097e-01 -7.921348597052089158e-01 4.917826654256111651e-01 -5.060024311295751032e-01 -4.324681345671466670e-01 1.025997623954324922e+00 -1.373101343249424122e+00 1.172922057268968699e+00 9.925318487252832167e-01 -7.963851905798110531e-01 3.493498826734151019e-01 2.259205774351392915e+00 2.063775272785711934e+00 1.990643026680698480e-01 -2.276305994814541656e+00 7.164198616675001574e-01 -1.549799456328159630e+00 1.432043802586192349e+00 -1.011371508370285888e+00 1.316613378512258459e+00 5.962455612488622991e-01 -1.017697265858236166e-01 -1.093112254008739015e+00 -1.188212013025428559e+00 -1.536756797702945772e-02 -1.311826961898862054e+00 1.300603461976429731e+00 -4.161449257625098319e-01 3.182262394868910493e-01 -1.064934498361825632e+00 -3.855819138929183487e-01 -3.669760917823178814e-01 9.508593169451257099e-01 -2.677423925668748761e-01 9.566823590504756059e-01 -9.693270201329962088e-01 1.628448190165299181e-01 -1.204886295326955015e+00 9.526499231758085440e-01 -1.679192767894805094e+00 1.388465344919803668e+00 -3.436311850174007532e-01 -3.131495717196709494e-01 -5.873263160445009179e-01 -5.762560186078929947e-02 -6.843752486822756165e-01 -5.844926685309002057e-01 2.338323990364776339e+00 -1.225230219255157182e+00 7.837374648374871577e-02
-9.841820156543441556e-01 -3.356522380963219976e-01 -1.614313353142522167e-01 -1.275663106015478832e-01 -1.713152698154680520e+00 6.797032219595343649e-01 -4.910960092963895796e-01 -1.166500408023705582e+00 2.330699491515462629e+00 -1.781861683629646920e-01 -1.567887417409422612e-01 -1.785832088975806364e+00 7.320402603126414665e-01 -9.260194633286003008e-01 9.861148422148406645e-02 1.653690642517639198e+00 -2.091554175541723293e+00 2.893074736676542469e-01 1.056265916209245148e+00 -1.067813329312114368e+00 7.725584330530456123e-01 1.528472217350984874e-01 -7.379860980242026747e-01 -7.787849152572645650e-01 7.215431185317482399e-01 3.552942460379311385e-01 -3.486570752982308674e-01 -5.124549721526377999e-01 -1.763876228915423283e+00 3.665817268599719236e-02 -1.075636822084080624e+00 6.298704424321928119e-01 1.832354382580455299e-01 1.392378974046519335e+00 -2.241099037100444669e+00 1.245721622815058938e+00 -2.118463796158868984e-01 2.092271118819127584e-01 -1.459766810349446331e+00 -4.727950345435869561e-01 5.863903166798384303e-01 -2.748684933374295092e+00 -1.936740861269168335e+00 -1.285544548327101300e+00 -2.628418181634636364e-01 -4.606699374153094828e-01 -5.269047684436488632e-01 -8.786051881805967412e-02 -2.020985820778417874e-01 9.170986699710731438e-01 9.815378715659160980e-01 2.806663522158893698e-01 -5.727574947203546429e-01 -5.203928667191506374e-01 -7.767007686113913678e-01 -9.883531139201751081e-01 5.371972210748792165e-01 1.324934141906894125e-01 3.614337472977635080e-01 1.348549526597104364e+00 -7.426978137588133855e-01 1.130579828618748062e+00 4.826665672076857483e-01 -5.190319916885198503e-02 7.470734475105179628e-01 6.822955629762977869e-01 -7.285083329201017532e-01 -5.469047239418707296e-01 1.009631410432988846e-01 1.393974426465794392e-01 9.666598101208817573e-02 -3.301890943358743447e-01 7.283677646084237844e-01 3.280720075314650930e-01 2.531127236642163325e+00 4.376355327487504443e-01 -9.525217472617354408e-01 7.922030705464420119e-01 1.253088928095013876e-01 -1.024313407644667606e+00 1.140885895130549610e+00 1.132786987107283067e-01 2.067815143806085443e-01 -1.460094074017940446e+00 -1.523554420227649420e+00 -5.905720180301390343e-01 -3.240638534828547690e-01 1.322615249794192593e-01 9.787826058976295540e-02 1.244456175208044968e+00 -4.853382117922229455e-02 -1.091849453808642956e+00 -7.382960334037566019e-01 1.158811622637338640e-01 1.625283031297680356e-02 -1.243078461921803379e+00 -1.969172299510336677e+00 -1.141360334933841703e+00 4.055576140366827231e-01 -5.211551292970287852e-01
-8.132802017716330711e-01 -4.614126300571375627e-01 1.159667803794919960e+00 -3.076701151980465454e-01 6.691473877881162213e-01 3.973552879173875008e-01 6.125365827812173647e-01 1.381155237337886366e+00 -4.254053571475972101e-02 1.182124648647778331e+00 1.530359221393753910e-01 7.579833333213933932e-02 6.156510840389797234e-01 -1.992291204935459525e+00 9.630437170419342552e-01 1.024693851693013052e-01 3.593996621119970869e-01 3.557865185482620984e-01 -7.993663626245752774e-01 1.120895021930151225e+00 -2.618435708437071296e-01 -4.741379359876909394e-01 -1.120208931291655635e-01 -2.851756023758411085e-01 -1.364294323334109271e-01 1.285627773359464099e+00 7.535858751808515166e-01 5.341035269711309069e-02 -3.553928310301140425e-01 7.907307697048581163e-01 1.274793713637877746e+00 2.336187740397197288e-01 -1.316004642909354372e+00 1.396082401940537343e+00 3.366995023686028543e-01 6.048802908788523114e-01 6.753174669820958265e-01 -6.032864460389912586e-02 1.801953177131736750e+00 -3.350986613229383071e-01 -7.541137334230175737e-01 6.506906828414713573e-01 3.654010711192469674e-01 1.367212535660611072e+00 -1.056543539055096320e-01 -1.859906156371143393e-03 3.168016397045579358e-01 -5.125418782755122304e-01 -5.273582044805177893e-02 -4.572248797986791513e-01 2.452834573664528950e+00 -1.050942215892773479e+00 -1.720782250754654408e-01 8.530490127656363830e-01 -3.562632746203117096e-01 -3.870017215746359707e-01 8.816005866500717936e-01 1.067287873964520184e+00 1.079688015105160215e+00 1.642339375227118703e+00 -1.036716844345018790e-01 -8.829492929536481016e-01 -1.973572915879210632e-01 1.336648481848231151e+00 9.267818533358973543e-01 -5.271026119756105910e-01 6.337634429823012505e-01 1.539878181411775682e-01 -5.277544840095192979e-01 8.151038004677330084e-01 -6.778700339240077977e-01 -1.466596412248202252e+00 9.571444129589753436e-01 3.773422530299686550e-01 -3.832410066350718791e-01 1.101972022294333886e+00 1.221057524193803756e+00 -3.264813206691551395e-01 7.500077268751283999e-01 6.040715635595457211e-01 1.089085387944939365e+00 2.512315023405171099e-01 -1.451984897948655817e+00 1.653126316030036014e+00 -4.785087933545025818e-01 -1.066317976301061655e-02 -1.060881013240328796e+00 -1.502869733070667957e+00 -1.946266858898088481e+00 1.013591784644340077e+00 3.733313411912109192e-02 1.333038439550348342e-01 -1.293122487122717823e+00 -3.225415862531649802e-01 -7.829602592250675119e-01 -3.033402604194194163e-01 8.998717820454465999e-02 2.922910090138878814e-01 1.177706145531627335e+00 8.827548368981610327e-01
1.150765388643610665e+00 -9.971738317081687564e-01 4.648638023046292034e-02 -6.104413530753868278e-01 -3.949818900409650668e-01 1.199915177346334128e+00 -4.518144137555020201e-01 -1.553851190840725427e-01 -1.535140695528732779e-01 1.119376017989182938e-02 -5.055466673769667962e-02 4.202110732976808705e-01 1.190981440776505140e+00 1.561488033239034179e+00 -1.132925004324189633e+00 9.708263152959945019e-02 -1.031573144885733928e+00 -4.461797703286819045e-02 -2.181528330824101247e-01 7.729416632662353681e-01 -7.286431943923982191e-01 2.155229190188156785e-01 -2.056736652350410033e+00 -1.248732753720665389e+00 1.266970196598494303e+00 7.220446152956956354e-01 -9.545671016004751985e-01 9.432331336911344843e-01 1.192701601226201946e+00 1.035828449091588110e+00 1.031435402804494528e+00 1.796417439812957872e-01 -6.251595065154138542e-01 1.754117419137818157e+00 6.650972257966771828e-01 9.960538865236555628e-01 1.254051166953071617e+00 -7.155616685620214135e-02 1.140204383227652496e+00 -1.393967916235525351e-01 1.301482761782538911e-01 6.734287459813282917e-01 -4.391941890449245212e-01 -4.501054162678814752e-01 1.543588480426536291e+00 -1.749253815190279504e-01 -1.766967391072694626e+00 1.395191040812133521e+00 -7.128564778014365722e-01 6.209548519927009513e-01 -4.905513388650284967e-01 -1.416465325006307063e+00 2.325880261111063774e-01 2.162369881984955278e+00 -7.037355943048173579e-01 -7.037282723214811631e-01 8.116389701824032743e-01 6.842448168411044973e-01 -1.338430901076951063e+00 1.880709914076514222e+00 1.328141272240919379e+00 -3.486906608193304780e-01 -5.531223353426655276e-01 5.023856377594976275e-01 1.544167561327727256e+00 -5.742642810223328453e-01 8.905454825984342460e-01 -9.756746440945925913e-01 9.368669780845279016e-01 4.127572149755456832e-02 -4.658269007788293781e-01 -4.551793759842858167e-01 1.000152502933787657e+00 -7.214951051674036719e-01 -2.212191362418093887e-01 2.221306902378296755e+00 -3.253383747700460682e-01 -7.586429191495450697e-01 -1.834940474377967812e+00 -1.107703330732320079e+00 9.623258912277005139e-01 -3.008163751312643575e-01 1.301706766956767458e+00 1.035736204083130163e+00 4.781743782018038069e-01 -1.841364721486404010e-01 -1.374542319725255313e+00 3.273812894186046707e-01 -9.444503165822670798e-01 -1.670271145796799139e+00 3.246270688543232974e-01 1.032549035863982390e+00 1.054085356641246252e+00 -1.277745800644218610e+00 6.445936334076034502e-01 8.067980631172299022e-01 -5.044520956970853787e-01 -1.227075210462292620e+00 -2.379008717619611468e-02 -9.489995909085480186e-01
-1.587647699977025484e+00 1.002616037136643934e+00 -1.871016210910046773e+00 1.076791789063487714e+00 -5.882053964963147585e-01 -3.385157195719880607e-01 -2.362736152038388826e-01 -1.427618180790562796e+00 -1.495539053560134279e+00 -1.290722692894468615e+00 -3.940852224886395860e-01 -9.506568607250244218e-01 6.195358235859301788e-01 -1.978968459245392664e-01 -1.523323691661353063e+00 -8.005462103167737542e-01 -3.997063650380006106e-01 -1.052350585769188385e+00 2.256475082317810910e-01 1.054946017075323317e+00 2.155292033787226946e-01 1.058930713729587941e-01 -7.940479384354076631e-01 3.252745117523113683e-01 3.486011969183357984e-01 4.908806927482053939e-01 -3.898818185457913338e-02 7.839084535089189121e-01 6.913585432280858756e-01 1.813088953372715972e-01 -1.561448151228221670e+00 1.358564904348079638e-01 3.406527112201584995e-01 3.253254918361437320e-01 1.068411074160818819e+00 2.611678172522490460e+00 5.330611076767135526e-01 -3.155016692560057012e-01 -1.066877025651336242e+00 1.497666853696071110e+00 -5.266091950710867220e-01 -1.192840622649853133e+00 -1.708185656118776485e+00 6.556610948150386475e-01 -7.934689956482422479e-01 8.675363535704409823e-02 -1.112926310426878840e-01 8.715626469188256786e-01 -1.238883981184792482e+00 7.697276066435417841e-01 -1.473727212567176093e+00 -7.379010946591664233e-01 3.853614147300257753e-01 -2.491074819353191305e+00 -1.224579675760071318e+00 1.523137931450093907e+00 -2.696067936694290235e-01 -8.795998220486589414e-01 6.380331816262267974e-01 -7.947859742524175930e-01 -5.958320800977103815e-01 1.400423802560567255e-01 -3.942053068431700114e-01 -4.699948977435514652e-01 6.229937797711040393e-01 4.445191616595524087e-01 1.037081725266113974e+00 -8.141065611376613331e-01 -1.875322571918984771e+00 2.892782895659931075e-01 -1.274010555552377577e-01 1.303818842104116360e+00 1.982113241983808893e-01 -5.184653253820291630e-01 2.330043643751638638e-01 -1.015655270289427398e-01 -8.492810564146735519e-02 -1.060598254463072931e-01 -5.824247932197624406e-02 1.385232295684090120e+00 1.528870302346272636e+00 4.209085441829696905e-01 -7.223216804328050356e-02 5.823173515522781507e-01 -6.580895971824208823e-01 -2.074336515900454536e-01 3.525865050675430545e+00 2.830702344399170789e-01 5.446349394126368537e-01 4.622044649689159290e-01 -5.690943504167166322e-01 -9.984141898371688972e-01 1.917480340334740241e+00 2.529029217004133301e+00 5.556230393830889902e-01 -2.014220715223488944e-01 2.237534276440434622e-01 -4.258511183714021042e-01 7.821229417535308093e-02 -2.744035288412723372e-01
-2.607371206503198424e-01 -1.267862630420112380e+00 -1.346947067339429038e-01 -5.172313764286319282e-01 -3.403942157727515294e-01 1.089228437603268151e+00 1.293572276874876692e-01 1.022361869828974035e+00 -4.439318526383693730e-01 -6.546351384183934918e-01 3.473057500346010129e-01 -1.134727369733974145e+00 2.375485071421416794e-01 -6.679465957772044993e-01 2.667863939959832731e+00 7.367950621901532271e-01 -2.665831480718888535e+00 -9.799649708432321693e-02 1.196465887146315632e+00 -1.217935017248271412e-01 3.794376488319102236e-01 1.319252456752373570e+00 1.553750806363307202e+00 9.484187838699480455e-01 8.486563446726254067e-01 6.424919086574411020e-01 -9.968158532495732249e-01 4.279094839978426212e-01 6.221805423906956456e-01 -1.903916824914560602e+00 8.374101346280389269e-01 9.165678966419867901e-01 -4.761671602290101224e-01 5.023659981029797716e-01 4.892610110926163824e-01 1.952260198525503643e-01 4.403013591922806946e-01 -7.498581000225781334e-01 2.374103559632798066e-01 9.406863766050265196e-01 -1.450798900190737317e+00 7.207903180858321601e-01 -1.721968791185674030e+00 1.321975650447075656e+00 8.593635031379871503e-01 -3.410542772104790399e-01 3.868096783046418574e-01 -3.506024408635887157e-01 -7.516690149336395788e-01 -2.999455775427694593e-01 2.360629037722790369e-01 -7.307466546698301313e-01 -3.932859634785727532e-01 -6.718392715670177262e-01 -4.248800265259013997e-01 -1.129288520962482556e+00 -9.659770805874896560e-01 8.949613058558576473e-01 1.387828725132456142e+00 -7.010502417793853525e-01 -1.242776494113609353e-01 -2.061850876151574419e-01 -9.784270285158449543e-01 -3.460857280369807887e-01 -1.904773431456193489e+00 7.243820520433258414e-01 -4.507213574007613022e-01 -8.033173088459330535e-02 5.999474581664239192e-01 -3.645860236832140888e+00 2.554745240699013986e-01 -5.495740685442349616e-01 -1.907458958252836512e+00 4.356779402212153651e-01 6.791108801751453150e-01 -9.875489754640336404e-01 1.067221922696303782e+00 -1.722366953414292023e+00 6.125221255541661858e-01 -1.745059076956547939e+00 -5.836268856486974688e-01 -1.002271472990828194e+00 4.642207260367367527e-01 1.242217906410078218e-02 1.646939214590782186e+00 -7.786516334942898687e-02 1.441366544544210315e+00 1.171467820369858082e+00 5.765710675190839352e-01 2.147731128166430747e-01 -1.843706682447004530e+00 1.722779367326264799e-01 1.348349120813948199e+00 -1.344537204290298771e+00 -8.874271967146041273e-01 -1.375625539483935400e+00 5.749109932528709277e-03 2.355316031530647614e+00 2.199117563560857747e+00 -7.198218863311233173e-01
-1.081990352386511312e+00 -1.894481461523690236e+00 -1.640492981866056854e-01 -1.251847168486508455e-01 4.415187761806745048e-02 9.180180614086586033e-01 1.578190183053141737e+00 -1.598259423224681897e-01 2.872541824009562372e-01 -9.615114950540396555e-01 1.260014240323968082e-01 3.905078123258971523e-01 1.051939660677370547e+00 1.537283317564116514e+00 -2.376820103204155959e-02 1.266360157805180187e+00 2.306596453376936473e-01 9.042610336175718744e-03 -4.174008962879074969e-01 2.044813321727185773e+00 1.236444805682348935e+00 1.682626463659256943e+00 8.594269252706765450e-01 1.001013661761428697e+00 3.691048902735928339e-01 1.209119556797832562e+00 1.012382850553111835e+00 1.003062651704272473e-01 1.017434401469914595e+00 -1.091087447384017528e+00 6.706962398084297394e-01 6.921600443829473148e-01 3.650545032568513482e-01 1.556305078366498451e+00 5.637573263037573001e-01 2.431187724084715451e-01 4.644512353425452877e-01 3.871289485346723347e-01 -3.290887093300614574e-01 -4.859803973132324068e-02 5.859803422388969452e-01 1.285665626914406223e-01 1.404502734491431593e+00 -7.627078567042746560e-01 -4.378501504264591393e-01 1.226133213192754923e-01 5.396678129433801763e-01 -6.963676395339983838e-01 1.312514787732611765e+00 -1.257554754173774825e+00 1.327148266493231699e+00 -4.813031409722644538e-01 -2.539250044219748537e-01 -2.812614675541428300e-01 -6.235055069249594295e-01 1.167814958976486489e-01 -2.199275011142995742e-02 -6.788160218042779137e-01 -3.638317681300602402e-01 -1.158632959433531617e+00 4.179145563072134695e-01 2.051528561441002541e-01 1.582764750751152416e+00 -1.631920126894308987e-01 6.187741092330751869e-01 3.955660676759590322e-01 -1.229259482752887322e+00 7.504351612778160652e-01 1.998725294072451475e-01 -6.348857690798213049e-01 -4.079026506822349546e-02 1.495404728954202067e+00 -6.986534310775541767e-01 5.810515354391458942e-01 -5.492410232160593875e-01 -2.053486638227876582e-01 3.166094832631389244e-01 1.354798433416307124e-02 1.769681358984717789e+00 -1.553360172390032767e+00 3.030970931141178937e-02 -4.415624159250936542e-01 1.562473258982677971e+00 3.045538613225545754e-02 -7.002762753116463790e-01 -1.580925359443426364e-03 -1.341838234380565154e-01 -3.395717478905955211e-01 -1.004862198332588719e+00 9.332107742797064454e-01 1.821397994370365370e-01 -4.067185698553082984e-02 1.513901649818842066e-01 1.185849002948787145e+00 2.747619737042947818e-01 -2.034900266568136773e-01 5.892354600268099318e-01 -2.860523369264600935e-01 -5.175701889866468619e-01 6.105586904394435521e-01
8.530882173541678437e-01 3.917910675977926416e-01 -2.970821883070716485e+00 6.990213351166140177e-01 2.798247862366145533e-01 -1.219544060748709996e-01 2.388448497719278807e-01 7.924288217517860833e-01 -1.141119041535297723e-01 9.336457379184119609e-02 3.535895042846862180e-01 -1.885164134649963963e-01 -3.279539192552175519e-01 2.076895073761125809e-02 1.735041003431562756e-01 3.842215321063129352e-01 -4.391255286147481285e-01 -8.070926020302149340e-01 -3.620101056895514424e-01 1.195584976395651866e+00 -1.063373418167970819e+00 2.174994802910646730e+00 1.334314208161474724e+00 1.571595097025844545e+00 3.038978976227213469e-01 -3.669662614063642914e-01 8.476268739261131335e-01 -1.295929381635766431e-01 4.723859594869023737e-01 -4.491703457751007600e-02 7.575338738222235913e-01 -7.588769192297191157e-01 2.469785728561591509e-01 -6.914086007291129210e-01 2.398661118825024530e-01 -2.092583915483915979e-01 2.309585110433023392e+00 1.078518463926565252e+00 -8.128521327349746972e-01 -1.943318262994793780e-02 6.561419661642325929e-01 -9.261857369285686481e-02 6.073514500352450440e-01 -1.135013880784241147e+00 -2.033498501768908451e+00 2.777247632348637391e-02 -6.171554472442950523e-01 -7.737586959256952390e-01 4.355602821008145442e-01 -5.653752885934315575e-01 -9.550786029360444074e-01 4.297955778415544215e-01 7.593066908654362290e-01 1.242782825138538438e+00 -1.755167312353466125e+00 2.760392075595022310e-01 3.013429660832789292e-01 1.197849973437042026e+00 -1.224215389119198694e+00 6.535436166134256375e-01 -1.101562344774924262e-01 -2.256735416051097176e-01 -9.031978797630668687e-01 1.071802482834874004e+00 -4.573026282628364081e-01 1.764314797584526084e-01 -1.154607764450387986e-01 -1.237755820110636173e-01 1.186287591448160539e+00 -5.864728465524384760e-01 8.791730586425651472e-02 1.313840608554059930e-01 8.387188384680439590e-01 5.599203100510660724e-02 -5.177598103902828486e-01 -2.507573181051548916e-01 2.692522552091414223e-01 -7.109887939895539501e-03 -1.787254590859608527e-01 -1.994215561403978709e+00 1.633016994260752863e+00 -1.306557015685709588e+00 -7.900544241691943581e-01 -7.244279525294611277e-01 -1.334457529671547293e+00 -1.486710108822673515e+00 -6.814400538822334985e-01 4.057498062307863251e-01 6.246218893109359849e-01 1.098725933908712316e+00 -6.888971777122779860e-01 -1.471737301266460962e+00 -1.199776187142610473e-01 -8.423643847375496263e-02 -5.263168767551151817e-01 -9.719460229937895157e-01 -1.726290714510145596e+00 9.398285817324919522e-02 -1.435016802108139422e-01 -9.110189906550827388e-01
-9.416062202672299541e-01 1.450508136185633790e+00 7.248189166761026536e-01 2.234658804393625797e-01 6.361860106035086559e-01 4.756506515496752296e-01 2.943592325916507546e-01 3.917090745764351678e-01 6.178968452690171143e-01 -1.624805868345770454e+00 -4.603406141729768364e-01 -7.000430859324311417e-01 4.671579799483167872e-02 -1.443941147217567167e+00 -8.850194111892706328e-01 1.791788854301064882e-01 -4.357949675608298046e-01 1.609151903390183547e+00 -3.540344238487391770e-01 -1.106648519584392254e+00 -4.599515279605378981e-01 -2.999792832391302011e-01 -3.722152446829381234e-02 -1.586729229567157007e-01 -9.157076384744493591e-01 2.764816614508074921e-01 -3.233356869580468196e-01 1.883016207367615769e+00 2.335453383589810028e-01 1.760574379510550791e-01 1.277073200958863231e+00 1.463990046795017541e+00 -2.681146917625802373e-01 -1.660165487089408698e+00 1.041351708850151159e+00 8.430019990253327655e-02 3.953233843008106541e-01 1.264279113292765766e+00 -9.374147365827032452e-01 -1.656157325795780233e+00 -1.903925459895346339e+00 -1.514143123451091144e+00 1.250934458803202753e+00 1.533913880171765332e+00 -2.938744968546181946e-01 3.392663466073999601e-01 6.934205598307032758e-01 -1.918806774848734464e-01 -6.891092108560807894e-01 -2.359502575651364510e-05 -3.120442900076742521e-01 -9.945737375109314771e-01 8.679231690383968356e-01 5.286729414044211151e-01 -1.294905867142033262e-01 1.211507555348926068e+00 -3.879978952447443730e-01 -9.914402276114984147e-01 -2.079163845691789803e+00 -2.206448040712553738e+00 -2.944662677845962806e-01 -5.711044596577039556e-01 -1.021513212235134249e+00 1.451166278580529878e-01 -2.122786543991996844e+00 8.264909128222291956e-01 -4.665226649146931304e-01 -1.263181141483727954e+00 -5.057615052766598618e-01 -1.646840809165906805e+00 1.349069799794934577e+00 1.908824781108928170e-01 -4.724689674728995703e-01 1.243561434529877774e+00 -4.438965711392326430e-01 9.013074904080653482e-01 3.422114107092910640e-01 5.365403664065315770e-01 -1.346966879465825606e+00 1.436316558504328322e-01 -1.026630638170676013e+00 1.075366875690544344e+00 -5.311843395090556919e-02 7.164715514261774110e-02 6.411667033946731598e-02 -5.787893021669754390e-01 -1.009744380564340904e+00 -2.020492361399567116e+00 -9.842036277240543418e-01 -6.528239222857873392e-01 9.975653688952482862e-03 1.377126929360612539e+00 -7.439107061512374719e-02 -2.091288163098791397e+00 -4.443802540394317657e-01 1.085878310495028254e+00 -3.979995652830483066e-01 -8.661946348716748068e-01 -1.956296880323602216e-01 2.482285732181581217e+00
1.590148420119440686e+00 -8.204099446114972993e-01 -9.715803132378002527e-01 -3.968658752825257041e-01 2.142110966997403221e+00 3.100333131850612212e-01 3.631508920720275674e-02 2.462314552446777938e-01 -3.748226356025936012e-01 3.424362407346993598e-01 1.342257448688031207e+00 5.485595054890587963e-02 1.595695577986248281e+00 -1.163181792572944628e+00 -1.271716067671941008e+00 6.533392971855026543e-01 -1.101360754939940900e+00 -1.415624193945208900e-02 8.668221024002102926e-01 1.854922016323631295e+00 -1.103723682603479084e+00 3.909132548741025559e-01 -1.055905626885523363e+00 5.182309652103055976e-03 1.655279098042011343e+00 -1.474708165729432086e+00 -1.896673150768410254e+00 6.683969575960596599e-01 -1.650888128326426230e-01 -4.145656501713135267e-01 1.962043827503141477e-02 -1.512690421025174592e+00 1.349300481219789516e+00 8.692422134161992275e-01 7.444576956454751482e-01 7.123901634866577348e-01 3.279765081350674572e-01 -3.840887362614207601e-01 6.563563788531263654e-01 -6.998373572707509149e-01 6.300021447395681706e-01 -6.089015696388759835e-01 2.150534109412234773e+00 -1.018323416678013293e+00 -4.694617787777151663e-01 3.726817824218899289e-01 -1.047091865794009369e+00 -7.779418085906417701e-01 -2.005757596211057425e+00 -1.453790929190425796e-01 -1.898399123893336427e+00 8.928538063546513914e-01 1.175254638901234383e+00 -1.020724842602402482e+00 3.564188018301115424e-01 4.508317048957015682e-01 2.144200331523986869e-01 -5.080207270203151992e-01 1.004847276867075978e+00 1.416311671153785756e+00 -9.386088048990686161e-01 1.338492845676157554e-02 6.881907372089232089e-01 1.422610895158508360e+00 1.009071530265632344e+00 -1.655869792443888322e+00 5.486046229670255014e-01 7.054425429297713768e-01 -2.266072220015034056e-01 1.706783880589030300e+00 -1.088547542070483320e+00 8.715874696621699336e-01 -8.186100313017120600e-01 -1.558856673793506786e+00 1.350764844805674603e+00 -2.848408165832984063e-01 -8.343559209810536004e-01 1.063999009360480752e+00 -5.134563033196251070e-01 7.202060957317668599e-01 -4.653343720778824744e-01 2.090139141180033633e+00 2.160497940122668714e-01 -9.680511184464288266e-02 -1.039773557332803966e+00 -4.084416591502803562e-01 1.007064412313274149e+00 -1.163720451766532715e+00 1.369948040389431743e+00 -1.124056460811770686e+00 -5.745115768421885649e-01 -5.276679568735924697e-01 6.037930210850649404e-01 -1.175570779667040489e+00 -1.004064086788975185e+00 -2.121482116040146249e+00 8.535157683671610318e-01 7.065288303829325711e-01 -4.959498779944660624e-03 -9.877191468847497102e-01
6.022714175536069137e-01 3.425389062886208813e-01 1.955269833498945120e+00 1.753606410247005032e-01 -9.092204693178002062e-01 3.263331816185882639e-01 1.411237447544605728e-01 -1.315935163928638296e+00 9.707810228661556406e-01 3.730966771604747600e-02 1.052239684590908997e+00 -2.806988332459863233e-01 -6.943712749389169270e-01 8.619556021771445087e-01 -3.902029436297455717e-02 -5.594064115646046886e-01 -1.438614503435414749e+00 2.794024286048625294e-01 -6.419718411639697697e-01 -5.978708349166550473e-01 8.236590391616425144e-01 -2.381479964231994206e-01 9.126195626791489728e-04 -8.955914907731659103e-01 -1.326935582413385495e-01 -9.896603112418538295e-01 1.958860336933565094e+00 9.247115724538413906e-01 1.650180326325147329e+00 2.100348205227432208e-01 -9.671301988356241219e-01 -9.099108537743211267e-01 1.547717936319867871e-01 8.642339816875431735e-01 -8.114034861797332354e-01 7.619775290801990286e-02 -6.874601621975467980e-01 -6.182511923616241800e-01 -1.794555613489851931e+00 1.115568650138079265e+00 -1.878745331825171672e+00 1.019732655077634886e+00 1.183089542473082734e+00 -1.352083225805753353e+00 7.166510794165212861e-01 -4.389540987729415589e-01 -1.029059466996551202e-02 -1.341426714799641151e-01 1.276545469022516421e-01 -2.787893055633896999e+00 8.462230003840957027e-01 1.156639614583394732e-01 -4.180993140732555680e-01 -3.922112517249780050e-01 6.004792531794490573e-01 -3.970823998568118185e-01 -1.398247992194279865e+00 -6.612568044123616762e-01 1.134967719595991520e+00 6.015378301128801453e-02 -6.304412419375926557e-01 -2.303202794229626260e+00 1.135953190933638446e+00 3.948113866085239954e-02 1.492634310122442631e+00 2.196279139897312216e-01 -2.433629143432305852e+00 -7.187116899398583725e-02 -1.438643145612517049e+00 -9.630535876397516848e-01 6.899892600689156996e-01 -1.173535630762555071e+00 5.367544374535084817e-01 7.459698874880096309e-01 -1.690021710050773895e-01 -5.853039150703344129e-01 -7.931873902989684533e-01 2.406902848033538878e-01 -1.497065687017652691e-01 -6.083040591809548703e-01 7.466311512438860154e-01 2.600029737986981893e-01 -1.556692956722404153e+00 1.147249677044540395e+00 7.554228306093397904e-01 1.010625029211666137e-01 -1.417111253189617059e+00 -8.579991096549083318e-01 -7.475563718791646828e-01 -2.764175616881653363e-01 -5.261528927180206816e-01 -1.104919717756934316e+00 2.051770671370004573e-01 -6.584153451739934715e-01 -1.671508446329935893e+00 -6.483689572772427523e-01 -2.042161200950071365e+00 1.172280896167752884e+00 -6.612431834664632690e-01 1.427950481777510383e+00
-1.375645016544504884e+00 1.462900846724954629e-01 -9.356923762839415293e-01 -1.446938504688913829e+00 1.324086263006134745e+00 1.858153929362749146e+00 2.448977218068600636e-01 3.455830692885900057e-01 -1.985768996122563579e-01 -1.090816508253368955e+00 3.628619773796505354e-01 -9.384373492612353429e-01 -1.625848558065718708e+00 -1.317108641180119166e-01 6.338076517149761058e-01 -7.009653654220597829e-01 7.629772350173162909e-01 1.877492957638365878e+00 1.472190345178775894e+00 9.093701420401738567e-01 5.990073700781802790e-01 1.221289336900533540e+00 -9.610449893959750467e-01 -1.314546922665775330e+00 1.050395386949819709e+00 -9.624943783704105194e-01 5.734607333718945155e-01 -1.835022396645191511e+00 -1.195000589006862124e-01 5.636691939176474708e-01 -7.294665024680794252e-01 1.748975306308741262e-01 -3.659428382358303478e-01 4.089447776556106029e-01 8.229362763498009326e-01 -1.013990446311384241e+00 1.688015126481856865e-01 1.977242175641306110e-01 -3.872274277405410858e-01 -4.917156870463378349e-01 3.174966959401523403e-01 -9.032956392903686016e-01 8.039065349908142144e-01 -1.003024863942827860e+00 -1.221921204817556283e+00 -1.301123823889586362e+00 4.885364334290133170e-01 3.059495779395267623e-01 1.068225367812458027e+00 8.744910328283305168e-01 -3.230404545328114940e-01 9.903467898547158033e-01 1.047032056516944198e+00 3.392718636748625616e-01 -4.554355024429518894e-01 -4.303551321335900570e-01 1.691926955503518237e-01 6.335932779150629246e-01 -1.197797340428819579e+00 3.771785376133550693e-01 -1.136790580842054421e+00 -2.483299185219338401e-01 1.094549676494987134e+00 1.447049117689091613e+00 -2.879163524635621196e-01 -1.057945756045210794e+00 -1.696698449376018436e+00 6.378140016728683914e-01 -7.165685909186225722e-01 3.370065018655512418e-02 2.019609603257318753e+00 8.590434221118607994e-01 -7.548967222783566910e-01 6.454732356523567027e-01 1.092381048817532951e+00 -6.054144575984460319e-01 -2.525358169180039969e+00 -1.031364410635718265e+00 4.179959616149233614e-01 -9.936917120073704979e-01 8.853293088925001664e-01 1.054891401024359743e+00 6.800891337814933546e-02 -8.353901586591501172e-01 2.251707078386094019e-01 -8.508534196378304548e-01 -1.480273447685716892e+00 -1.022401829885646762e+00 -2.338269783597187956e+00 9.687804699486677329e-01 -4.174262846422882034e-01 -5.013772907299954840e-01 -8.682023284897611992e-01 -1.507855931651475856e-01 1.502825231369082415e+00 -5.391272956835345687e-01 1.044847691204921158e+00 5.377426737584356520e-01 -6.754215594604617845e-01 -9.793496825136249750e-01
5.073285843571737619e-01 1.046157955107681392e+00 2.041002840755666625e+00 -4.064596627382733307e-01 -2.124184314866734979e-01 7.002659203399088650e-01 -1.114786750934372961e+00 -2.195154653390527233e-01 6.433154417945473602e-01 8.718991610999958786e-01 -7.488150671835772654e-01 -1.202065075753850243e+00 1.635082122608320532e+00 -1.614863503200398842e-01 2.251301808159026641e-01 -2.575972006680342097e-01 -1.279452550947872247e+00 -7.963649706172080955e-02 1.066277755004038541e+00 -8.996371797380358082e-01 -5.581915496032791024e-01 -1.380681196679317102e+00 6.519408776233828196e-01 -1.847500909427183813e-01 -9.983459276862435283e-01 -2.608833304069970715e-01 1.095829443657823976e+00 7.231348602622045263e-01 1.323096008343711549e+00 -2.365430911401741554e+00 2.344339461003255576e-01 -8.836933221223846058e-01 -1.371467891386044524e+00 -1.996692292009061565e-01 4.465541296109346026e-02 -1.011678602833343321e+00 1.343808945218038231e-01 1.547291079611334830e+00 5.484241676094533391e-01 -2.845806266437863052e-01 2.052462563059697764e+00 1.241832559811213654e+00 -1.673346180159862862e-01 6.636451212891498752e-01 -2.839775454988509917e+00 -4.474171291760854485e-01 3.295779158431293987e-01 -1.120755021306589494e-01 -2.421959716552798680e-01 -1.621149011286326713e+00 -8.645520231660237809e-02 -1.314279654059854918e+00 -1.502040266190810103e+00 -1.687115474639878376e-01 6.336285676134560674e-02 8.688074733514061787e-01 1.111079265908506919e+00 -2.963801486234278748e-01 1.117006024049910673e+00 2.366204960098245991e-01 4.356241689641863757e-01 -4.669462191311516408e-01 -1.465693332445105190e-01 3.731103044262409907e-01 -2.507120262009640554e-01 -1.267282269399224059e+00 7.009310464279218111e-01 -2.540534120828764619e-01 6.397924656478624073e-01 -4.094089225966914269e-01 -7.551871151355581402e-01 1.347006509884983938e+00 8.472662635569998546e-01 -1.304730123343173509e-01 -2.096046136856872355e+00 -7.016579092274255469e-01 -1.959539353091547531e-01 1.153682293102938683e+00 5.575173933225286982e-01 9.285417406050355815e-01 -9.001047471135827927e-01 1.557891703402831451e+00 -5.765449072108626005e-01 -1.397356685081090899e-01 4.466662380994821935e-01 6.851981315242704484e-01 -6.933813895434688401e-01 -4.863714445329284097e-01 -1.368803758739090215e+00 -7.671064361230015560e-01 -5.261113905045715008e-03 3.082217640354902310e-01 -5.221625559104473568e-01 1.750562753770899538e-01 -1.029443907998655705e+00 2.238196223863002654e+00 -9.285197253128484318e-01 -5.878420332055712683e-01 1.429360917949631382e+00 -2.173409451269299630e+00
3.499009849817927287e-01 8.635221925224779715e-01 5.117958840509928553e-01 1.761981035573230603e+00 -6.812783099746931859e-01 5.919516445752436296e-01 4.909437837653420900e-01 -6.999398616442651377e-01 -5.871111138851422551e-01 1.480221160459418872e+00 -1.251028638288179118e-01 -1.033043349317348980e+00 2.445124976393674210e+00 -2.199804223518708399e-02 -5.310500790558428941e-01 1.891179538879123490e+00 -1.567079641436797788e+00 -7.526612594427177783e-01 1.163599670142476894e+00 -7.157543821567025066e-02 2.497899060357916312e+00 1.566948479658436533e+00 -2.765143006781276003e-01 4.766000163658077327e-01 -2.755061080188581091e-01 8.316055358311487122e-01 1.261218235030652224e+00 -3.917948648258507416e-01 -1.615934832753798400e-01 2.023360362773269916e+00 4.390249286717954336e-01 1.440212665617784271e+00 -6.718021826294250098e-02 -3.547801042769630486e-01 2.532598413083989586e-01 2.500841972225817389e-01 3.647780697781128900e-01 -8.569786877617225906e-01 -4.466782717384686352e-01 1.229042042032607363e+00 -1.558030553145759667e+00 -2.893389599571934978e-01 -2.325306953363234508e-01 4.093042169143121800e-01 -8.131902191762393484e-01 2.364561971093162920e-02 2.327811284458718710e-01 -3.457274057425608338e-01 1.519173677294062275e+00 1.060645575358598602e+00 -1.456358255883671626e+00 1.128420229282303344e+00 3.216627282461190923e-02 -4.857829917723999191e-01 1.181563222963095683e+00 -2.314042079604432534e+00 -8.658341894279436568e-01 -4.579313674423076130e-01 2.403603844594067451e-01 -1.839646637543759455e+00 5.787809816654527761e-01 -1.365114477678229132e+00 1.171610786037910051e-01 -1.382442188894029145e-01 -1.251215069098863708e+00 -1.088757216547002526e+00 -2.093583482746204094e+00 -1.115204951240059833e-01 -4.756288875186322485e-01 5.954049944241788239e-01 1.017575281092196082e+00 3.452915657309227893e-01 1.588490555963343098e+00 -1.394655862926899914e+00 -2.818248354210862727e-01 1.093305397363067838e-01 -4.441347868322588766e-01 1.442610799468844185e+00 3.423102261145344327e-01 2.996747119703433437e-01 -5.506211325941041679e-01 1.809901263328219212e+00 2.572121048419588607e-02 -1.614424274598690867e-01 2.771398088828637363e+00 4.608634885285636806e-01 1.694640686330838752e+00 -9.355886298087919828e-01 7.669841588382158015e-01 -2.040757415568622779e+00 -8.825943329666438020e-01 -1.131413749976773575e+00 4.905163093979842404e-01 -3.251404112739880031e-02 5.195796058298250975e-01 -3.696709000889499275e-01 -4.632478640999568853e-01 3.234175723953563453e-01 4.076717670768485458e-01 1.147647313279077208e+00
1.687043910832929650e-01 2.006680890528198979e+00 1.007500411650530170e+00 -1.540995351400431979e+00 1.116729508805985427e+00 1.185713830884024711e+00 5.481785528808308383e-01 -7.580769171236709791e-01 -1.909663867188382547e+00 1.772314826019959211e-01 -1.721043046354243100e-01 -2.641013580334747868e+00 6.387663896590295431e-01 7.205625730483629088e-01 1.021588755088367328e+00 2.251887748565387648e-01 -2.518865091224949393e-01 -1.213917149220841152e+00 -8.788572952940530980e-01 -1.254204220889308496e+00 9.895783817694188134e-01 7.655891922761036694e-01 5.703877778087319550e-01 3.408444692881261728e-01 4.797057030399499711e-01 2.430878488673533067e+00 1.391689015428251297e-01 9.231265697348665575e-03 2.644734864664923246e-01 7.884496424889620991e-01 -9.140676673754465076e-02 9.286726827434639286e-01 3.352246280099245579e-02 1.191327942160272491e+00 -3.359460111332266963e-01 7.749290436167965979e-01 -1.222278583573259247e+00 -1.052423563493232628e+00 4.758085829257630017e-01 1.509882137254710877e+00 1.017224356175348565e-01 -1.220671829713114276e+00 -2.039613408132543715e-01 -1.583246436217831399e-01 -4.073704777284223866e-01 4.750929513976294705e-01 5.767880977345963833e-01 -2.059463707456200277e-01 -2.192090288381381757e+00 6.399772129263961440e-02 -1.850272695720716065e+00 5.522178933611525675e-01 1.800521336048643839e+00 3.803117772889561682e-02 -5.754643044190970169e-01 -1.528974535525755574e+00 -1.559624660063711810e+00 3.367881140058306966e-01 -3.333767183259585654e+00 -1.240684827075531071e+00 -6.508548423735700528e-01 7.625413632931150876e-02 -1.120709689279554500e+00 1.941421725633874829e+00 -1.235454771508495808e+00 -3.700379440772220141e-01 -3.663849747772674470e-01 3.476834462834017536e-01 7.873525606690063849e-01 -1.096873961176264706e-01 -3.824913205411832884e-01 -1.356988211837865332e+00 -6.921816551591983835e-01 2.763473917586413808e+00 -3.335180412965341179e-01 -1.549540217041517565e+00 1.750506452899009968e-01 1.683256194027917818e-01 1.925538267059526465e+00 1.208341319118198809e-01 1.638503559154396383e+00 2.832858526472591398e-01 -8.207600087024782276e-01 1.153398522284749150e+00 1.025288306061374610e-01 2.166331511696403478e+00 8.369626493359072494e-01 1.341566983691532933e+00 2.483827846988700960e-01 -1.170083849333743320e+00 -1.297664178568944449e+00 -1.275480707227643951e+00 -4.986415108751175995e-01 1.676925836946070447e+00 -7.384276326614843677e-01 -1.094923808355420913e+00 1.444277034861104481e+00 -5.832049592851868969e-01 1.783165449520311419e-01 4.815175776234259519e-01
1.332424377996015152e-01 3.936077584618742353e-01 -8.322806010073806604e-01 5.412540828345159261e-01 2.071255164292622464e+00 -1.315266653709769917e+00 -1.245430075584488261e+00 1.125679658064661082e+00 -3.596387807458196334e-02 6.610701661419629005e-01 -4.946667021819969867e-01 3.904681921360707575e-01 -6.873592544750504185e-01 3.849008493811481579e-02 -2.494075121726790023e+00 -1.240871548830176030e+00 -7.682143905966547504e-01 -8.932264314012632322e-01 1.065676020539373825e+00 -5.680304861383809190e-01 -2.228561782581636209e-03 1.419648359380882630e+00 -4.080523512815812381e-01 1.446666248512084585e-01 -3.356187809855087356e-01 3.141177595644720766e-01 -3.563459023114629032e-01 -5.215361806969254221e-01 5.355046556917062439e-01 -6.251176052276959938e-01 -6.323654308210332475e-01 -1.541767441269683847e-01 6.404865370837145022e-01 3.658759535499226390e-01 -7.412414554953056234e-01 -3.961431751391124578e-01 2.025832390828173235e+00 1.440479193345028053e+00 2.228699635117645794e+00 -6.098485676343576856e-01 1.266551564383168405e+00 -3.824919057195184657e-01 -1.762123437761110356e+00 5.959257843501449825e-01 1.200999427128485841e+00 1.540830734777369759e-01 -6.273844228613917329e-01 -1.523410372644723676e+00 1.006072035585290347e+00 4.607706882373393542e-01 -7.081002582546116475e-01 -5.624509328735777247e-01 3.990607426776899280e-01 7.202173076552425002e-01 -9.932450780511854482e-01 1.217388360606884989e-01 1.221514829995623330e+00 1.560200789168575963e-01 7.248148521730979343e-01 -9.646935665842797381e-01 -2.773265591704645594e-01 1.448398663743359016e+00 8.416208583617760253e-01 -2.901831460685238895e+00 -1.102563844923305059e+00 -3.088034713304753653e-01 1.713907310605986278e-01 3.959720049328093183e-01 9.391864552938606128e-03 2.310476858629148533e-01 7.464183125357529702e-01 -9.950420488970629362e-01 -8.206402822624870863e-01 1.772275611607998291e+00 4.611021387801026994e-01 -4.746849634912512217e-01 -1.263572135702804855e-01 -1.383451408087090218e-01 4.870663111564500491e-01 3.121307902524286804e-01 1.241414789993511958e+00 -1.314334421032366862e+00 -8.442195959758940216e-01 1.310297850558958255e-01 -1.627138018768287675e-01 -8.570954793218508172e-01 1.716891919886840201e+00 -1.917205858769355509e-01 -2.569928726949247677e-01 5.615190260764535424e-01 2.146715759619528541e+00 -1.894581779083354400e-01 2.402024390942553433e-01 -6.627643097583207910e-01 -1.088107126540448721e+00 -7.774932556894206259e-01 6.745990390639994283e-01 -1.065063573123008700e+00 -1.001227327718520410e+00 1.447264275536889189e+00
2.038455852725303163e+00 9.073839406487854697e-01 -9.976308935143202161e-01 9.124165370404289099e-01 -3.788890705639825218e-01 -1.077224164383369098e+00 -5.835163296115775111e-01 2.764748318260162874e-01 -1.119788772308696778e+00 1.193086507438012145e+00 5.065138089342863248e-01 -8.631372562770732726e-01 -2.047814513295154626e+00 -2.197121490636425589e-01 -7.158113032930677466e-01 -9.229195594848414730e-02 -2.867902284502338306e-01 6.296301667657986378e-01 7.134187539720716620e-01 1.064622000610021990e+00 4.863064740256596297e-01 -7.880092949408316894e-02 9.567346974392593184e-01 8.600122861757112380e-01 8.489335612624056004e-01 1.470328662130320430e+00 -2.837212153105698742e-01 -4.522342287235139868e-01 3.088556662450331891e-01 1.350709958680134104e+00 7.294991849509034898e-01 1.024336573801769346e+00 -1.062716632319674837e+00 -8.916686195864137465e-01 4.776614173056031309e-01 -4.381071004121491752e-01 5.974583798871536677e-01 -6.565532113688576921e-01 3.707473585243467040e-01 9.732965579132234479e-01 -1.198930999875140957e+00 5.032891192657119595e-01 2.515621512840405805e-01 5.099956972531427546e-01 9.969568041141380066e-01 2.754585135910617155e-01 1.586467235788162622e+00 -5.954892982850208405e-01 -2.151596324962708542e-02 -8.818634585967172201e-02 -7.831533586987813322e-01 1.024425018174585533e+00 -5.058306751581393736e-03 1.941120758629404919e-01 -1.107612638511803471e+00 3.091286733403459386e-01 7.066068915814872620e-01 -6.331954983014058680e-01 1.741052525195204481e+00 -2.259263714675490142e+00 -7.587847432338740150e-01 6.850072740987058761e-01 1.328989333471139789e+00 3.083730347749533696e-01 5.431814645241298534e-01 -3.847755655710152767e-01 5.296895954771457804e-01 1.147521221135031189e+00 -9.621305845145031732e-01 9.882093286944040877e-02 4.137661661359468696e-02 -1.491950772188362084e-01 1.998047247805807558e+00 9.029040263688365986e-01 -7.682698799646194843e-01 2.032256075761664338e+00 -2.492368205017951865e-01 -9.525218334525080710e-01 -8.020180269229649772e-01 -1.316896199097956854e+00 8.601723345446775637e-01 1.100197939436044603e+00 1.027346536485457262e+00 1.546931797648810614e-01 6.116683091844011821e-01 2.647483431329112902e-01 1.325315051649382569e+00 7.627903339359479729e-01 2.522583550285207796e-02 -1.289974775589980194e+00 -9.318325415780526200e-01 -2.171673595694666670e+00 -4.108677339826997121e-01 -6.276668979710393892e-02 -1.229952711832535517e+00 -5.126695726338879044e-01 1.266056956026232472e+00 -5.104251478057258984e-02 -1.028049628802767401e+00 4.194542613571364265e-01
-9.966155569432303407e-01 -3.890628880455388461e-01 3.771759525676992575e-01 1.479495677080753246e-01 8.332272733460955871e-01 5.418409144511625586e-01 -1.358069035951147141e+00 -9.061469220731478424e-01 -9.401114995885523351e-01 2.497836682858315172e+00 -2.900280132178493786e-01 9.205463368543819191e-01 2.460435878763759909e+00 -1.935881196086453038e-01 -4.526204551378418817e-01 -1.165183679309487852e+00 -6.184226237498745560e-01 -2.064760291336500853e+00 3.466324684645654686e-01 8.025751143914313657e-01 2.521794925666005494e-01 -6.953115095002528889e-01 5.880691368701053134e-01 -8.605519883040719797e-01 -4.319582623693331985e-02 1.200949986500860822e+00 -1.405080614089271762e+00 -1.530262589515847926e+00 6.340934064648873214e-01 -3.769609015075942038e-02 -2.080787041653596736e-01 7.472768183219846705e-01 7.277708514865264267e-01 -1.194950922008062300e+00 1.020122315876507368e+00 -1.004030919052646187e+00 2.853809943731817067e-01 -1.075045193206854544e+00 1.200816082230403925e+00 3.490894972134073182e-01 1.786050651158182401e+00 6.885183523269208239e-01 1.012711007519283113e+00 1.145364871598411716e+00 2.004925210341535813e+00 8.367405007163233321e-01 6.234727544956706335e-01 1.776901590479530890e+00 3.802938533444114033e-01 -2.453247516684711194e+00 -2.758688778854989088e-01 5.242680391673993912e-01 -3.317621576414029327e-01 6.637479604183119664e-01 -2.045649622820242985e+00 9.612915712880232277e-01 3.506158622346088882e-01 -8.678819764017884353e-01 -1.889624435529182023e+00 -2.242321779461797504e-01 2.246039669371140413e-01 1.956294510345242821e-01 -8.983850670722197673e-01 -1.679989979131325084e+00 2.443345587643415973e-01 4.749036215445479603e-01 -3.613055627411405069e-01 1.925099441397674527e+00 5.187650740863559290e-02 8.897417862328064198e-01 7.286899700760661736e-01 -5.945120890094530708e-01 3.525869167867736187e-01 6.288208028701891550e-01 6.070887792777780456e-01 1.988612349368797383e-01 -4.705721918083235478e-01 -3.559411763559616193e-01 -4.879869049396916569e-01 6.238607341081564561e-01 4.192018240675145224e-02 8.319231213949847270e-02 3.440715825594708455e-01 5.818934044391248506e-01 -1.116331752885318718e+00 -3.018841666971729509e+00 -2.987481787566864666e-01 4.069536549175132301e-01 1.832821192452291637e-01 7.512165187812750444e-01 -1.409301077273485747e+00 -1.189629994827851922e+00 2.405436364450693754e-01 -6.945395145874546650e-01 1.391092920865106830e+00 4.478746883483026853e-01 6.478737460454773167e-01 -1.188986364565839615e+00 -3.767405429249437443e-01 -4.720574203110128875e-01
1.031730040410204996e+00 -4.477401806123838535e-01 -5.470360448061829528e-01 -2.191954029300778206e+00 2.635869618852478835e-01 -1.478783469330794853e+00 7.560732709444151212e-01 8.083830969237814079e-01 7.220248844289085810e-02 1.167705847445085654e+00 1.038073650496008776e-01 3.006364953405507023e-01 1.300786017364637948e-01 -1.665393197624066846e-02 -1.458117493424490041e+00 -8.179331358906751781e-01 -1.292186706819995479e+00 2.477486484914533105e-01 -1.487748961170116235e+00 1.982511111384567815e-01 1.397667376397630778e-01 6.090865515594465762e-01 -4.992956196303311445e-01 -8.646168517341379367e-01 -1.150766750882485479e+00 9.550299491646054850e-01 2.903300027912539605e+00 -6.733879688339797775e-01 6.935133250934412130e-01 1.285604511805434058e-01 -3.025766982782748249e-01 -2.866082074632708698e-01 -6.708713590533400550e-01 1.356213010409719477e-01 -1.092901614931530929e+00 -5.992055196851260312e-01 4.999509709312917501e-03 8.154271123644779573e-01 -1.132585094321700625e+00 -6.316445845183169538e-01 3.424112241564425951e-01 1.944951137004213848e-01 -1.280483119203714715e+00 -1.021920520706182334e+00 -7.285549175439182124e-01 -7.993763272700592504e-01 5.045249876209632056e-01 5.032831134718929178e-01 -1.957676399925216693e+00 -1.486734350091415413e+00 -2.328956174771327353e-02 1.163209597300104113e-02 -2.690029812501301132e-01 1.146090409889848782e+00 5.300241624279412589e-01 -8.483155278400204835e-02 -1.718577415606089842e-01 1.858685992137888876e+00 -2.831277860227081056e-01 -2.114891820622893104e-01 2.138106520514195252e-01 3.877966596085373197e-01 -3.790381381540499639e-01 1.137094885080565776e+00 -1.214806520841451354e+00 -1.528201390554074557e+00 -9.959637438935090570e-01 3.517049980130914633e-01 2.333106246909186499e-01 1.772931991053350309e+00 -4.299908554123516025e-01 -1.828085403327852632e-01 -8.938122528914764775e-01 -1.222103131731797632e+00 2.269592273173624442e+00 -7.046702005405998115e-01 -1.157521356855657713e+00 -2.074042564289663382e+00 7.625776067943761116e-02 7.294000534140424596e-01 7.283755887069484070e-01 7.817532807670020123e-01 -5.554335692475930175e-01 -4.847780491801923636e-02 -3.108914884052106142e+00 1.117755120665431701e+00 -1.527796055843184120e-01 -3.401734152183104043e-01 4.067730106102634413e-01 -1.840792952903521143e-02 1.065007471739424921e-01 -7.825250760797382021e-01 6.083708492502680754e-01 -9.072951770030058816e-01 1.043815655990699282e-01 8.717314048561277673e-01 -2.526618824639791372e-01 -8.547444083884566668e-01 1.497115634947659424e-01 9.789066729781693565e-01
-5.548402501774736262e-01 -8.986216517469336473e-01 -1.365570663629556980e-01 3.547497438158437322e-01 -4.946668499194973312e-01 1.592417468656937451e+00 -1.187931974456057249e+00 -5.554234442798727800e-02 3.042847454178135846e-01 4.588195881489693512e-02 -4.408807561263295982e-01 -1.015382006437338447e+00 1.420566082647676254e+00 3.294716327890144236e-01 1.097252078239395301e+00 -9.153558838846126422e-01 5.022700927090772982e-01 -1.688919100344819235e-01 -5.573072028920746934e-01 9.225620689025220145e-01 -1.080565565751683277e+00 -6.402787151871912330e-02 -2.127459336612136376e-01 8.035831347722506290e-01 5.503121322484384459e-01 -7.464844597490164109e-03 6.790199800513171402e-01 -5.882477126753185015e-01 -3.813100445094200763e-01 -6.999002103005128594e-01 1.788851556754101457e+00 -7.565440985318898637e-01 1.563315924914694843e+00 -8.287069655312536698e-01 5.228048350048218884e-01 3.556887611321004061e-01 6.320684740410015268e-02 -5.378979590835926139e-01 1.479989102207519280e-01 8.272329714060233652e-01 1.141778131059896229e+00 -3.497757034442829926e-01 1.547736747583395855e+00 3.376296934126641336e-01 -1.041835419480734659e+00 1.985020651325714591e-01 4.732268241169471090e-01 -2.127159601496797156e-02 -1.895537059112194223e-01 4.750817357538151264e-01 2.135718848886177579e+00 -1.190259588809536417e+00 2.583700320513903081e-01 -2.519835791507561429e-01 -4.977561807819303463e-01 -1.694716411941700474e-01 2.750827990044087401e-01 -1.875541993397399354e-01 6.510685089151027061e-01 6.893746313958019067e-01 -6.726082831377527826e-01 4.435553543404620602e-01 8.823617463168614838e-01 -1.036605705934603022e-01 -1.239471985860700343e-01 4.221545100628134040e-01 5.947061606499776110e-01 -1.120964133977228327e-01 -7.570127836133140331e-01 1.059158249831859022e+00 -3.694974059243993358e-01 5.157218111693756546e-01 1.348101670993191670e+00 -4.842813900743597189e-01 -1.078557948082355056e+00 -1.226022020484204278e+00 -1.441793306077635339e+00 7.998256313252245508e-01 -5.904715532173139270e-01 -1.213525969735192306e-01 -1.229288048828011959e-01 -1.024175132365188867e+00 1.610713937077458136e-01 -7.588613507345733922e-01 9.025862577504850659e-02 1.949062665462499289e-01 4.298061503416534396e-02 5.199589817750360776e-01 -4.447607704495173953e-02 -5.605605179030448415e-01 3.646795617899801622e-03 5.025881463103903934e-01 6.013661578384965622e-01 -1.321987390306103849e-01 2.684229238570715395e-02 -2.171473403572659611e-01 5.147964932718168685e-01 -3.275049011320379511e-01 5.705639973064360326e-01 -1.712384355306029726e-01
-2.255850939904834318e-01 -1.285743776978219288e-01 1.039522990781992506e+00 9.617909340105894600e-01 1.713196976510922509e+00 -8.219724967572523688e-01 -1.411210081832283247e+00 1.765378861298021906e+00 4.330556129109444652e-01 -1.108288776591467073e+00 -7.281061591124883270e-01 -1.380962488143850364e-01 3.232050144504657330e-01 8.059073202452669837e-02 5.038505526807420809e-01 1.217491538143196550e+00 -6.684673691052511746e-01 5.254638871851978754e-01 -3.308830624022372491e-01 -2.106272897093971197e-01 2.980291440437312089e-01 -2.251291206153679170e+00 -9.553522711105765230e-01 8.493130034864255773e-01 9.766707928192753796e-01 1.653714671705135489e-02 -1.648392277868239164e+00 3.699281578796521641e-01 -1.021659685411682839e+00 8.494899148862393723e-01 -2.409508414194838910e-01 -3.528081474357925296e-01 -4.106637072449567660e-01 -1.190520129514347047e+00 6.828493543524205567e-01 -1.160711026993621831e+00 2.259912713046030586e+00 6.010526826237084785e-01 -9.914845865524664070e-01 -5.975024197540634852e-01 -8.821344335035000706e-01 7.137918476298749093e-01 3.661651631153178821e-01 1.511027754874486373e+00 -3.482722812927271372e-01 4.031892804855272128e-01 7.939851901490269093e-02 -1.075542346050835318e+00 9.898749723264645972e-01 -1.236664209743033371e+00 3.069207383568371972e-01 1.973956058318202811e-01 1.130687002931881485e-01 -2.654384348352206713e-01 -1.282243173308278195e+00 -1.458838555413846327e+00 -3.869034810838906657e-01 -1.549979921463351173e+00 1.483755237681830152e+00 5.078522280100130626e-01 2.050160716478682588e+00 -6.941701351065858727e-01 3.367238911312935845e-01 1.527688761084041946e+00 -7.130673871224960658e-01 3.315309438315729995e-01 5.847646104038624060e-01 6.799314588737422893e-01 -1.715748037376840118e+00 1.178619855783110459e+00 -7.939090862747330002e-01 -7.515874668834735539e-01 -1.204802271681869374e+00 -2.650643636883323606e-01 1.715480037952500814e+00 -3.053474571875102739e-01 3.610400877510717144e-01 -2.528630678402566390e-01 1.522018470365051224e+00 7.976823745779055841e-01 1.086265014742161084e+00 -1.866563423188786430e+00 5.020823362885784569e-01 1.344723851491592903e+00 7.261550655881175986e-01 4.599464882905537344e-01 1.474486159224121851e+00 -7.818590598027190808e-01 -1.596182190798129286e+00 -9.678595029289904783e-01 -1.774564648761178809e+00 1.979236200421006231e+00 -9.015054787516524337e-01 1.879268448436529404e+00 1.395653502180773886e+00 6.904813021466693623e-02 1.541562213082347532e-01 1.698804869763901326e-01 5.320927300757094525e-01 2.869851103725991615e-01
1.361724370070428902e+00 -6.591943454670869951e-01 -2.666166357428780276e-01 -8.967869910603252226e-01 -1.073843161847055638e+00 5.954956088630235234e-02 5.681231572940270702e-01 -1.173968107010590289e+00 1.860290050191866440e+00 -7.395107445200521656e-01 -3.108945111539039852e-01 7.913786564610106322e-02 -1.133255123128287023e+00 2.209647437238389855e+00 6.123457330076766125e-02 -1.506917939466380529e+00 6.590993745780701629e-02 1.618540143662173525e-01 5.720439920519784227e-01 6.699083283065794259e-01 -2.487046529619780511e-01 1.645032168239898951e+00 -1.198142678554749097e+00 5.084975843706146525e-01 1.671198746412072333e+00 6.533074131017078123e-01 1.050209000502163148e+00 -6.680041302370008927e-01 -2.649702247221262241e-01 4.053836654776590276e-01 -2.854699947679528726e-01 -1.630721961263377429e+00 1.068756297289266355e+00 1.029530184075471588e+00 6.170054608253293660e-01 -2.039656954932529853e+00 -1.415200472406214161e+00 -2.770944982056386396e-01 -2.769999504715742744e-01 -4.101141431369497159e-01 -1.298257019419352343e+00 -1.855571587847521797e-01 1.333190440654702380e+00 6.396795850977533837e-02 -8.930105272840727082e-01 -9.851546424933880219e-01 -3.260563822304552994e-01 -1.389816731631176305e-01 -7.358738863696168142e-01 -2.428129454699712308e+00 -6.328014693595238049e-02 -4.224204611974127083e-02 6.408395238235214952e-01 -7.787053208264635984e-01 7.556071923397711387e-01 -1.427850011392115093e+00 1.050709742111326506e-01 -1.246883811179659851e+00 -1.558736987053673584e+00 -1.255920793080578468e+00 1.015209274353662927e+00 -7.761892635783231853e-01 -1.646706954345664498e+00 -3.684654667786955717e-01 -3.038637358209003159e-01 -1.482320937131286875e+00 4.825941513402924321e-01 -3.356554694894335888e-01 8.104407996507567713e-02 -2.265277323001275711e+00 1.560016171743215052e+00 -1.461791044564937359e-01 -7.505630382297741043e-01 -9.606340598526363905e-01 2.215585228731549172e+00 1.365398002726313509e+00 -8.255348995561907488e-01 -7.979536482183405832e-01 8.992494340997387869e-01 1.848282448734399619e-01 -1.205672933951642101e+00 9.096349561026552122e-01 7.588746424580291583e-01 1.534486714726035705e+00 -6.102777725930467190e-01 4.842948824005953445e-02 3.118197578844194018e-01 1.941583397829249824e+00 -1.086824082093444277e+00 3.428428161219143067e-01 1.976842447928611746e+00 -6.543154224983986911e-01 5.983905583428814623e-01 1.518953888506315852e+00 -1.985248048329709469e+00 -1.135741680488495664e+00 -8.864310240937602892e-01 9.580565280719610666e-01 1.139347560924293817e-01 -3.285994534326219241e-01
-1.284372370358170867e+00 1.667469142776065283e+00 4.430560995443845740e-01 8.909654892515353475e-02 -4.714985402936922587e-01 -2.572413502504196092e-01 -3.156608913195423916e-01 -1.807326510586919843e+00 1.278503072096747184e+00 1.718406529898548030e+00 2.285400979061692706e+00 -3.192860626395070400e-01 -3.565523664897852774e-01 -3.134657021951364197e-01 3.269372592771486730e-01 2.312676542950352077e-01 4.769679258744954908e-01 -1.584948777701995937e+00 -1.779995384631893329e-01 -1.334970127938660323e+00 -7.528267888043860268e-01 -6.143081997885111445e-01 -4.665153999728084006e-02 8.955917071668479945e-01 9.409053722600603242e-01 -8.901295753615645623e-01 4.097753807809180748e-01 -1.552536601089146595e+00 -1.049870682527368260e+00 8.724130502590032865e-01 -1.121462985247512423e+00 -2.886806939355043289e-01 -1.519427817096977162e-01 -5.522827893463845284e-01 1.515832672265985170e+00 7.901630958559262563e-01 1.368628461977590582e+00 -9.309253981486108609e-01 7.385821317391498830e-01 -1.450748942777372319e+00 -2.741586624306787678e-01 -4.248174649245407553e-01 9.391307026411905845e-01 -3.387461361331108034e-02 -6.338370010085024875e-01 2.375180780347433684e-01 1.060605059888566792e+00 6.628933485190716679e-01 -1.138482849724384183e+00 -1.243952390188753920e+00 3.361685807438777318e-01 -6.985161642314253738e-01 -1.998383451953799517e+00 1.546811742509223153e+00 1.591974879808669696e+00 9.323166733658374561e-01 7.862622252766862108e-01 3.640081497961635271e-01 3.581863263413677667e-01 -2.468642245193765350e-01 6.343685271554218019e-01 -1.618301977734343478e+00 -8.684875997821271953e-01 -4.394966415771839330e-02 -2.242515487671240759e+00 1.467196116413146623e+00 5.377605627737062077e-01 -5.873324247146967103e-01 7.982366956274590253e-01 1.167170532875888345e+00 2.894143076566049189e-01 -2.499728006778259570e-01 -8.595812220229094303e-01 -1.612973399446342215e+00 1.475682399739738582e+00 7.968041548026053578e-01 -6.761538704080336526e-01 -4.526631836482463145e-01 -7.849520724333073352e-01 2.147629821488198920e-01 1.088850640876840359e+00 3.651059792654771097e-01 -1.267564356840720219e-01 8.167447175747291066e-01 9.841070602522233868e-01 -7.456716534522523920e-01 -3.901281442434143543e-01 -5.988585409426536721e-01 4.467049405966448394e-01 -4.617655278360330989e-02 -6.270759021078915474e-01 -5.370940395979876270e-01 -5.882355921378851216e-01 -1.482768826561971176e+00 4.189012350663192108e-01 -3.884780221445582882e-01 -8.854208406885658023e-02 3.833669663289489549e-01 -9.818799683350299956e-01 1.123652113373190958e-01
1.040959845279221252e+00 6.155065542023460123e-01 -2.120990865302404549e-01 -4.708495889261897493e-02 8.921412654020098587e-03 1.351334911044278275e+00 -7.766518919459811654e-01 -2.228862410816322831e-02 -2.328619668660598385e-01 -9.302167189101304690e-01 1.890816577884177452e+00 1.714923877207892078e+00 3.107382178322303790e-01 1.516325914392765428e-01 1.386715148800259811e+00 -7.516492406561832151e-01 8.479880143058394770e-01 -2.977754949588896083e-01 2.775425619344745187e-01 -3.742393082333684839e-01 -2.095144767581765544e-01 -7.267780251801403413e-01 9.135544362110707972e-01 -1.680051288861222014e+00 -1.057537201244039160e+00 2.266944403216151760e-01 8.126919956481837293e-01 -1.842504308905715593e+00 1.702281916687814478e+00 -1.788050624823699364e+00 -1.114698056074122867e+00 2.643404690234255616e-01 -9.626344932485623174e-01 -1.819012627471599641e+00 -7.749640928883700930e-01 1.906250685378062082e+00 -9.587704655874127457e-01 -2.296733433569572380e+00 -3.061764223625239034e-01 -1.056427969615561846e+00 -6.891349482239962354e-01 -9.081141311298330798e-01 -1.029374651345695835e-01 -1.437644410312544085e+00 1.491025468152556321e+00 -1.488200159356927177e+00 -8.762680752961845565e-01 8.867882545097147684e-01 1.563784464382240447e-01 7.426368069704411545e-02 1.214618896378937718e+00 -8.981745966546228477e-01 -4.221508613635536755e-01 1.242359172203526096e+00 -7.337419385313606046e-01 9.160210988560378853e-01 6.727450661025822232e-01 -1.888379372922559751e+00 7.478221638559280349e-01 -1.159033447926330063e-01 -7.342478970776611380e-01 1.061458216840764690e+00 -9.324922157776668330e-01 -7.522158598194745860e-01 -1.413243205197192376e+00 -1.416257300736689428e+00 2.512702909647681060e-01 4.522523981611072941e-01 -7.442451803575167446e-01 -1.943573462366498861e+00 1.465042651334816926e-01 -1.670338860849017101e-02 -9.287146205632215157e-01 -2.024653314821259098e+00 -1.460237365304355883e+00 -8.260042393611916056e-01 1.544824412938969604e-01 -5.863778126657424039e-01 -9.303330876322016829e-01 6.300841391675989778e-01 -1.245505069775997065e+00 -1.124788554311016764e+00 -1.072758603042612169e+00 7.369867083074239655e-01 2.165224586785239047e-01 -9.273405376706126413e-01 1.514676103676259045e+00 1.588827411623695340e+00 7.129622242830723211e-01 2.095029172519949245e+00 -7.510045253757210437e-01 1.207527578668069479e+00 5.465900538936127040e-01 -9.980607093388477180e-01 6.727116011942605445e-01 -1.356066643368435631e+00 -1.409854875346642222e+00 -4.394066372367526618e-01 5.719002835880901969e-01 -5.496286497657918435e-01
2.468664483259037645e-01 3.009200419604339261e-01 -2.171456539338988689e-01 -2.741376945717305946e-01 1.188742475130111886e+00 -3.183867449424213625e+00 1.050471490232707250e+00 -1.042735617081718802e+00 1.680373674161034447e+00 -7.209920064995266609e-01 -1.405314436718021476e+00 5.071127713178075203e-01 -1.765101836443033756e+00 2.575625844204342929e+00 -7.316947021760251690e-01 -1.772691968899635206e+00 -4.085602337341573964e-01 3.569440506619763753e-01 -1.437569071377180041e+00 9.353699417113627845e-01 -1.475948608270913620e-01 -5.423547802141402696e-02 -8.407830130278886038e-01 1.889830017975392407e-01 -8.174386681746418359e-01 8.546921885787734929e-01 -5.668281455082526676e-01 6.165123816351792962e-01 3.852656101884008866e-01 -5.681182597907746823e-01 7.709303377547651603e-01 -2.264541656361718225e+00 -9.469727888774580604e-01 5.788227658612189463e-01 6.175994682893910515e-01 1.083198680017349425e+00 -1.163672047287585443e+00 -5.340715315972328625e-01 8.790679931162002081e-01 1.024408246039817394e+00 -1.190316452332628838e+00 -1.110647748793115452e+00 -6.640724156789680199e-01 -1.915332956265705322e+00 4.105708756416981964e-01 6.367531474564667171e-01 -1.495488765311920210e+00 2.302760330010910350e-01 5.978090766742487627e-01 -8.317298077533915590e-01 -4.751882040213837310e-01 -3.508284944986647114e-01 -2.181298764970545645e-01 -1.432407337486839127e+00 8.704778863058540983e-01 9.477545726165744755e-01 -9.154317653972678936e-01 -1.659531919255945454e-01 -7.249532959729366732e-01 -4.888316910759223921e-01 -1.191317965752562325e+00 -8.051346877871032870e-01 -1.174442211897573252e+00 1.372543604232320469e+00 1.517371914444727965e+00 -1.833194768974913125e-01 1.921285360268656150e+00 -1.544023051411536063e+00 8.370944683451986279e-01 -1.418371210293243312e+00 1.474903524034725799e-01 6.442040974562422972e-01 1.515072380601825808e+00 1.494133963447894287e+00 -4.697022894243572111e-01 -2.617449045997770618e+00 3.720984407949090023e-01 -1.523227062433178514e+00 -6.528772755706391262e-01 2.133727048598588472e-01 -1.691899049631271357e-01 -6.623930107042618198e-01 1.972871583931938844e+00 -1.252040845896613686e+00 -4.604593952307065585e-01 1.315381316243092957e+00 1.211637552811132501e+00 -8.772666445593910733e-01 1.473182897177813810e-01 2.661081183115885929e-01 -9.292847147210067105e-01 -2.778184694402787702e-01 -1.441300321056024902e-01 -1.658362332254697527e-03 2.438921485130524369e-01 -1.085806848891829768e+00 1.235058507565921088e-01 6.513860119884898325e-02 2.961193689120523942e+00 5.580713183959302714e-01
-1.432344222170228276e+00 -2.680585235458968207e-01 -3.883238010476708357e-01 4.081686251093257778e-01 -9.066240592855374647e-01 3.398828014021341715e-01 8.695882509667036686e-01 -1.288470091985252308e+00 2.220382325628408093e+00 -6.762358545967999124e-01 5.535278012020582450e-01 2.287692685193470687e+00 -3.581914019914971825e-01 1.340507695971010271e+00 -2.519154806696004278e-02 -1.411176759486877819e+00 -1.198665643863725094e+00 8.675936268589485856e-01 -3.750439084023086678e-01 -8.310832869887346819e-01 5.946944069491351126e-01 8.895801331791103328e-01 -1.561263900165261731e-01 -4.966849073506164891e-01 -8.760592162126339399e-01 -9.038141827137549100e-01 1.376630378318602910e+00 -1.317816053958419831e+00 -9.128911991282739891e-01 1.210480834619203971e+00 4.141252080967170596e-02 -2.006328245178677694e+00 1.123141567614852621e+00 1.568883796237001693e-01 1.060237762680030116e+00 3.107486094995799419e-01 1.852883902173620978e+00 -7.782313787589155707e-01 -5.414702225199927721e-01 -3.629382460585103831e-02 -1.031533270180124084e+00 9.969455658338187698e-01 1.260825127552562597e+00 6.179752474415655117e-01 6.073395371420203803e-01 9.638000438794408486e-01 9.100863787169369279e-02 -3.310348367661127833e-01 1.043228044520729397e-01 9.952273309184913597e-01 -3.005818785382025626e-01 -4.813296523224390444e-02 1.632680018303299896e+00 -2.202445576042247888e-01 1.034210177857592533e-01 -9.553384969722308329e-01 1.307397457328264290e+00 1.433306022011016756e+00 1.766859201041541150e+00 1.039158728677552990e+00 -3.101882291374336575e-01 -1.915823277792199353e-01 8.604670881653454506e-01 -4.580172696402868837e-01 8.586526268993958100e-01 -1.640166365841809748e+00 -1.969908314860254972e+00 6.497810040055289615e-01 2.179995480065212432e-01 1.887576629374652093e+00 1.174039802919510933e+00 1.097011990986936469e+00 4.423736940354113800e-01 8.048019634796687027e-01 2.166182884176435230e+00 5.435759667973038417e-02 5.471547134876297847e-01 8.727178045137149454e-01 -1.028882007799194920e+00 -1.118954166175061271e+00 1.430404785589644456e+00 -7.961688981254518849e-01 -1.080532573370141858e+00 1.279558265679641815e+00 7.721019781415933148e-01 7.273190998173763022e-01 -1.764908111817727401e-02 8.236691856422567737e-01 1.034545961462141062e+00 1.571985014648981382e-01 7.440193488612115713e-01 1.741426173947556499e+00 -2.214073816468240974e+00 -3.140962702620212710e+00 -1.509976463094345300e+00 -3.898176468251846605e-01 -2.732528403391288885e-01 3.264528729680291758e-02 1.176288559831483171e+00 -1.288709818908075899e+00
-4.916797376213866699e-01 1.704741328354212104e+00 -8.329740753595147318e-01 -4.806712725652551033e-01 -1.401177725359293191e+00 -7.826200373260449039e-01 1.682183283816712227e-01 1.647463739638085567e+00 -1.034380449681474579e+00 1.389405367752716058e+00 1.540877693039450547e+00 -1.088731868994613050e+00 2.244358013733332324e+00 -4.441663621102339143e-01 9.316870959769018024e-01 1.368680696257959406e+00 1.357023560851709776e-01 -6.604991847255187176e-01 1.009711514115230635e+00 1.748594906890398981e+00 1.616487495613310454e-01 7.066561232251391544e-01 -4.269159454512170271e-01 -1.011513170126850103e-01 -1.201111776549627752e+00 2.348554631115898628e-01 2.120802689830976195e-01 -4.579274582847391722e-02 8.980615182467243107e-01 -1.111054777844739799e-01 -1.329665680487643886e+00 -7.951449486161289437e-01 -1.368714962751621522e+00 -7.090374887922512581e-01 1.035883055303707806e-01 2.375340195649838226e-01 9.203190320500775901e-01 -8.621598855099185665e-02 -1.106594669420341903e+00 -3.542256193051119273e-01 -1.485518007809158103e+00 1.288616003360733842e-01 9.351562711810279538e-01 5.521545135578366237e-01 7.729638323615790618e-01 5.983001365237493596e-01 -1.267386636341526263e+00 4.289080562265387697e-01 -1.806480240595331466e-01 -9.179233049275811185e-01 -4.553618744059430012e-01 3.179060386187840259e-02 -4.304643055777694904e-01 5.823591778584487344e-02 2.737310855274522337e-01 8.082007097145802454e-01 1.630799686065205423e+00 6.627933348170389483e-01 3.321291288981997880e-02 1.016032873434712158e+00 -8.276459282632409042e-02 -7.924942358508595408e-01 3.710517758913904340e-01 -1.256268416802594157e+00 6.668710769142452977e-01 1.355309247853739629e+00 1.572129345136834777e+00 -1.038956940346106528e+00 -5.784218406702339443e-01 -1.335718430610779439e+00 4.240143178348388386e-01 -9.748029816532839675e-03 -7.865879074689793304e-01 6.836364385308289771e-03 -4.790133751522547834e-01 -1.370790139543054398e+00 -2.060973864080745122e-01 4.456899194469761127e-01 -1.916127864841221662e-01 1.153968245363772072e+00 -1.388402791023805039e+00 -2.891764915505448154e-03 -1.233332218396411717e+00 8.412231727322083685e-01 1.235106969412912564e-01 1.275858759946547627e+00 -6.640723070543373685e-02 -1.234650831971201290e+00 -7.625967293573741035e-01 -3.259340336151415607e-01 -1.114153593666670911e-01 3.798463004659383691e-01 1.430128613607562604e+00 -4.533827376338719350e-01 -3.381689945391500030e-01 1.979469180310600818e+00 -4.749082250241918324e-01 1.396220251122239020e+00 -1.884928571078621662e+00 8.028176503133255260e-02
-3.996705093429375050e-02 -5.338335076841462801e-01 3.529508238719462621e-01 7.152291179709517888e-01 -7.677434324656021714e-01 -6.643529185563812334e-01 -5.069875264871139681e-02 1.103874898383825132e+00 2.680249488188776175e-01 8.658937421959058689e-01 8.551592984889194726e-01 -1.539267755266722215e+00 2.348134511078251219e+00 -8.271049380453513455e-01 2.280853144699853119e-01 1.139585346683859024e+00 -4.794047967898938944e-01 -3.709726437620920469e-01 -3.242007990062413803e-01 6.818035965056833403e-01 1.262160041864273996e+00 -3.077849869125096616e-01 -2.298593230772376372e-02 9.834552047710458655e-01 -2.641068711494790611e-01 2.498455779805308918e-01 1.832479319427847420e-01 2.080254186027049368e+00 4.049207332407330773e-01 -5.084736729996890414e-01 1.172287848917405867e-01 -9.775762434308318261e-01 -1.481102894913670420e+00 -1.200059257524548118e+00 -9.801778434761923217e-03 9.468521442708841551e-01 -5.331261015288295546e-01 2.084223777466233773e+00 -2.375513483723732111e-01 7.725891464699737865e-01 5.510346728357591317e-01 2.789190335877604343e-01 1.068936453925416336e-01 4.178817146170462071e-01 9.553767047966103820e-02 -1.190102565878711216e+00 -5.690416358722483886e-02 1.723013851202174651e+00 -1.018559992022503247e+00 1.371577133167284357e+00 -1.421330389790135706e+00 1.516425635000471672e+00 1.191725377731031044e+00 -4.185184731637242583e-01 4.505141442584096323e-01 -1.061390949003726103e+00 -1.241519185143397763e+00 3.856245137251070321e-01 -7.081810429765073023e-02 -4.564874822460914250e-01 -2.854028467789925250e-01 -8.319969713394583799e-01 -1.530250487498729939e+00 2.251565677579717484e+00 -1.123234990984682158e+00 9.063495167372669359e-01 -1.628896072308041454e+00 -5.134601687447180041e-01 3.431931228498088515e-01 2.344182879256039520e+00 -1.056672761173524044e+00 6.797889267624621090e-02 -6.970877877541339362e-01 -1.479041997083156312e+00 1.199367520104533513e+00 1.273356942084583165e+00 -5.009276742635517810e-01 6.184033175512310132e-01 -8.629576157946435844e-01 -4.911882887479493975e-01 -1.135854969466427056e+00 -2.168159855587357965e-01 1.093908295785443352e+00 -1.582589978084121940e+00 -1.895365829413219405e+00 -9.845132337184053783e-01 6.384390228132208467e-01 1.282699987948981990e+00 -6.439596436105250454e-01 8.145513300243462096e-02 3.556583159023222196e-01 -1.860884202040670732e-01 -3.910494626811713559e-01 1.453663423266095434e+00 9.590427500579776221e-02 3.152159451299165749e-01 2.699654592149794419e-01 -1.336560292361678171e-01 -5.015157243242268637e-02 1.474155532885635111e-01
-1.069348725328713057e+00 5.320762681036925734e-01 -9.946986755665726543e-01 1.369272716512204058e+00 -6.598200724978240395e-01 1.017382250899713458e+00 1.147198429238484030e+00 -1.244637588541973150e+00 5.519170309411830511e-01 2.908545608399935589e-01 1.586998395038099030e+00 -4.052933587959175465e-01 -4.108603928835032337e-01 -9.369669254424088933e-01 1.860110708127130641e-01 -1.286675660110060682e-01 2.567123291688040432e-01 1.485215283346108306e+00 2.761365040935193083e-01 4.880850293435502474e-01 -2.384290139669197894e-01 3.842297288679711320e-01 -1.120322210664561835e+00 1.323728503692417069e-01 4.420697830904236209e-02 1.727284085255282875e+00 -1.031557761925018912e+00 3.866150633786356178e-02 5.281119123108200114e-02 -7.396977516942840891e-01 1.263277806648762658e-01 8.596401130035956628e-01 1.920446351575707311e+00 7.911191374667498888e-01 1.154728632616623507e+00 -4.445359549171677971e-01 -2.278303027867468522e+00 -1.058696990630398460e+00 -6.902564565588416023e-01 2.804366956143901080e-01 9.186618057760198575e-01 5.909960386192576742e-02 -1.396513370564656409e+00 -1.482883691109032100e-02 2.090536484118736549e-01 -4.480321758703251778e-01 -1.168975062658458713e-01 1.198341780801992912e-01 7.874815705921227593e-01 1.493269948772705691e+00 -1.156845243259646772e+00 -6.364367352574034076e-01 -1.949346405451814146e+00 9.486793962996009633e-02 2.177686954359997762e-01 1.904881168740371047e-03 4.857680762583084788e-01 2.199630863586511109e-01 -1.214408581741850401e+00 4.052299583315176479e-01 -2.501061361128020244e-01 -4.383880013941598985e-01 -1.203764909775964176e+00 -6.625529879047631354e-01 -6.432421042851053095e-01 2.133403042259979898e+00 -5.894150977257787277e-02 -4.381336458834225733e-01 1.750841025044824084e+00 -9.512720728748023102e-01 -8.656799392402946269e-01 -7.347742322160043527e-01 9.352454984276424854e-01 5.186060642424745737e-01 1.230168172708800411e-01 2.382955571560691765e-01 7.317240549760468948e-02 2.206143962640566003e-01 1.974961052491639446e-01 1.093225603661013984e-01 -1.676867655462964901e+00 -2.148834905126386918e-01 -1.087250525475845997e+00 -1.794568863660656322e-01 -1.672380836223004819e+00 8.645541980027469098e-01 1.079358422560698916e+00 -1.643274593940994288e-01 -1.754353271079536203e-01 -1.347746928837437519e+00 -2.991697506384006361e-02 -1.336865974327596351e+00 3.919632232694643115e-01 -6.906458611968295802e-01 -1.067052159417307688e+00 -1.562254607185063593e+00 -1.663242950430540157e-01 1.905455963631806693e+00 8.724826425620686443e-01 1.897654480716257364e-01
5.679988887424539667e-01 8.655805299745638060e-01 2.708587788977090405e-01 -3.651962982704686778e-01 2.815125526361498820e-01 8.773023393397119118e-01 -7.175187592715516482e-02 -5.593176438337965628e-02 1.208459724845561079e+00 5.814224632105384760e-01 5.764347860697083964e-02 -1.272257967705147860e-02 -1.427540429155065516e+00 -3.708274597598477940e-02 1.326197000509497848e+00 -1.570840267292440640e+00 1.617907224036581493e+00 3.070951588079030015e-01 6.052635288248218171e-01 -8.930601914760005755e-01 -8.014680643851148645e-01 1.079878254247101488e+00 8.688124255068444546e-01 5.435047595258554187e-01 -1.620893272933834547e-02 -7.729935685723108296e-01 -4.246743189049879685e-01 -6.600835926284659427e-02 -3.979917304308569492e-01 1.270042678440788775e+00 1.342283898966626088e-01 5.705995182453967862e-01 -1.832222159807613271e-01 -1.685141318522779930e+00 -4.630549757135247746e-01 -8.346447534397402057e-01 -2.165917239598116772e+00 2.997103305495649184e-01 1.106910710174543899e+00 -1.095587778577906263e-01 7.542872218233822590e-01 -8.999366089136304758e-01 -1.175282437206895070e+00 -5.959247726773178044e-01 -4.170953723592527029e-01 4.514041244413996568e-01 -1.204207505223137797e+00 1.083263873465500016e+00 5.260819410995409839e-01 -9.172758252848075555e-01 1.040524584780087691e+00 -1.230838722751271597e+00 -1.291449361702371013e+00 3.171161520248036436e-01 -1.296857623588034913e+00 -4.229481407717984309e-01 -1.013652427100268705e+00 9.987674439023936923e-01 -3.966227007444033670e-01 9.112136643698945382e-02 -5.355952878449155019e-01 3.717471900030921983e-01 1.006738328889338480e-01 -1.302282359819829871e+00 7.765137488775010199e-01 5.481613271354625061e-01 -5.149400455017565381e-01 -8.078666511637022651e-01 -1.078189360652155759e+00 3.165943866319840261e-01 5.960809737569531253e-01 4.785682295527976526e-01 3.900990573286065022e-01 -5.067914710181125049e-01 -9.721072195383443360e-01 6.793785920177586313e-01 2.168799534767450465e-01 1.036143635810780284e+00 3.703527787335507138e-01 5.282532842796296979e-01 -9.246343722290117917e-02 6.269023206868478137e-01 -8.110463524291435800e-01 3.212572556294102794e-02 6.330937927422716216e-01 -1.136229968732552331e+00 -9.841121289927921012e-01 7.230704107010392789e-01 -1.112296705956423049e+00 -1.128457351406817910e+00 -1.245719397427170971e+00 1.338327743498913147e+00 1.555096891508286616e-01 -8.007536475075928140e-01 -7.171425431105629689e-02 7.143016667527308794e-01 -7.944899617765915911e-01 -1.132420738652963665e+00 4.339381129434984885e-01 1.827896688584340623e-01
5.269921301408925229e-02 4.438158574122264555e-01 -2.225031711467554629e+00 -8.019590255649859944e-01 -6.110274065159507773e-01 7.712673134193163971e-02 7.791410039309619728e-01 8.813101995636027364e-02 3.735724604192576792e-01 -1.845875690075040820e+00 -3.494708629481352302e-01 -1.000646632906269318e+00 -2.210752055208657918e+00 -3.974798713807939365e-01 -3.684143534707908785e-01 -4.211953581174446848e-01 -1.619465186876550167e+00 1.666293949674286790e+00 6.357950589415679588e-01 1.529858684456020690e+00 -1.148311154862528882e+00 1.678497995563360545e+00 -3.970001530114767863e-01 -1.627501773852231548e-01 4.702320137362380192e-01 -8.468248503046801323e-01 6.064172145304471684e-01 -6.872932017628702317e-01 8.336257761604970451e-01 6.316141954732191754e-01 -1.321337183311076080e+00 -5.979466827936339435e-01 1.262680097583614991e+00 1.086640897944946227e+00 -1.504752999716702511e-01 2.789759711528289610e-01 -8.719014747355933181e-01 -1.906539519088105150e+00 -3.314252892024632802e-01 -8.891457969611022971e-01 -4.778232290458485632e-01 9.140635307629050299e-01 -4.839903015461590741e-01 1.043149116255349229e+00 -3.534559975289250366e-01 -1.134627671945813265e+00 -6.185622268546310254e-01 -2.671232608299937361e+00 1.230249105366903351e+00 -1.878066764325787785e+00 1.036416411200670851e+00 -6.500496376204769611e-01 4.001524168568884599e-01 -1.219246009803065744e+00 -7.629026024748604140e-01 -1.917761478765849015e+00 1.235578748229921420e+00 -1.660123193432482935e+00 -4.703677046791304717e-02 -7.886999815523951796e-01 2.194664907814991572e+00 6.801113427307727832e-01 1.196508028372116783e+00 1.713840376940928056e+00 5.070971442664158335e-01 -1.201712163706801118e+00 -1.428881065851517862e+00 -2.531534386557255933e-01 7.215541751577922991e-01 -2.723006609982906445e-01 1.383519289621527371e+00 -2.185684362669543912e+00 5.648958930491437824e-01 -1.288346870854730986e+00 -1.495403545218784158e+00 -2.198065047971019606e-02 2.244200272115669748e+00 7.147434897964279887e-01 -5.780712663519836925e-01 1.362892500043092037e+00 -2.607658728030313178e-01 7.689791114085620105e-01 1.029744190622234434e+00 5.277040337620994004e-01 1.667895678876277488e-01 3.105735474061687151e-01 -6.154044186058711396e-01 -1.932795657990135085e+00 -3.289602962134956510e-01 5.131796367534439129e-01 7.526358178634324769e-01 -3.189994087983868409e-01 2.302701117702436129e+00 6.029369339732983946e-01 -1.158148802605970751e+00 6.880779153615544930e-01 -3.039257110411814899e-01 3.117454519472497299e-01 -8.288809809564658959e-01 -3.849211699594988767e-01
-1.589660824513669191e+00 -4.295824981810301701e-01 -2.189155375226898848e-01 -1.750029743033155727e+00 7.852748440575305633e-01 -1.592781622171861311e-01 1.666962025474231668e+00 -1.966978963392955748e+00 -3.069556028829095382e-02 -5.910628478263666441e-01 3.885452570491524926e-01 -1.264866761897013303e+00 -8.869974140676479823e-01 1.243681252216987998e+00 1.328622238346317541e-01 -4.369336283903396678e-01 -4.287077930566125794e-02 -2.550090655865958067e-01 1.572996085199833249e+00 -8.381998805502701710e-01 -4.956411393841368973e-01 -5.320060109194476583e-01 6.930148668370564868e-01 -5.357080103130697213e-02 2.862687016873372015e-01 2.449550529645262709e-01 -3.120452583320287299e-01 1.957726771295626111e+00 6.231159161715906780e-01 5.399274051990978762e-01 3.830837986275611451e-01 1.122417682923680271e+00 2.255897235445174787e-01 4.930815797405578849e-01 4.604630759041988264e-01 5.053011472906189239e-01 -1.036279666717680348e+00 -6.858560898272326734e-01 -3.050726914674277701e-01 -1.818753348164829919e-01 7.221278046518813110e-01 1.888418544813309286e+00 -1.479227222631909422e+00 -3.167310953185937805e-01 2.574569605493516322e-01 7.620048585171048661e-01 4.395283498647568204e-02 -7.269567474844448318e-01 -7.352923817586701771e-01 1.532390365140456234e+00 5.185635384954324911e-02 -4.690473085422974808e-01 -8.362077418924717120e-01 4.955578623956053974e-01 -6.721797338688428880e-01 7.539269560967354344e-02 1.121381770979267278e+00 -2.231449896639347841e-01 6.304094548680814203e-01 1.428629027421855213e-01 1.268699112381246330e+00 8.750017442813448065e-01 4.739485781956442878e-01 -2.182308277877488045e+00 -6.436959877896600846e-01 -1.088961416839646423e+00 -1.018545617893952704e+00 5.601179210144187071e-01 5.437171540998727570e-01 -1.040916505484564603e+00 1.167013987941624809e+00 7.154126405970304692e-01 1.061891821688918602e+00 6.615985206757488690e-01 1.360250200544181054e-01 -5.465195429439833469e-02 -3.042060671542493600e-01 -1.639064053831759349e+00 4.825785735734367532e-01 -1.799303964012658186e-01 3.664381832088876578e-01 1.378697874689811309e+00 3.159686540386056341e-01 1.288301027274988853e+00 -6.520434943824175988e-01 1.101637173549803839e+00 5.638632022294727264e-01 1.986107791614720175e-01 -1.484553257159940021e+00 3.941403340143512235e-01 2.879902237209239768e-01 -5.174515862614900152e-01 -4.721813952274397930e-02 -1.875941111654944704e+00 7.690060755221304056e-01 8.034080020607009542e-01 -5.806126472166091013e-01 7.132274624463529333e-01 6.427757952586821144e-01 -1.362119395813560674e+00
1.628843913611378591e+00 2.019577284579117393e-01 -7.363305990071643548e-01 -1.723894085249595642e+00 -3.765195445226441895e-01 8.832406782926761624e-01 -2.755719758281003906e-01 1.007724469192509575e+00 3.879090061162017711e-01 6.312817801148014546e-05 -2.019091226250697257e+00 -5.425195639858328978e-01 1.612578287639303554e+00 1.684274564672094687e-01 9.357439065043802184e-01 -1.149965755926994765e-01 8.752334969408223087e-01 4.818590225902560920e-01 -1.031089600758496039e-01 -7.702075202357451245e-01 1.075582236806946757e+00 -1.826745772007577484e-01 7.465556378220535860e-01 1.400828567122814894e+00 -3.334239560455207196e-01 -2.120821052463699896e+00 -1.763820796485722209e-01 6.604570441709779471e-01 2.014993359164971576e-01 4.307460138488731771e-01 1.360572674711804764e+00 1.401019787389392146e+00 -3.395121495156527835e-01 -5.546835278903475830e-01 5.162595031430828874e-01 5.798100689502296845e-01 2.422540571827184741e-01 -9.121033890443736025e-01 -2.630702320709684905e+00 1.278716148498593164e-01 -7.474826519891004939e-02 -9.924521192944077974e-01 2.690353531943469045e-01 -2.419899334805369062e-01 2.667006588695703950e-01 -7.209311605170983794e-01 1.550475381241615824e-01 9.877720273810771667e-01 -1.071889880916202742e+00 1.689884302328293897e-01 1.657975603418962329e+00 6.298478616536338226e-01 -8.820222101753437405e-02 1.090038284483146658e+00 -8.480984849505470713e-01 -3.194413682486455297e+00 7.783939115198131031e-02 -1.733548938256644245e+00 2.354253718345044877e-01 -1.230800888210069166e+00 -2.645761666481782459e+00 9.313243708282283873e-01 8.359531439078531356e-01 -3.164366021514922744e-01 -7.680021866581102641e-01 -5.953002662292307574e-03 1.435854835187517109e+00 4.624700470940222297e-01 6.209082168324887574e-01 5.525051199401592728e-01 1.118745267698270790e-01 -1.108564174840033445e+00 -6.516351365810647556e-01 1.347182434985751687e-01 -7.631582606067510710e-01 1.047723457597119934e+00 -1.491643592368197879e+00 3.350244758307666659e-01 9.912517081335810998e-01 -1.961144636832109489e-01 -8.017557799001965302e-01 1.927850245829445086e+00 -2.532290862470910398e+00 3.907669600275519572e-01 -6.359010675430566417e-01 1.677089400066573144e-01 5.041710962460318468e-01 2.217633837837517108e-01 -1.471721381922137972e+00 1.747534231795170978e+00 6.912441736205433562e-01 4.047426448866815463e-01 3.958186082143050344e-01 -8.747221153117215042e-01 -1.023219005220131206e-01 1.383392031053040094e+00 2.093621368231015634e-01 -9.321048582993207710e-01 -4.485545360059109976e-01 2.942268795366901890e-01
9.826520442592692195e-01 1.988347184196633810e+00 -1.436851245359106910e+00 1.011260894201189975e-01 8.000875081698715086e-01 -1.772024705022755553e+00 9.469310564094735039e-01 -5.687293755670100870e-01 1.615517286097722272e+00 -7.429377646868930984e-01 4.791705837687538216e-01 -4.414358829918446081e-01 8.642987011481551018e-02 2.537957027315393965e+00 1.218440503299398570e+00 2.816505445858649148e-01 1.135905946764075303e-01 -1.186975811545561976e+00 -1.005235876045125210e+00 6.471722743980672377e-01 1.558806987276039058e-01 -6.110477495438756401e-01 -7.616067502487837704e-01 8.331881565232900355e-01 -8.891796392873653199e-01 -1.390448326749162744e+00 3.709198085714177084e-01 -1.205777470837425591e+00 2.061905298284455110e-02 8.865863961073191524e-01 -7.061336396775660385e-01 2.137617848478635008e+00 6.947898158354043341e-01 9.750457143596780174e-01 8.212288000043574399e-02 -4.686798121951664120e-01 -2.845479175473425992e-01 9.380885646825911639e-01 1.197219420014955099e-01 5.387464315385037672e-01 -1.798656522317211570e-01 7.319348603800496234e-01 -1.358057731965992831e-01 1.810553315724308943e-01 2.789715123318175366e-02 1.159244004815950524e-01 4.881806031958572656e-01 3.823091023694521473e-01 -4.075901835035371512e-01 8.293972420437126791e-01 7.699342717027543026e-01 -5.526062134197503445e-02 6.903527653070430647e-02 3.526036265460418817e-01 -4.506407144824339239e-01 -1.490937622537903129e-01 -1.439213922755165354e-01 3.687488010893344437e-01 2.588517841231811611e-01 5.853263299299255040e-01 2.658795331598905687e+00 1.080060793607055869e+00 3.084198570611488832e-01 -1.592207246430316081e+00 -3.150871975083487792e-02 3.844884502823558980e-02 -1.484484465859967628e+00 5.494841808589847609e-01 1.689473336514475954e-01 -4.748900919675407839e-01 8.343690777313569340e-01 9.133254642013968194e-01 4.743578557071797541e-01 3.349070664067440358e-03 -1.180672507490289347e-02 3.023720161613869362e+00 -1.105312472227090614e+00 1.051408335055978721e-01 9.952569597979916693e-01 8.084697798001801994e-01 -3.067332316780031487e-01 -1.586139019183609333e+00 -8.369305726009049762e-01 1.966949264728149599e-02 2.138507286013360709e+00 1.747473272174716374e+00 -2.138677648516937313e-01 1.625396207562425921e-01 -2.215893829718909025e+00 -1.842010934735966110e+00 -1.497027943200167910e-01 1.250327528018038148e+00 -8.516481662548239795e-01 -4.952120955472426034e-01 -8.298677462322966436e-01 -2.668189465811025007e-01 4.553987382072431922e-01 1.258675056807254888e+00 -1.288498635367248402e-01 -1.478753337768975440e+00
-4.097008451197564627e-01 1.292822221245065073e+00 1.101135289244553839e+00 -4.470693887508896958e-01 4.565461884098469536e-01 -7.194546999562874134e-01 -6.998735346826431281e-01 1.053949159625615417e+00 -6.944567417833382716e-01 5.425277370626377937e-01 -1.906416512088837001e+00 5.778967955732572381e-01 -1.320231871527494105e-01 6.380990406247946112e-01 -1.221039965196869526e-01 -5.516235283199472095e-01 -3.185618788348280606e-01 1.901836744535003287e+00 -9.210315117358504056e-01 4.522696764399788405e-01 5.770970363384264612e-01 -6.969373413730880484e-01 1.524227951041137841e+00 -1.799568217155874672e-01 -2.482243171442614638e-01 4.111910421444208152e-01 1.866474855135499045e+00 5.980803715363558481e-01 6.333176179996863331e-01 6.752841232586079268e-02 4.597748605225138174e-01 8.882815572262708903e-01 2.771791600196910066e-01 7.391663671141021075e-01 -8.535043078506725500e-01 9.428975741971378222e-01 1.233265448210442816e+00 3.589371157183089966e-01 2.670604021155595365e-01 -4.516335731807812892e-01 -4.804068230981627941e-01 2.985572939066963860e-01 2.245757737477912741e+00 2.961261640260260952e-01 6.007098570230787749e-01 4.898354783531501666e-01 -4.562975213018576059e-02 -1.954259041329011459e-01 -4.501395920666045880e-01 -2.724858303236519785e-01 2.600990747495714531e-02 -1.168151950967873054e+00 -9.496087659207248510e-01 -2.037458314045758723e+00 7.251934212199255825e-01 8.185358634551276324e-01 -4.622777660062261651e-01 -2.408755958998114732e-01 2.997424568486578567e-01 6.312075033663112900e-02 5.210275146662171064e-01 -1.038704928715711295e+00 3.051496439030203511e-01 6.126649070766116978e-01 -7.593756421644178856e-01 7.750800234769140706e-01 1.201938331264778670e+00 2.873074937582906330e+00 -8.851619839252223843e-01 9.385701353749498210e-02 -2.059880016761269361e-01 -8.237471532122522255e-01 -3.301794998457689978e-01 -2.246991868979542062e+00 -7.708420887844271707e-01 1.447091440646639526e+00 -7.252692626407546417e-01 7.291551898873339654e-01 -1.858452622740214277e+00 1.597742797743419707e-01 -7.185879681130455943e-01 -6.940122983224907838e-01 1.398385476507341574e+00 1.088052598751174660e+00 1.308820034611680283e+00 -1.365499985837719699e+00 1.098707755262591013e+00 6.252833273653968238e-02 2.368010136607840987e+00 4.526491140937372593e-01 -3.481593091652351646e+00 7.899435812464234985e-01 1.737746063579755251e+00 -8.753990586167473831e-01 7.396810767780155338e-01 -6.427541269719185824e-01 -2.437199781496785178e+00 6.963852040870468496e-01 -1.939408688021815985e+00 -3.526608614889216176e-01
-5.500086857384752122e-03 -1.192570697446647676e+00 -5.051697716204583966e-01 -2.622755119009724911e+00 -1.861292447675168271e-01 -3.945283816827337975e-01 2.561487570376800860e-01 1.673425292629804606e-01 -3.945920742203068432e-02 1.876712159171687100e+00 4.642776187311575820e-01 6.994296833146962378e-02 1.647639508909237049e+00 1.115331436602234216e+00 -3.571874166642439730e-01 4.485055289548116608e-01 7.021391472643456755e-01 -6.960291699333284177e-01 6.381726608353429642e-01 -1.971578170939995545e+00 -9.648382930576894223e-01 -5.705954052465962434e-01 5.496997036418997951e-01 9.176752225700521848e-01 -6.019838809054155887e-02 3.580259162951384133e-01 -1.349219242748939784e+00 -5.159166457415893525e-01 7.002974661395147682e-02 9.547677178608467985e-01 -3.192187803165245641e-01 -1.069139079145933424e+00 4.866238040441587809e-01 1.173694419221450902e+00 -2.200422359777271186e+00 -8.972526290018270068e-01 1.075704223040632179e+00 -2.681550413172285596e-01 3.987707447774401226e-01 -1.235592665832110804e+00 -1.227734528917139967e+00 -1.968421154688093089e-01 -1.196555104855206775e+00 5.647590295128486204e-01 1.658351644761932420e+00 -1.909376604286698864e+00 -6.326837248116133905e-01 5.330772577803540857e-01 -6.327021151487074446e-01 -5.164429484819442751e-01 6.670890242027662786e-01 -3.747866360941564112e-01 -3.416281454445860288e-01 1.136784599835120924e+00 -2.719593453920184367e-01 -5.764206401513286560e-01 1.698566333444374854e-02 1.505805648241358208e+00 6.365507397641656517e-01 1.004774602912936743e+00 -6.806376279902175419e-01 -4.938152535021102518e-01 -6.379296057237656692e-01 1.317125222187405242e-01 9.181916420808532153e-02 -1.310143693226214767e-01 1.786054253268656300e-01 -3.624373981698543190e-01 5.492010600906257478e-01 -1.523175439051130509e+00 7.509703798865089430e-01 -1.299593952760484727e+00 -6.097745181507997492e-01 -2.398717707345948913e+00 -1.216287151107593223e+00 7.014700958256672170e-01 -1.321837205981442498e+00 -9.397944959611714832e-01 -1.085356361957624083e+00 -1.023537674514137796e+00 2.989999296685613706e-01 -1.912897081864902149e-01 -2.149616530405293879e+00 1.552854544093028144e+00 4.050742066733327706e-01 9.003800584494671133e-01 4.268035181107038833e-01 6.043404885262123466e-02 -1.964908200974789132e+00 1.570305128186185950e+00 -8.756652007141667582e-01 5.803212247540142643e-01 7.464819994486493471e-01 1.174756226065097886e+00 -5.675988834187509768e-01 -8.033349357184687012e-01 6.001984117446653721e-01 1.367461274030210561e+00 -2.954450601040106150e-01 -8.557101145343448678e-02
7.774066576113100036e-01 1.067479486112678178e+00 2.474644736829703096e+00 -9.750439430313603273e-01 4.094183992563902863e-01 -2.712197806700410441e-01 -5.463526463402027522e-01 1.288878336986833295e+00 -7.872970064162528869e-01 3.090192222317298190e-02 -1.689054738803781541e+00 1.150604007468838175e+00 -3.307354555878318225e-02 -8.185311054854758905e-02 -1.362037076505510980e+00 -2.819626233538636284e-01 2.601544068784389929e-01 2.037686359071549269e+00 -1.615177565474012589e+00 -5.703075529708606650e-01 -8.754464317050477673e-01 1.486617043794036475e+00 -8.710309627292746049e-01 1.144821021646558634e+00 -2.032288092498567844e-01 1.978796378681299206e+00 1.865760484838836941e+00 1.292325066735700689e+00 -1.189911296683195063e+00 3.654180553255136910e-01 1.158733886742276731e+00 -1.111742161720823185e+00 -1.894185106760385151e-01 -7.516950010486768141e-01 -4.331280476240953470e-01 1.699993557335277850e-01 -3.477581854346836199e-01 -1.031571862999900030e-01 4.888915212683086486e-01 7.889816327815810659e-01 -3.285730645897269042e-01 1.715465361759632934e+00 -1.167515406290427382e+00 -1.110134873427044422e+00 -2.262638870562525995e+00 1.748760552381246836e+00 -2.457820027771683069e+00 -1.890906329664891750e-01 -3.220650705545007042e-02 1.202316616695435769e+00 -4.785377528712538298e-01 -2.060277957963554119e-01 -8.877804265170281539e-01 -2.473596207456669305e+00 -1.554367714142546930e+00 1.756370915066305161e+00 -2.498886786286633188e-01 3.496004244503522762e-01 7.882096533483966549e-01 -2.139017330540677886e+00 6.222949129989852057e-01 3.431381914757355434e-01 -1.823045564347387737e+00 -7.856064834297827870e-01 1.095220151766887362e+00 -5.430087172117359362e-01 1.118239981809814321e+00 8.454019258928189284e-01 -5.947191165369124510e-01 -5.148660340507521527e-01 1.030923738932297384e+00 1.668415994698056126e+00 -1.497167612271851078e-01 -9.993082780575073265e-01 1.309693753738817579e+00 3.978880722804923331e-01 -1.148195191017048034e+00 -1.090746744538970470e+00 -2.527984701270130419e+00 -1.363891569152696714e+00 -2.452922641496860567e+00 1.431814341568455218e+00 7.862349078703338989e-01 7.727556678676555935e-01 -1.053436604775563890e+00 -6.644696818764243007e-01 -5.357938472629754090e-01 -1.069377258480377346e+00 3.359680399215306257e-01 1.698140043224563911e+00 9.713744876543695117e-02 9.281201124794203824e-03 5.696074499162712135e-01 -3.249341637208464262e-04 1.742777141905711202e+00 -1.975329864615308142e-02 2.234369503847920824e-01 -3.185519037951006216e-01 1.029619447189494386e+00 -1.695941766167190723e+00
-9.389319108646220213e-01 -3.832530870500671094e-01 -1.811586259768160456e+00 7.394163141215815971e-01 9.156012462251778006e-01 -4.593687994144538544e-01 7.030834268011809662e-01 7.557535012509623840e-02 7.000222986958172244e-01 1.416030075528267762e+00 -7.006761285681597506e-01 -3.016049977323718156e-01 2.861208119871607586e-02 -1.947258767844435523e+00 2.033981139824655227e+00 -1.382461293076955589e-01 -7.196889080053451293e-01 2.219405534477892683e+00 -1.659318779954703560e+00 8.772431769103413712e-01 5.405893175173213105e-01 4.596498379205597729e-02 1.437115326744561328e+00 2.804763753850871288e-01 -8.208538473464419560e-01 -1.568037634413781634e+00 -1.330762949710980081e+00 -1.827303289649368612e+00 -6.180235967742983005e-01 1.230259896178641510e+00 -8.368877880688020410e-01 -8.370121339614783329e-01 -1.322402516650027504e+00 1.195259067746622605e+00 -1.852449791770300669e+00 -1.078314798845255496e+00 1.802493742723833892e+00 3.119564640039357295e-01 -6.317251625548904181e-01 -2.028920123560899125e+00 5.732171970162341229e-02 8.997110526624642057e-01 -7.991653459222057831e-01 2.642973380631596925e+00 -6.275000153164445038e-01 -7.864104632257122862e-01 -5.969554720281710081e-01 5.180356396475118697e-01 5.393490837056117426e-01 7.352050305013806131e-02 -2.211556976941761177e-01 1.238502087643877481e+00 -4.575654781207554866e-01 4.649452143862723985e-01 4.689448886663348803e-01 1.223807659312573293e+00 -7.248965241373637181e-01 -1.637985193589989397e+00 -3.631345374783606639e-01 1.375064322240808101e+00 3.639885724933060729e-01 -7.475712911829842655e-01 4.247312732360771781e-01 4.542150716067077654e-01 -1.035911687122871738e+00 2.154357919166559887e-01 1.278651202167331080e+00 -5.703686200069310042e-01 -1.819056720243799496e+00 -4.315615284905413573e-01 -2.529650307269086795e-01 5.694631431199219662e-01 -5.590708162903036405e-01 -1.253572353128880712e+00 1.277407502018063745e+00 7.960479578225516661e-01 -1.090909941132093719e+00 -2.251769622411477378e+00 -7.935117963041481426e-01 5.869463718010453634e-01 -1.841934577989566613e+00 4.650666316984752857e-01 -9.403980903541005187e-02 2.034376325739022384e+00 -1.292855012894052358e+00 -9.982894628463060416e-01 -7.190273479534287082e-01 2.082423691488794137e+00 -5.647256051105771224e-01 -2.974250544969387344e-01 1.987807263546256253e-01 -2.063831993300332679e-01 8.519369978167328217e-01 5.962062136554801411e-02 1.170143663994547056e+00 -1.103151282262275767e+00 -1.826399048977702666e+00 -1.120374571568322430e+00 -2.245199579005162871e+00 1.699851534215242044e+00
-7.951553525466141525e-02 -1.620265167467224987e-01 4.120784835248931244e-01 1.386357413379646353e-01 1.101745773905572712e+00 8.086476123616305189e-01 -2.464846504783829162e-01 -1.649248767978821473e-01 9.022338775035678715e-01 9.249230528830948428e-01 -5.053742025848487751e-01 1.293792357750472577e-01 -1.149950050769034393e-01 -5.845928132792147652e-02 1.629802743667665421e+00 -7.528967835399295039e-01 2.719862976473767513e-01 4.476015303176268667e-03 -6.177519482200334311e-01 -1.374577914264252909e+00 1.799697182829298692e+00 -6.801250616064155596e-02 -5.425190067426708396e-01 -1.544883930982814124e-01 1.376556838515714087e+00 -2.589103222541132010e-01 2.295527808532585035e-01 1.119062297727734023e+00 9.519420748373632613e-01 4.770602164390749800e-01 6.440060193375369835e-01 -3.358294519086222479e-02 6.442807715856783135e-01 7.713421245553689354e-02 -4.124883615704505457e-01 9.935673562580187301e-01 1.562210724289680774e+00 5.543298270780961934e-01 6.990255408522566549e-01 -5.004071240873191329e-01 1.799064575556838796e-01 -1.153539308627503202e+00 -2.086282921675497448e+00 -7.184105034391576883e-01 -2.071380525618381555e-02 -1.613319752332489587e+00 -6.335864139581941501e-01 1.219183524085442061e+00 -4.300768534542568355e-01 -3.293871960561705059e-01 -6.990828793240227990e-01 3.247940435610197074e-01 -9.230646791728649436e-01 4.664857240022823870e-01 -7.243962553992817632e-01 3.414990953411393138e-01 -5.832089399048220879e-02 6.243718812535653528e-01 1.322285342680245224e+00 -1.138941024271457048e+00 1.360208824587125775e+00 1.330944543076781450e+00 1.426570936784288257e+00 -5.679278649106513782e-02 2.146819437356755830e-02 1.296031459650480500e+00 5.476979703403804800e-01 1.170303463597951454e+00 -5.762363883808723219e-01 6.313825448391554573e-01 9.444278559408291196e-01 -1.191635624708281688e-01 -6.200639092623235760e-01 -5.131460978044821708e-01 -3.824068896699351905e-01 -3.299743784831955518e-01 8.685320904256771390e-02 -9.632416718835759006e-01 1.149848068937842305e+00 3.017138742145730190e-01 -1.496652904534964801e+00 -1.984096749619298494e-01 -3.426159014523763591e-01 -1.129412381068962024e+00 -1.286929252736590978e+00 3.405322339420978062e-01 -1.355320745299275265e+00 -6.711992819882072192e-01 -1.753158502365469440e+00 6.611630488162977271e-01 -4.233800383255528210e-01 -4.557485018223394330e-02 7.326775578088001728e-01 5.244186531727877965e-01 9.583754604035430447e-01 -9.130719615086136942e-01 -8.294780364816257689e-01 -1.054413975885122534e+00 -3.778337472657987139e-01 -5.500946055505908650e-01
5.450041049123167669e-01 2.442378749599348475e-01 -2.343767430436503041e+00 -6.888834588148725624e-01 1.950418074587143336e+00 -1.417437972048071426e+00 -1.576231219372417613e-01 -4.662888962407862325e-01 5.795883693587364771e-01 -4.056411195679837656e-01 3.989020061661318617e-01 3.343735767950996585e-01 -1.321807274133136145e+00 -5.280345127343405442e-01 1.867756923131193569e-01 1.078004223138528728e+00 -9.966711640352710067e-01 -7.593161529828929002e-01 -1.669782761255349079e+00 8.041196619992505568e-01 -4.457089178126751317e-01 -1.286722175909177368e+00 1.740583157293057737e-01 -2.224804528648616497e-01 8.271662382128808222e-02 1.153979557494145602e+00 -2.135330398062911667e-02 -8.057349997464592350e-01 -4.605713912280732791e-01 1.383595318122080364e+00 3.880662999691790183e-01 4.477204440880807601e-01 2.859053052627751779e+00 4.590789821458904907e-01 1.535262383401683417e+00 1.946604491870346676e+00 -8.839427656123153287e-01 1.388152850392440074e+00 -1.677237143293546451e+00 -2.507788314271098828e-01 -1.643102316585754175e-01 7.213274578177996110e-01 -1.750374236119284499e-01 5.540472057305287912e-01 -3.240943914787905999e-01 -2.731556411392908501e+00 9.351635432207003884e-01 7.303505451983716146e-01 -1.814973551965849419e+00 5.810299010509169942e-02 9.005870019508880331e-01 -2.728661495160898329e-02 -1.485244617997392713e-01 9.914843329984376341e-01 -6.295402989430978202e-01 -2.463023662567253691e+00 1.053973313468914208e+00 -6.535031063470009283e-01 4.192821117656476138e-01 -2.211259210419322385e-01 1.083089489508936909e+00 2.877380506851290876e-01 6.934093544295658607e-01 4.998699104233395585e-01 8.406172279825072646e-01 -1.738221492547576519e+00 1.131156613601721928e+00 3.311275745213337340e-01 7.723832390763959443e-01 4.354231076228403004e-03 -6.959363384605837810e-01 9.362476906606094218e-01 4.109874214164994655e-01 -8.299613164000577137e-02 -6.010360001831254184e-01 4.011436220241874628e-01 -3.773977424534412650e-01 2.395190298000875906e+00 9.407436229067557276e-01 7.492490044247168690e-01 -1.493622178625874097e+00 6.987123744655545643e-01 4.758578796278605805e-01 -1.271278879468637157e+00 -1.746521682219682736e+00 4.284762047285988196e-01 3.442883277357742244e-01 -1.199646244989750921e+00 -6.163435003168962756e-02 1.364666419008231657e-01 1.005987532822337993e+00 2.352470181373851610e-01 3.725183602220356049e-01 -8.900722491549728499e-01 -2.083129741277401359e-01 4.716689308137112513e-01 -1.081644347405354978e+00 1.202930538964881890e+00 -6.123110939145195442e-01 -8.608879577975725450e-01
-2.496635204251715923e+00 -4.315646569457886050e-01 -2.098458880579579799e-01 6.912880854174470180e-01 7.345010103829887615e-01 -1.011487087621053133e-01 -4.184505472198956078e-01 1.356235560421193420e-01 5.861018929309016467e-01 5.150807319060974887e-01 -9.441778519040809892e-01 -7.528630796396527103e-01 -3.466050487022940829e-01 -1.150008307969599963e+00 9.143312269800735193e-01 -1.690553223716201037e-01 -6.818366130016823012e-01 5.425844141602609305e-01 1.263198476888272026e+00 3.054103819567642875e-01 -1.619041745079281336e+00 2.045082183256779762e-01 -1.048531904708831647e-01 -3.048985797789654506e-01 -1.418541737350957899e-01 -1.114068056985003219e+00 -8.486590960409673423e-01 -4.539845207247958370e-01 -1.509944385939830658e-01 -4.068575015394479411e-01 3.030443388695945317e-01 4.207725852145217105e-01 1.640299878228772101e+00 6.178060772926273758e-01 -1.420537539352645373e+00 -6.724859280540834705e-01 -1.156857517555429204e+00 -1.614188910681683131e+00 -1.970633624490750302e+00 1.744844638475452347e-01 2.791427121898452657e-01 -8.559447860547618747e-01 -6.868911406934814501e-01 -1.521105356927620722e+00 4.046002813818221772e-02 -1.065088089286639894e+00 1.636483379063089938e+00 5.055421588625540474e-01 1.595653211426544482e+00 -8.680918763503973068e-01 -6.923880171832959007e-01 1.052123924629028595e+00 4.849621373119246681e-01 6.460248860543253979e-01 -2.742223504592236516e+00 -5.217365868435916987e-01 -1.710287432109590000e+00 -7.128234009325475906e-01 2.628501175771818521e-01 1.603543993685350832e+00 -1.520224679018741254e+00 -6.521319923795072526e-01 3.873973320613808835e-01 -1.333154091106851125e+00 2.006622104287611452e-01 -6.590846113862941502e-01 -1.721729403660086977e+00 -1.641839858245432437e-01 1.221777547795186880e+00 -1.180251603744498112e+00 3.349266742525605633e-01 5.893382508921020113e-01 3.298454961931653884e-01 5.795648368175206899e-01 5.839630913120956723e-01 -3.559225599340567481e-01 7.219096538686374798e-01 4.568096403904388092e-01 3.199608056215857421e-01 -6.283495351827719233e-01 7.844249320232985490e-01 -2.391974683280495007e-01 6.843369467546923657e-01 -8.919288115869798972e-01 1.180535505114955308e+00 1.502732645939861333e+00 1.891475256366205171e-01 -2.846648243678853163e-01 -3.660649793826460940e-01 -6.460050094489017125e-01 1.912073081379424888e+00 -7.428743914351125521e-02 -9.879058892039782602e-02 7.339549909235771885e-01 9.000575420185420450e-01 4.967028154043370280e-01 1.369618400726332563e+00 -6.358229673560823469e-01 -2.547731716852122741e+00 9.871309016738445408e-01
-2.027755513309947855e+00 1.612686776205917383e+00 -5.842386181253150790e-02 8.732702986315165061e-01 6.849841560035502264e-01 6.681575985191636757e-01 4.857866550431914066e-01 1.263852358880984961e-01 2.975658508638769906e-01 9.868192497504562066e-01 -1.597638305450415963e+00 2.860360091738688992e-01 -2.008105195891965455e-01 2.358957942609332392e-01 1.315268038256576899e+00 6.497357936802214962e-01 6.005532257048284972e-01 -1.638053764051329297e+00 -9.297220994694980201e-01 6.295712979160120182e-02 -2.026476086595984938e-01 -6.245511239753244181e-01 1.452980259720669798e-01 -3.346585467280337456e-01 2.127163387650051751e-01 6.326064087774668776e-01 2.309369410124647026e-01 -5.383140553694504282e-01 1.545686704688948421e+00 6.219085326346147635e-01 8.615842750005321404e-01 -7.959349507797687240e-01 -7.297506235945133701e-01 2.158497146079553786e-01 2.049686822352446702e-01 -1.216477565967793995e+00 4.999161617857872941e-01 4.657772919568917702e-01 -4.309097787020620962e-01 -7.953621893132976073e-01 7.833608387991214395e-01 5.805056557104283366e-01 -4.423074363582397694e-01 -7.658379228720025855e-01 -2.181419180696674287e-01 -1.117849318646780832e+00 -4.953099806131640581e-01 -1.384860118781877203e+00 5.932679930304464166e-01 -1.226256764143704991e+00 1.514080871920173266e+00 1.841801654247595676e+00 -1.507191785334475620e+00 6.764669308389277269e-01 6.476721010636908860e-01 -1.861541263695851711e+00 8.882403954028558202e-01 -1.092765527053786823e+00 5.806918982569451160e-01 -1.849999110408145464e+00 -9.194266129038242141e-01 -6.190271267778667541e-01 -4.632759417427317339e-01 -7.132043609004599938e-02 1.642933204013884152e-01 3.082067483263650765e+00 -5.169821929884933498e-01 2.519092277326940854e-01 -2.935371961881254668e-02 -6.956897396254781984e-01 -1.114775104137245121e+00 3.670195556403440529e-01 8.917696178973846255e-01 1.359978142251119682e+00 5.019551002356531511e-01 1.550584873057929469e+00 -9.913755873730109025e-01 -5.347079079965936232e-01 1.023487874175460499e+00 2.906393394325202384e-01 2.019088346412125506e-02 1.123108112378305323e+00 -9.119415127831053541e-03 -9.736415806030142284e-02 7.889677291271474102e-01 1.139878714831342288e+00 6.379062442292846580e-01 1.241404414553650554e-01 1.921269799405600776e-01 6.947061900612866436e-01 -5.010858609450503653e-01 -3.242689907406485217e-01 -2.262042708709332273e-01 6.004542459734399928e-01 4.962623197402128428e-01 -1.014409378217438901e-01 -1.681073026526565428e+00 -4.276843004043968666e-01 -5.491383856916883799e-01 -1.121402573398029290e+00
-1.038800542910749192e+00 8.653079104941564514e-01 -9.589511800764258798e-01 -1.044886019869184945e+00 1.932389527010062391e+00 -6.066698403211273627e-01 -5.354024401026801216e-01 -3.837784651413812531e-01 3.209465213994946442e-01 1.562478951715726150e-01 8.135749186813299172e-01 -8.262759627124812711e-01 1.019713960053024948e+00 1.323719647162862056e+00 4.292650127268796134e-01 1.276686964488583653e+00 1.803193414523285576e-01 1.148183730610609077e+00 6.084459536727657714e-01 -2.347178195748163276e-01 1.134944326007303328e+00 6.379669159118119826e-01 -6.168567130080541139e-01 -1.288352027481376449e+00 -1.672496646669024312e+00 -4.831264130140092150e-01 -1.645871623688483387e+00 -1.164803635360416978e+00 -4.069509240532963035e-01 1.365944778293949335e+00 1.044982455033171220e+00 -3.059020653848550930e-01 5.233826124295941629e-01 -4.906215686220997130e-01 -8.344158128894590964e-01 2.186822330424050276e-01 -6.478715271582154989e-01 1.679830483587598303e-02 -4.285675302862022029e-01 4.859853891994643516e-02 3.915766278284373847e-01 -2.072287243542167534e+00 6.894841292358587781e-01 2.860960362552756875e-01 -1.522794414432872445e+00 -2.724663622081931885e-02 -1.825376948518768971e+00 -1.149298591078889764e+00 1.114810567221533738e-01 -1.139297152452678485e+00 -7.500299485279755818e-02 -5.956957822828361504e-01 -5.311361027451342309e-01 -2.144524939252661078e-01 1.982533907889489688e+00 -5.354236199562933951e-01 1.141407374937237318e+00 -4.167670964512690257e-01 -1.335576127607901009e+00 2.689641746879790074e-01 -1.435114254589460625e+00 -4.634713238666673951e-01 -1.984875130055110959e-01 -8.446049721733078774e-02 -2.959105503844222662e-01 -1.122409495452274086e+00 -8.448469599238810357e-01 -9.250797844391541735e-01 2.550368592344305796e+00 -2.352706189035267847e+00 4.737628805032093049e-01 -4.491368305881349721e-01 4.319272268146936433e-01 -1.241627370500099525e+00 4.123657327926770755e-01 6.175987212406121030e-01 -8.438486074827309391e-01 3.189940464546531462e+00 7.097756405009755798e-02 5.169815586135955154e-01 -8.051713005732413775e-01 9.763428497722755894e-01 8.594753291789142269e-01 2.035156049107378629e-01 -6.441985083622801811e-02 4.879402597475625547e-01 1.353146045677506626e+00 2.911521363994147293e-01 -5.147401753681191822e-02 1.353152601369650876e+00 1.066038206502089247e+00 1.260350246828244147e+00 -1.440717472407272715e-01 -1.074131062280946569e+00 -2.451375252278816530e-01 1.474357100211319604e+00 -7.417049890712023030e-01 -4.623969232912358285e-01 -4.197758570636324627e-01 5.922100657319828709e-01
-1.166529848273752945e+00 -7.526404350920340436e-02 1.123450194465034219e-01 1.668744360700171181e-01 1.262784954895882807e-02 8.153129858808724206e-01 -7.320005380979454079e-01 8.687910745222613418e-01 1.496931684580930788e-01 4.852183404875157757e-01 1.610555599870200083e-01 -1.068808062749424082e+00 1.190358849851590683e+00 -1.053204276462880618e+00 7.760014819033199673e-01 1.311260037034123416e+00 1.159676668165316560e+00 4.773945194716249785e-01 -4.492819251208901229e-03 5.746306968255751046e-01 1.094318903670421061e+00 1.791430029205103025e-01 1.115972127141692916e+00 -5.877797702597918894e-01 -1.907632155267349416e+00 -1.605281515691611594e+00 -8.335801763417564070e-01 -9.643893840861217370e-01 -7.380756771006600214e-01 3.874745581832499952e-01 -2.973761373283758669e-01 -1.322115479906938784e+00 1.258306123666729226e+00 -1.130312725017026176e+00 3.850635051628338856e-01 -6.936369211350906783e-01 9.666160925069930965e-01 -3.746235151190271950e-01 1.229985559589931832e+00 -9.008679256732622376e-01 5.710321535245374003e-01 -2.578744779012891897e+00 9.526803689361856842e-01 -6.557474801497760464e-02 7.352891805026982031e-01 -1.311493787557577617e+00 -8.011359297924998124e-01 -1.085606807547864205e+00 1.169062912605101756e+00 -2.576550399353675358e-01 -1.262446016429754181e+00 -8.585593543089561352e-01 4.382890136877211629e-01 -9.575469726981000740e-01 -2.051322072506878147e+00 2.575205189129920955e-02 -5.804877131489528663e-01 -6.675383660870493063e-01 2.930619066740555168e-01 -1.224428690118891175e-02 -7.541599395917095716e-01 -1.252866372803000505e+00 -8.176874419676447570e-01 -1.405517795832006422e+00 1.276619659415656916e+00 1.468469834313372413e+00 2.043200303737777723e-01 4.544276984262348162e-01 -3.136324000643227888e-02 -6.747053946048775508e-01 1.038179922163493307e+00 2.603140788690345153e-01 1.632452672087971735e-01 6.764558804332179154e-01 -2.939965237175372170e+00 -7.937937409540077871e-01 1.944516636668034981e-01 5.254634913169135002e-01 5.436698299566076198e-01 1.000060773421893368e+00 -2.136085412954650820e-01 -8.477053187531402578e-01 -8.935078446815092335e-01 -9.920888150476105949e-01 5.886273235730065112e-01 -9.575731002088575528e-01 -4.969320523948360102e-01 -1.131567950296311631e+00 1.261048298188934602e+00 3.109968501629865045e-01 -2.651409737956655910e+00 -5.507384875404647273e-01 -1.256077700661648366e+00 1.521938819620165528e+00 1.355408287391634881e+00 7.683852995519668827e-01 1.083548151080830468e+00 -4.190682517387379069e-01 7.913317486509385823e-01 -1.631987642869895394e-01
1.973219015877947902e+00 9.800180636680977386e-01 1.046478084796880648e+00 -2.166733615015361825e-01 2.426238262161515835e-01 -2.132729497026946142e+00 9.223245137768225632e-01 1.108524849858664729e-01 1.132612544858312420e+00 4.338033321474215609e-01 -3.857851616031236497e-01 -4.960856746389555316e-01 -1.280810829287652552e+00 -1.893589401763224656e+00 -2.170979577872648392e+00 -1.298101688525966357e-01 8.490506674176818702e-01 4.505433489663059898e-01 -4.259546132531099039e-01 -1.092485550496728797e+00 1.649082252259477910e+00 -3.102627033466857642e-01 9.681389386323296931e-01 9.758215023406101585e-01 -2.786779927187173822e+00 -2.772078072296328410e-01 -7.785882339689451648e-01 -3.333258521188880996e-01 -1.738911527829855697e+00 1.714934436749237623e+00 2.102978379516482754e-01 4.240805063640753492e-01 8.187638481411220193e-01 -5.232068880582502191e-01 9.093402704558030125e-01 -3.404733596316612543e-01 7.273523730107513963e-01 4.698963385714310936e-01 6.679555810961098627e-01 9.069707642646396284e-01 -2.883800220502786837e-01 2.415805125967071254e-01 -1.609900878696433890e-01 6.223646091952742543e-01 -5.134673140000820535e-01 -9.984501170768786960e-01 2.100198771776242423e-01 1.383021173882530430e-01 2.247937797546389227e+00 1.754174129783811834e-02 -8.467384827918583712e-01 -4.230738731470384817e-01 -2.008636505405527739e+00 1.689268130023732661e+00 -1.826819032617664984e+00 1.901488706569400167e+00 6.404740750344707356e-01 2.373161389900502183e+00 -8.526545055737105860e-01 -4.059624968213819685e-01 7.971228890213645224e-01 -6.414058788349376317e-02 5.146647443646383824e-01 -1.777936159709142983e+00 -2.314634263487900800e-01 -1.247033192409954694e+00 1.169880696955040822e+00 -8.971905591210170838e-01 6.130993680781207829e-03 -1.452461290557943985e-01 -5.065384393510676819e-01 -7.349108074078807284e-01 -8.548953371812408886e-01 -5.736486550542644336e-01 8.727562484455827357e-03 -1.197604109271626749e+00 1.063679376743489557e+00 6.173718904844721633e-01 6.092666826992942930e-01 8.599193721138457258e-01 -3.069415717316907877e-01 9.351483070269197562e-01 4.215438483943381720e-01 1.279772316872431981e+00 -6.734142796734760017e-01 -1.186423233332281280e+00 -1.321428221704623374e+00 2.911842162584720173e-01 1.871443433426713820e-01 2.081775744845167697e+00 -1.933808134380152088e+00 -1.404824184918811725e-01 -1.119681183895154947e-01 -2.007351141578626597e-01 -1.037791465518009604e+00 1.618155791900732554e+00 -2.248805647317027034e+00 5.782050088800938514e-01 -2.998852821953731929e-01 -5.891760420520814057e-01
9.352750550110775496e-01 8.725166397005387209e-01 -6.952404314076550407e-02 -7.573302520792902781e-01 -1.309750128120688473e+00 -1.073276237728610361e-01 7.947417691324146771e-01 -2.506865255867661291e-01 -1.411976696299899414e+00 -1.220877553540736793e+00 1.483870857736232285e+00 -9.714877890595812193e-01 2.864685546888064427e-01 -6.467923587389231566e-01 -1.318646470563769935e+00 -2.810103015495862611e+00 1.148654813181124279e+00 1.042120631541493481e+00 7.203423960959350891e-01 4.218899117832246026e-01 1.539974797275307727e+00 1.600663426888572216e+00 1.227286212958522915e+00 -1.916107284073693906e+00 2.005631701569817182e-01 -3.658761692106496377e-01 7.341057178665057192e-02 -1.332699880636636580e+00 -1.484740142197908952e-01 -9.999554960762734312e-01 1.700554607298145893e+00 9.282276347418725315e-01 -8.818630231846098511e-01 -3.823808633957276881e-01 -5.564729609385381526e-01 -5.444361905134313950e-01 -1.125422096836275143e+00 1.037214417842253322e+00 -2.914092553496670096e-02 1.164420847797613900e+00 3.365349819461749825e-01 4.817836181025350606e-01 -4.796815358207292546e-01 -9.005863205436522856e-01 -3.329447075354676766e-01 -5.998812617451251272e-01 1.457704823489214041e+00 7.725336809001320804e-01 -1.115900685877473819e+00 -4.722366550736863400e-01 3.044291852323365855e-01 -1.508147857330921049e+00 -1.869199940267568250e-01 1.738326320981837592e+00 -2.986973323816811021e+00 3.940125263930182586e-01 1.316530009670452861e+00 -1.641197105260723266e+00 8.157075813423408928e-01 5.450939198571833622e-01 1.913757258407678685e-01 -1.998409778482702404e+00 4.639778120392269445e-01 1.068137880868279099e+00 -8.514578081631100082e-01 8.432896098987004985e-01 1.529238262597118370e+00 2.584597042083120466e-01 1.889943276422041851e+00 -9.023434745278037239e-01 -3.181442330876716462e-01 -1.198065516070871528e+00 -1.668175887555505499e+00 1.151880240063531735e+00 6.117846064459149247e-01 -2.327796581795257058e+00 -8.234188505885580156e-01 1.108147662505728714e+00 1.248114201390315703e-01 -2.361717455989298831e+00 1.436809369337604947e+00 2.447548327345337726e-01 -2.160298487448637061e+00 -1.048783450096574671e-01 -2.272171403471766826e+00 8.994197902296410252e-01 4.618686669174796866e-01 1.469505678994332376e+00 3.713196242335228825e-01 -8.392707131352412572e-03 -2.426152348503169964e-01 5.686476007584294612e-01 8.314853471708886223e-01 -5.264115404799403208e-01 -5.354801060233373988e-01 -6.341576471832603701e-02 -1.600611255887088191e+00 1.415429707010824600e+00 4.149478697452969045e-01 -6.675102024022230296e-01
-1.062503791054623559e+00 9.196308105002261035e-01 6.854102911777893992e-01 -1.740477853961297505e+00 -1.216554926689338290e+00 1.696842869751651883e-01 7.270027101991191065e-01 -9.959545961331635056e-01 1.105749834744639060e+00 -4.896608257926735042e-01 1.101424322482361662e+00 -9.691344065394648377e-02 2.772839323284645996e-01 -8.480621505457988096e-01 2.045550344152219716e-02 -1.707576742672233028e+00 -1.149399041630736695e+00 1.355531950461276391e+00 -3.065360754214780381e-01 -1.042129046226167643e+00 1.468907917106377248e+00 -3.682974630899994439e-01 -3.645867004931660493e-01 7.244436431272188726e-01 -1.732304825192583150e-02 4.408942556834083426e-01 2.623688997899875641e+00 -9.925492145519810849e-01 2.388052441598810249e-01 3.094268407560947232e-01 8.794002145004329307e-01 2.107556198313457418e+00 -3.835665284299912825e-01 -2.067527843041168989e+00 -3.804056500349862757e-01 -5.066446239431281473e-01 1.634506285088053623e+00 -7.755079291531186136e-02 1.729677349786554075e+00 -1.367594492543132256e+00 -3.599801149756737262e-01 -1.686197191988125343e+00 -6.543640843065912094e-01 6.087662639712618784e-01 2.470998122286533205e-01 -1.587534736922139589e-01 -1.012732748580770004e+00 6.372475383071522781e-02 3.814700106366036847e-01 1.142184261287811087e-02 6.334018164785557570e-01 -1.147175412782918125e+00 8.431815857552636961e-01 -1.251861049158487837e+00 9.529040232502895558e-01 3.761283926404694333e-01 1.076379390419083537e-01 -9.070227226323820391e-01 -1.348543423786621398e+00 1.119980106780984919e+00 8.375055669071614917e-01 -3.314174820936303667e-01 7.867289666468431086e-01 -6.557935298768846621e-02 1.063041694208037048e-02 1.075015152225521797e+00 -1.753480036602183878e+00 2.487339668237619428e+00 -5.341311373121507833e-01 -8.049338087927262464e-01 4.937343187317966287e-01 -1.202225748244824866e+00 -2.719805278516689850e-01 -1.267645633914391556e+00 1.858034102835600887e+00 8.571971837666715333e-01 8.178241434172732749e-01 2.058865338043533999e-01 2.945597588293161762e-01 -9.781831988444535941e-01 -2.389577494333308127e+00 -2.532813949349742022e-01 -1.340479378239555652e+00 1.034063911164973204e+00 -1.918084991798075123e+00 1.774699484467701538e+00 1.468389660779125139e+00 7.087279329827561591e-01 -4.549402340684416401e-01 -5.640480271756762587e-01 1.997825267212565370e+00 -2.431364712034956022e-01 9.466579748632907299e-01 -1.170301326548899068e+00 -9.940056207693016566e-01 -1.276330923726129773e+00 6.175385245828068914e-01 -4.805830553295637464e-01 1.823299727866420916e+00 -5.666242129277604400e-01
7.564049303592056406e-01 5.736267118989576419e-01 -8.795783014499848340e-01 -1.172920230015820131e+00 -8.272278032450035568e-01 -1.419068830429499162e+00 1.661943477368606592e+00 3.994516797116456353e-01 -5.626236421486150441e-01 -6.216300177424691209e-02 1.756674663273755321e+00 -1.250421765433141763e+00 2.213375445225986282e-01 1.376001541718085697e-01 3.696933668587180644e-01 -2.111821390398753273e+00 -1.021502638900489979e+00 -1.249345634236880720e+00 -6.925252647000976758e-01 1.276514153003436070e+00 -1.066443959601470065e-01 9.770624816308587368e-01 3.161927809082087371e-01 -4.190157233771207856e-01 -4.504563274866169031e-01 1.350813114656275626e+00 1.760465019846221724e+00 4.175351491971183715e-01 6.920595917701756195e-01 -5.294540614592789796e-01 -4.967323587101361015e-01 -7.021499762440289172e-02 1.146485151065309793e+00 -1.824476890482676472e+00 6.768067552688057653e-02 1.520448042994352322e+00 1.499182054430184818e+00 1.555677399582764409e-01 9.687915140489808952e-01 -1.488631729977901441e-01 -2.027888416018094553e+00 -1.239802478515099199e-01 1.225054439653804783e+00 5.405012480917839035e-01 -1.167263174271572002e+00 1.336640124841871557e+00 6.696765563377203752e-03 1.554936360510394522e+00 -2.765724988677032981e-01 1.340169286609497412e+00 -2.431805663892068828e-02 1.512167686603958616e+00 1.452402910460123930e+00 5.116196857943410281e-01 8.574802741267048001e-01 7.913817476111332239e-01 -1.056970503007924833e+00 -1.418964725191451670e+00 5.720430906694756734e-01 -6.529335542368329692e-01 -8.185251037555165698e-01 1.893881334433031416e+00 -9.161021326614616767e-01 -7.527679095868582415e-01 4.407819363087613074e-02 -1.570252700876799690e+00 -1.567897716907941386e-01 1.428616129763543574e+00 -3.650080219103044032e-01 1.245488822173689059e+00 4.997904402792774370e-01 1.560573574110189154e+00 -4.627393169467715617e-01 3.288023907157602843e-01 -1.931721001923843717e-01 -8.569413597251835935e-01 -2.091833501258864858e-01 -2.058312944081085172e-01 -1.225856406409760124e+00 -1.389689594835407105e-01 -7.762807702454106451e-01 -8.042828218984802158e-01 -1.176539990772849986e+00 3.969619964985513505e-01 -2.515076449936309633e+00 6.412106843135043643e-01 -7.702696741276152670e-01 4.855418753112343833e-01 7.523667259362398774e-01 -1.572246071901800546e-01 -2.449016058773054727e+00 -9.035585328969282237e-01 4.180083563017101267e-01 -8.833031474625469004e-01 -1.236088719308318096e+00 -7.820257423576248978e-01 -7.277581202739917821e-01 -3.656535380706426031e-01 1.244708156090782003e+00 4.979178542099226834e-01
2.227888673226001259e+00 -1.929408992215069896e+00 8.414822135272494175e-02 6.057494435662881538e-02 6.025523406599717635e-01 -6.254294010972160089e-01 4.339770213772659035e-01 -1.071413393864934172e+00 -2.739665971853157966e+00 -8.876805560089048308e-01 -3.423860413389243629e-01 -4.672086728969634950e-01 -3.189622554196234194e-01 2.146027897891701119e+00 -6.990089174658523641e-01 1.083013909681225240e+00 7.089300794526933736e-01 5.933392312476242214e-01 6.262982780131152172e-01 -1.363812964858659160e-01 -6.127068063368587003e-01 -1.606299523451353295e+00 -9.520922272730338864e-01 -4.326778073710296768e-01 -8.347620162862783300e-01 1.359291320251357627e-01 1.387487993865635483e+00 1.508245800475106035e+00 1.754431390825971493e-01 -5.877023081388321746e-01 -3.250094019306307147e-01 8.581319004752110957e-02 2.987435684710766648e-02 -3.464210900103168456e-01 8.028880190553593366e-01 6.837283808418066766e-02 -1.344319251978494334e+00 5.634875651117708939e-01 -2.880181496490138437e-01 1.117779811243859278e+00 -1.682707121322506660e+00 2.325004098695924656e-02 4.550367056811391864e-01 -1.297690371472587811e+00 1.454006810579529851e+00 9.114955750108146848e-01 1.272281395264804438e+00 -2.823485988387963372e-02 1.026788224002597394e+00 -1.168192551174690452e+00 -4.058524675041340068e-01 -7.723728459062106921e-01 8.712720955054573668e-01 -7.073848847637171922e-01 -2.161819201594954998e-01 1.011071380974632561e+00 -1.060488024390760842e+00 -2.341074020163427805e-01 5.964558859014482683e-01 -1.885319539800620392e+00 -1.748350451343469114e+00 9.479991559509625132e-01 -7.543895915394482898e-01 -1.061469950046917132e-01 1.217958434186449779e+00 -1.304954260139003230e-01 1.148783313948038787e+00 7.233734518063218433e-01 -9.663405006238694472e-01 1.760913749092148484e+00 2.586417251381706306e-01 -8.038835072091133904e-01 -3.376510157096443976e-01 -2.375746955605009814e-01 8.445939990209931914e-01 -1.142055261326033966e+00 -1.216624777846007976e+00 4.741900984197872093e-01 -9.511663250969544514e-02 -1.636861416767232624e+00 -1.082486438834318720e+00 1.058985519138142539e+00 -8.830349614062301677e-01 -1.511762824204925471e+00 6.893068325433067411e-02 5.115905502386622894e-01 1.077130510728839363e+00 9.711411579219586532e-02 -1.256749513386596684e+00 -4.437978879681489519e-03 2.381732847197614245e+00 -4.741819359917161525e-01 5.034160122105899582e-01 -6.076765174763009147e-01 2.698348079750141348e-01 1.070216474727347267e+00 -2.169692335031983554e-01 -4.219006245531999877e-01 1.519856660277000948e+00 -1.070677659917040225e+00
-2.956179674503717769e-01 -9.616684673058785160e-01 1.459282102043383045e+00 3.277564756715241057e-01 -1.361209549886845283e+00 2.522841886273677225e+00 -2.659256393600361590e-01 1.364823361511066924e-01 -1.674870384322262540e+00 -2.387902674338023834e-01 -7.560648461956184230e-01 -1.108630702999250373e+00 1.541259640485613258e-01 1.685652437129922798e-01 -1.010005373057478284e+00 -6.947883379902756174e-01 -1.201588740474422545e+00 -1.600819066605998708e+00 5.998804429278269124e-02 1.462632117285310063e+00 1.676162138178762140e+00 6.594354480676386521e-01 -2.276316286595184701e-01 7.841873870157123295e-04 -1.880810540523360830e+00 -3.057134208862855584e-01 -1.189737912348904025e+00 1.579968034024880064e+00 4.472495778820634316e-01 -1.843392241119395647e-01 -3.951039360991875360e-01 1.029413932023578226e+00 6.237980273377404794e-01 -4.364792430395295630e-01 9.015290671752966833e-01 -3.044612390181554051e+00 -1.193979600343492153e+00 8.623115917116995766e-01 1.012656042048305283e+00 2.198944312524537370e+00 4.096216080242605639e-01 -1.248472846645031886e+00 1.848700292828128644e+00 -8.315019469322668666e-01 -1.917189160449152663e+00 7.513335897906856520e-01 -2.998906772933686238e+00 1.087796053787675854e+00 -2.522637727877622638e+00 1.812591684311630091e+00 -2.363731022264616843e-01 -1.416024395545923686e-01 1.206682497715601959e-01 4.450842235200842545e-01 8.460297476798328553e-01 -1.718882831549744195e+00 -6.648473259249473855e-02 -2.550494311221032095e-01 1.899801763510339525e-01 1.098390568014688817e-01 3.403225475841840653e-01 1.137245699601957982e+00 1.354264205164281254e+00 -5.568340041456656397e-01 3.385153781469295020e-01 -3.846338827027077079e-01 1.487699192507129231e+00 -6.454268472472806106e-01 4.492810218227132057e-02 -5.207551839017586781e-01 -4.755564730113952532e-01 1.316857114334251122e-01 -1.800345965048024022e+00 -1.360803721217641815e+00 -1.169782923395801116e-01 -3.777771424806330297e-02 -5.946981310083969685e-01 7.866546035000313575e-01 1.033158000506786689e-01 -7.525462631337919150e-01 1.052567880463136651e+00 -2.510275611784473337e+00 -2.560235812419122681e-01 5.559306244095245653e-01 -1.090147986522075785e+00 1.809513431697565289e-01 -2.297001748602755633e+00 -8.169249450400193346e-01 4.421124743056150525e-02 1.488143252748408640e+00 9.173923942351264182e-01 -1.258383051506921424e+00 -3.278511504672894650e-01 1.622655748026190503e+00 1.902375699439090129e+00 5.738472153562624856e-01 -6.422451166242840737e-01 7.290233030234679612e-01 -1.989939149654982531e+00 1.151405337536471007e+00
5.956113816678944017e-01 -4.270025426369807309e-01 -3.788253449201694489e-01 -4.820792068550078247e-01 -2.658240843087382288e+00 1.593828536500727644e+00 1.062732327394430909e+00 3.157287244612402843e-01 -4.742193138304480193e-01 -1.699536171218411496e-01 -1.133602748914669833e+00 9.266081039603717429e-01 6.589647566918178656e-01 1.398671278118610029e-01 3.705767477935959509e-01 1.291713424807749533e+00 -4.240562938081370026e-02 -2.594112372961243640e-01 -7.394444733198754505e-02 -1.136182082491087764e+00 2.658025013992487695e-01 1.632348417181661127e+00 1.008760005078045835e-02 1.638865845979791347e+00 -1.831527131739362213e+00 -5.694813049971179097e-01 3.042831880662801303e-01 -1.352102843538157462e+00 7.810270741499227842e-01 2.236437802566902278e+00 2.132335017348030437e+00 1.686729097234161090e+00 1.125960727741329437e-01 -1.283245122153060969e+00 1.496751949607990850e+00 -1.206398031065929466e+00 -1.707164780459317077e+00 3.130453250951514277e-01 3.072812619530356781e-01 1.044872541644377595e+00 -5.210245073809923744e-01 4.447521325508384527e-01 1.081337881333657852e-01 -6.965511896139178205e-01 -1.320678245697766373e+00 -1.259006056003747931e+00 -3.301502625413373915e-01 -5.790898058288453942e-01 -1.326701827901374253e+00 -2.499356528389705748e-02 3.694078255542267847e-02 -5.939453034049978486e-01 1.824484269367055544e+00 3.507933850385861613e-02 -2.451487277954988997e+00 -1.062036245843730187e-01 -1.209373108723938994e-01 -5.573358082610188058e-01 -1.475100411986551174e+00 2.134638524935889237e+00 -3.421420754076344162e-01 8.325534159514212940e-01 7.308987024006611266e-01 -2.177004335268345192e-01 -1.347851934236920624e+00 6.946797897706327163e-01 -7.233170138713062025e-01 6.903626084870412294e-02 6.175609546086565649e-01 -1.148738466228570010e+00 -3.170291803475552950e+00 -1.017073275519696507e+00 -1.147657833571435582e+00 -1.326335543334029587e+00 1.027594744744478428e+00 -1.221249438147119948e+00 4.021242661910636729e-01 2.606737658023500770e-01 1.596335263048433095e+00 -3.232275064178572466e-01 -9.834882798769378764e-01 -4.550070964527720419e-01 -1.014401677264123780e+00 -6.772532729028575282e-01 -4.256282391147443445e-01 -7.025310825070416598e-01 -2.839490953001291285e+00 -1.672281340049405873e+00 4.671022807602688565e-02 3.813372330404258825e-01 -2.914192174834889446e-02 -5.985899542035532095e-01 2.349557562803286537e+00 1.024370307866924623e+00 8.364522546964828775e-01 2.596927435273600482e-01 2.062088937650209175e+00 -6.417050868937872465e-01 6.456910783845228041e-02 -4.771333179206433961e-01
-3.464280314202426436e-01 -1.444038860264228452e+00 -1.609053324186419942e-01 2.283831303120900935e-01 -5.841500265098723554e-01 1.348458322493333972e+00 -5.640997131917447893e-01 7.963082775894888068e-03 -1.084444299887166174e+00 9.645171788104639488e-02 1.004263776391346008e+00 -1.451709315659135191e+00 -1.576978494222284422e+00 -2.606738048211396652e-01 -8.526465715631711406e-01 6.223200099677708153e-01 1.988844309386682552e-01 -8.164961859847239545e-01 1.144124321203866312e+00 1.039628865557989668e-01 -5.611843980704349644e-01 9.335151994366995831e-01 -1.110448162481666223e+00 -6.083278675507480804e-02 -1.111628560213826500e+00 -1.831604743870402618e+00 1.621937622086695230e+00 1.177108170502116691e+00 1.408744643310357869e-01 -1.225558635315546319e+00 -3.804298412635328530e-01 3.793186388376159623e-01 7.721520710497568711e-03 -1.162767821482633579e+00 -1.231606171899690905e+00 -4.550441433682244075e-01 1.084376042886900787e-01 -8.787837865390363268e-01 2.279153867950534540e+00 -5.529154663862950736e-01 7.723076455619922731e-01 1.656173521322581665e+00 4.453419767368774207e-01 -4.581537259520548355e-01 7.650890129315368604e-01 -4.105653651274261406e-01 -1.166176499629346441e+00 -1.435384557442080267e+00 2.231896544958857920e-01 1.896416201383218925e-01 1.130916643301975499e+00 -1.503697507954789181e+00 3.065376533353734168e-01 8.454677340298399901e-01 7.023689806537284364e-01 -1.380937945419110191e+00 -2.267043292559892675e-01 -8.717152545859546686e-01 -1.509467731938199275e+00 1.065883417720712600e+00 5.040687431883383862e-01 -1.235147064853520327e+00 6.393067460799884971e-01 1.522100997579571846e-01 1.515949645935158241e+00 1.094888406049079332e+00 9.703035093402414546e-01 1.165539568720020736e+00 -2.542573738701124908e-01 -7.895147148050043473e-01 -7.139500005425312157e-01 -2.100494801055698524e+00 -1.833021587913685746e-01 -1.095766230220196702e+00 -1.841736589161216298e+00 9.148123285944598226e-01 -1.181737036702478871e+00 3.935062204670358721e-01 -6.763219987236007702e-01 -3.568985620987056295e-01 -7.183525348441882619e-01 1.801432998172121991e+00 -1.978905455388237089e-02 1.350773058224726153e+00 -1.035878244185285679e-01 7.452072013866850586e-01 -3.558817281629034213e-01 2.231839472816212311e+00 -1.125790037903079854e+00 -1.541819334205658310e+00 8.430917484099360593e-01 -2.293375795867466316e+00 -4.998627324463184585e-01 -1.109647361290299949e+00 -2.025130810231123065e-03 9.736419225413330825e-01 6.995574454218816962e-01 -2.233541829914644783e+00 9.412510684988720788e-01 2.092120290371127567e+00
1.454035786608538217e-01 1.084595894147733386e+00 9.406187723252658062e-01 -9.032856100049519998e-01 -4.302037704220124659e-01 5.201460141862586095e-01 6.857644099043476160e-01 -8.381493204105158190e-01 -6.436629684172340271e-02 3.610769504732526669e-01 -1.321825790910764187e-01 1.248517473568343750e+00 -9.828083276377241884e-01 -3.823590856021145679e-01 -9.135736939714846905e-01 -2.729904579376200013e-01 -9.583426119160680379e-02 1.316727739279878628e+00 4.463394569666589429e-01 2.057658917331877529e-03 1.852059496001311922e+00 4.572247734851537793e-01 1.260074149764886346e-02 -8.490049838182999187e-01 -3.703517813286493210e-01 -7.328714559939094597e-01 1.885024643806242628e-01 -1.451429099047589988e+00 1.979576406069334160e+00 3.844970172275722908e-01 -4.836703080819503842e-01 -8.313103906727620229e-01 -1.025066091028620230e+00 5.362969534084368606e-01 7.623994199351940004e-01 1.051473561506751642e+00 5.360045079330351125e-01 1.583088147360986353e+00 -9.092145847880207521e-01 -3.744166622770564445e-01 -6.976320370111348257e-02 -2.021515685106726856e+00 1.864475108845478513e+00 8.084413710990164814e-01 1.673093226858826776e+00 -2.025009825758781745e-01 2.075763129249651173e-01 -1.544559274750929578e-01 -7.501724061763809237e-01 -8.993471906917698266e-01 1.488590528109261735e+00 2.123579036371046058e-01 -4.436882894326304450e-01 -2.400941855788371881e-01 3.907453187420206198e-01 -1.038178885476371160e+00 -7.636654609022052176e-01 -2.159056586510593512e+00 9.625425373719540545e-01 -1.991654419132744824e-01 -1.900556821563014642e+00 1.713456577324819208e-01 -1.390040032455265084e+00 1.035228105473087051e-01 -3.079176527013957609e-02 -1.425611569334351292e-01 9.685510920444627692e-01 1.168363377475866383e+00 -3.425010203298636813e-01 -1.074961727221028784e+00 -5.374703888911877558e-02 1.500214682186865378e+00 3.691989475490272676e-01 -1.672334161823136656e+00 8.853676529635952086e-01 -6.838309490676509617e-01 9.671949475513312855e-01 -3.140866770259357343e-01 3.476427511724842212e-01 -3.866019261824996667e-01 -1.337915332806749236e+00 8.655901055423292911e-01 3.583253766083219910e-02 -1.558790476615072584e-01 -5.363590571380661975e-01 -5.215770690975464197e-01 -3.244249931887012717e-01 2.195308093823681861e-01 6.331779198694915678e-01 -9.713072442508775550e-01 1.098209684587360568e+00 -1.190597931235350959e+00 2.477555369914795413e+00 -9.563339534490120641e-01 5.304144887230398675e-01 -1.749758439826772649e-01 9.501762433936982166e-01 -2.055641532796684601e+00 2.420041393271280677e-02 -8.331377365927106204e-01
2.916153214666719506e+00 -6.869362424099471065e-01 -8.401903400481791628e-01 -9.617648964119771549e-01 -5.534771070203072796e-01 -1.309247461061280315e-01 -6.926346439022995627e-01 -3.443059508911807676e-01 -3.818269823647617994e-02 -1.420562634221268494e-01 2.350430835138524466e-01 -5.429282043784634526e-01 -1.186479897016228247e+00 -5.121666345720723434e-01 -9.502163142329038692e-01 8.895856174827323493e-01 -1.583877521228774787e+00 9.923789870887204101e-01 -2.565815920529935568e+00 6.990874646616672683e-01 4.766337920497656921e-01 3.829391307629795294e-01 2.710724911692560246e-01 -4.643588879855173879e-01 1.719533672966834015e+00 -1.042036917329938195e+00 -2.613761934568704093e-01 8.097493420686865395e-01 -6.341736026284410244e-01 2.183500872566626505e+00 -5.555394857888536903e-02 -2.436645950817500683e+00 7.000676542949796355e-01 9.505381682472190397e-01 1.258258015955962872e+00 -2.412525669849486520e-01 -5.110609162130157479e-01 1.248981827149011847e+00 -7.339408025612553788e-01 1.162957843376000611e+00 -2.616323851566562664e-01 2.086927024822636145e+00 1.770784365472034272e-01 7.373897296988993766e-01 -1.345246765267107847e+00 5.858484748639446460e-01 -6.936661119939737663e-01 5.308213873025015017e-01 -4.321911310529902295e-01 -5.669391203678446622e-01 -1.325524119977591120e+00 -1.430321679583188121e+00 -6.708315767784930328e-01 -8.877964842761887354e-01 3.728366999981225782e-01 -8.501915369565100633e-01 -6.864885750513741725e-01 2.073634038123785828e-01 -2.663003599449451086e-01 2.539122603400953415e-01 -1.270546582902871702e+00 6.828158342011179105e-01 -6.482430588967524887e-01 4.332938882735007935e-01 1.575097137498899513e-01 1.386222471127699141e+00 1.012990905443535844e-02 4.570390380219249149e-01 -3.383151716278821053e-01 5.918523436815894545e-01 5.021518808119265209e-01 -7.985248155245301405e-01 -1.767082307935599617e-01 -7.000873003995663479e-01 -1.510545428000076018e-01 -8.013936672794492733e-01 1.180972397067066693e+00 -6.248908040338803094e-01 6.413052157632894712e-01 3.202872924370149255e-01 -8.190531688665039223e-01 -2.038378202093901748e-01 1.019282186892906727e+00 -4.900590898537923734e-01 -9.311403657201426931e-01 -9.708292896350737555e-01 -6.212714591940269454e-02 5.805606791139263922e-01 9.289161502784709645e-01 2.775079275878273855e-01 -6.434511347608814491e-01 1.028284531030186688e+00 -6.027471879419561418e-01 1.741797354322774730e-02 1.724782717404482468e-01 -3.631620225619491271e-01 4.908961954899500046e-01 -5.374762524345080145e-02 3.644341523262052407e-01 -5.060553526285688219e-01
-2.048089602823784106e-01 1.456425371040809935e+00 1.277532881925556474e+00 -6.811415406155902907e-01 -1.433055610624670573e+00 -1.027164255805261384e+00 -9.686974955374567930e-02 4.118248119553195585e-01 -8.060766270178056914e-01 -1.066072296345972337e+00 -2.348311324785531673e-01 -4.807054499534365033e-01 3.112190229903621375e-01 1.125242237270959400e+00 7.493934446676477901e-01 8.033363096873384623e-02 -1.320777382682637668e+00 2.492410209239020347e+00 -4.114681317120505999e-01 -8.840249418237121626e-01 -1.106546943671583676e-02 3.234520743985948577e-01 3.307818785329017519e-01 -4.598881871927972265e-01 -6.133486282912539167e-01 4.913669616641134219e-01 -2.716934576226701092e-01 7.417796208951606129e-02 1.458922917789072127e+00 -6.374705364396118235e-01 4.735637312260951304e-01 1.339167225833986175e+00 1.248788353990775812e+00 -9.395329259205316141e-01 8.909247207083683673e-01 1.603358483870317874e+00 -2.739085210075248855e-01 -4.405160806415244767e-01 1.517858445548364132e+00 6.112954846556858945e-02 6.386429065902961000e-01 8.349658176261124387e-01 -1.000236315728205393e-02 -1.327204845892338669e+00 1.079825237280414019e+00 3.603073022792308566e-01 -2.605788236506590416e-01 1.201264122175593058e-01 4.161866275771918255e-01 4.374225125982978413e-01 -2.372606181589758112e-01 3.605414001107352662e-01 -3.366215625809009793e-01 5.403699106501703292e-02 -2.488160275049511316e-02 -2.344647507974978673e+00 8.410945016316845324e-01 -1.485040709412486004e+00 -1.690301982498158884e+00 -7.865860863531659586e-01 -9.016384481362801351e-01 2.941345980804169757e-01 6.743841666591667838e-01 5.018231685386140839e-01 -1.401891811134602595e+00 1.587817215458185327e+00 1.203403927588871047e+00 1.310955975792092894e-02 1.545689049670314619e-01 -1.000158774280633482e-02 9.391913583219418937e-01 2.032291102691021312e+00 1.497343045382343529e+00 8.714452749550246624e-01 2.160434279566518512e-01 5.598205255637863642e-01 -1.533384143049336679e-01 9.940510699010929319e-01 -6.325084640358219490e-01 -4.936074239548601805e-01 8.961508655047268901e-01 -2.454186835062572292e-01 -1.807916562610276445e+00 5.099547499714248699e-01 7.854176993432511189e-01 1.426334368968054545e+00 -2.899254765948898471e-02 -7.615408231874187805e-01 -9.345598114782829313e-01 1.343835020411864867e-01 4.500818608590437808e-01 -1.677202288015200882e+00 -1.269216018758438258e+00 -4.064177820052089496e-01 -2.106902345831519752e-01 8.017213023003044725e-01 1.282782938005108786e+00 4.194481256912827583e-01 1.503676581364961629e-01 -7.611095722858975954e-01
-3.167812927447042903e-01 -3.147753131741004018e-01 6.995925326792752363e-01 1.214397021755771355e+00 -4.945925021193130211e-02 -6.157097539505008710e-01 9.391907427258582297e-01 5.316024616893305632e-01 4.668157361992907872e-01 5.725919707121172042e-01 -1.348875931162381248e+00 7.044371895885280788e-01 -1.013852567750333833e+00 2.797385696657171961e-01 -1.194966935061721580e+00 1.252271898451767562e+00 2.601129132188099713e-01 -1.558381086109510982e-01 6.737275769291316552e-01 5.240540294128558374e-01 6.765254534266671449e-01 -4.021833064558049120e-01 6.477479855165353406e-01 -1.621586497004083194e+00 -9.836851014216546618e-01 2.120687360891402098e-02 1.024933740964953710e+00 -1.557797988032118885e+00 -4.179656236714717615e-02 4.508312561966338894e-01 -7.214925464541299682e-01 -1.100455940549704081e+00 3.417591275822852159e-01 8.726271038614509257e-01 1.154586911512107017e+00 3.206223584196329912e-01 -5.814244172381892277e-03 -5.374577518535873510e-01 -3.968686911293510811e-01 8.081640664493274784e-01 2.168295945393025725e+00 5.433587866516780274e-01 1.074664700281552809e+00 -3.755665276621797388e-01 -3.985094867639986105e-01 1.900888364335960590e-01 9.408141202668073300e-01 1.246252577272791706e+00 -1.213319897965734695e+00 -8.844087877198331116e-01 7.208351997281770007e-01 8.769675514086001655e-01 1.434070393089688540e-02 -6.731870781838883433e-01 6.347485790253153126e-02 1.510176010722442008e+00 8.234737185157036121e-01 3.483330496121769260e-01 7.857617230519708951e-01 -1.268363946707091960e+00 2.548040211773282548e-01 -3.140899853094025751e-01 7.969947726304565938e-01 7.509647433068932232e-01 -4.455125748513740214e-01 -6.288425588310988523e-01 4.621403564183483859e-01 -5.010904083373788342e-01 -1.100177853900665248e+00 3.886208364544002092e-01 3.696476752984049208e-01 -7.286767298437560880e-01 9.574963323047869235e-02 5.838494473923618727e-04 -1.801628779332564489e+00 -2.040215324720911355e-02 -1.632061319976964020e-01 -6.920338140588965237e-01 3.312367818845642076e-02 -4.777099670276794829e-01 4.638314034704285049e-01 1.195014772168402573e+00 2.514326156046099991e-01 7.854667816461589069e-01 -3.711389573935953701e-01 7.922033934038108516e-01 9.780141902698815670e-01 -4.651260607157452209e-02 1.186778593716163004e-02 7.567651869455288560e-02 -2.741295792830483052e-02 -1.441333536550669425e+00 3.665220522793190550e-01 5.770410695790681999e-01 5.239692673613133289e-01 4.938798124356585939e-01 3.906322692895347615e-01 -4.568972922759003685e-01 1.498177796887120827e+00 -3.241318788125600592e-01
2.310005623225240001e-01 1.491609706696077176e+00 -1.365273263408054438e-01 1.337017110643432982e+00 -6.190097931464457748e-01 2.586875757714606761e-01 7.195387401405345384e-01 -1.454903944874472055e+00 -2.927748121377259094e-02 2.212993315927489213e-01 -7.100617971005882545e-01 1.774957375000936477e-01 -3.290812907431883150e-01 -4.253813170777384634e-01 -8.443247910434711345e-01 1.228574153542356939e-01 1.071978923000503015e+00 -1.121334700345762575e-01 -6.507738341555855399e-01 -1.529128275746843846e+00 -1.115218477706137357e+00 -1.712065797711076476e+00 -1.355155623324179326e-01 -6.210220184467887261e-01 6.341037145825862975e-01 7.347280398175666249e-01 -1.029282120801383149e+00 -2.549036155425044914e+00 4.714168749398277569e-01 5.756951670478399619e-01 -6.341989112285439933e-01 -3.159057034174829193e-01 -1.126421928326609034e+00 -1.594472443535198680e-01 8.393706984871850407e-01 1.161224111150209459e-01 4.032151826760631552e-01 -5.940697859392447544e-01 1.300462902517574015e+00 5.280126506231413303e-02 5.823622863268366201e-01 2.739371322969217371e-01 4.796021682133531638e-01 9.796865594412100808e-01 -1.327036005583644318e+00 1.872956115723393433e-01 1.931321941508980622e+00 4.373080154129680430e-01 6.395736169900735346e-01 -3.714855990144096398e-01 -7.329000450328415628e-01 -1.151963377061164806e+00 7.104882142266638612e-01 -6.464637202802978044e-02 7.250663908665307966e-01 3.264608863204405131e-01 -2.294350420379891176e-01 -9.435525456610788231e-01 -4.975729688055489236e-02 1.377291095699232637e-01 5.159833723403851186e-02 1.893346429495677219e+00 2.949723665174498466e-01 -2.252000006429117906e+00 1.307689027571097284e-01 1.032967139643749199e+00 -3.141093969910663808e-01 1.418566034794708886e+00 -2.567273868678336679e-02 -7.141282756221515315e-01 2.976965320784469293e-01 -3.327723480102334069e-02 1.279773333445098915e+00 -1.016164792558132968e+00 1.668120632062030373e-01 -3.061263182611641542e-01 -1.804775123269767301e+00 -2.001937278009995769e+00 -2.623709908126061752e+00 2.730036290929793719e-01 1.439660959659705419e-01 5.922271514539296788e-01 -1.249759813008773035e+00 2.766222312965402885e+00 -3.107795500383639942e-01 -4.038251403548013263e-01 3.089796572821122411e-01 -3.873174017921955370e-01 -1.129574163571635648e+00 -5.101643847437342671e-01 4.690906336698580370e-01 5.170969590023533069e-01 8.130137623479900544e-01 -1.202723983142060860e+00 -2.862151525623519710e-01 -3.105636203848340049e+00 -3.690090998822820878e-01 1.314587960209566697e-01 -2.540833345638058294e+00 1.618609860312488102e+00
5.048037614573064324e-01 4.633464479452674700e-01 -1.348999490256834743e+00 1.517285821260127454e+00 4.297524895205080964e-01 7.530379526030629433e-01 -7.349821820415836093e-01 -1.243618167768074795e-01 6.772062998373847842e-01 3.641013288847040896e-01 -7.230119902074164662e-01 2.989663873697512853e-01 -1.229290424617108357e+00 4.493465137679514276e-01 9.412470653663849163e-01 9.924555534114343214e-01 1.417892885750507981e-01 1.051269793270773079e+00 -8.373615707518272666e-01 1.843712008189891671e+00 6.695677818106771095e-01 -5.250014184564684161e-01 -5.617558595090113016e-01 9.548663232646238397e-01 -1.431625185038344572e+00 -1.347893462693785516e+00 9.061679954286256944e-01 1.087116671576910942e+00 1.196571332507052193e-02 -1.177910483398633579e+00 -3.362697886984492013e-01 1.590859919897806396e+00 2.153703216411349874e+00 -4.498804354077428069e-01 -3.140140690613074104e-01 -3.270793760011987961e-01 -7.523235865987621951e-01 3.169279246742484069e-01 5.239604826292135753e-01 -1.414637192559502266e+00 1.232909013640726692e-01 -3.024110399502872415e+00 -1.168413178880065573e+00 -8.886637650133344390e-01 1.114098372741851167e-01 2.199028745059569356e+00 -7.100686233741567710e-01 -7.371750676259920532e-01 3.591144215985549448e-01 -5.426392622898468243e-01 -2.769058346172202367e-01 3.768266015107233358e-01 2.475948737432553504e+00 2.599374655552137425e-01 1.376414700346109576e+00 -5.322025363177050883e-01 -1.595974686084004723e+00 1.359552772265754550e+00 1.484071991004636271e+00 1.962216088374814316e+00 1.404463420636374027e-01 1.111414186487269529e-01 -4.878945611780965974e-01 -7.359684154753706187e-01 9.078454576562895451e-01 -5.384842668876854699e-01 -5.634887412929975303e-01 -1.977037732554156380e+00 -5.470431831793470812e-01 -9.481247617627596158e-01 -1.829379840097385967e+00 -2.553341701354613358e-01 5.559039532285293683e-01 -4.487501920721544413e-01 -7.160120815365884628e-01 -1.081532423982755953e+00 -1.857854595394997366e-01 -4.452540896110290247e-01 2.295855161637359310e-01 -1.455082463430491246e-01 -1.927749105904795979e+00 -3.854329701695866639e-01 5.212770925505760822e-01 -7.696112490638896686e-01 -1.489120404257637587e+00 7.891599470302559372e-01 1.051142202404219406e+00 5.666422151570541660e-02 -1.877865720707355246e+00 -3.952957691256607786e-01 3.784195716854159564e-01 2.210236561191929461e+00 -1.654356361237362683e-01 1.397313518506367203e+00 6.831923081605920101e-02 -1.329336996573358409e-01 3.403039181325908658e-01 2.614695275505168337e-01 -1.057154887584263875e-01 -9.399330556229880118e-01
-2.286584899193054299e-01 -1.075863398721185860e+00 4.644912187275453963e-01 1.066304091687920064e+00 -1.547422937743642812e+00 1.188874180782522272e+00 1.487016853354170276e-01 1.519057929216703628e-01 5.935282007416425865e-01 -1.457887810404407403e-01 7.829058907944292933e-01 -1.879091940038156439e-01 1.613074660325151122e+00 3.293972978676013713e-02 1.527058168269327831e+00 -1.690397024767810175e+00 1.498732158163329942e+00 1.810362053743168609e+00 6.543482456022645666e-01 2.089297984550921028e-01 -9.361908370255218603e-01 -1.107798670284013465e+00 -9.027877630633522610e-02 3.387949852905323689e-01 -5.733627180141631641e-01 1.802446464271240112e+00 -2.690920520538913618e-01 -1.337153375256722732e-01 -9.622479120967308841e-02 1.065785286932067755e-01 -1.040987272962251797e+00 -1.279868769335442691e+00 3.210087346627216176e-01 -3.566967361898026878e-01 -9.298421826592337958e-01 -1.535363836074236765e+00 -5.095117428094209089e-01 1.357178960167208626e+00 -9.870029731639201609e-01 3.595507176606855815e-01 1.395029585498010594e+00 1.713062170125524197e+00 2.254721111467794525e-01 1.418858459458433030e+00 1.096439215889684737e+00 1.169415307558859807e+00 -6.096339415967005904e-01 -7.215262958710737529e-01 -1.123248205860706062e+00 1.025145255034368263e+00 3.700885817060946548e-01 -2.071055241461989271e-01 5.977293127501310394e-02 -2.589605332136907800e-01 3.119710548989968260e-02 2.012476504031582181e+00 2.880786557556084260e-01 -1.782123317431031362e+00 -7.698005946893374807e-01 2.138501050216473354e-01 -1.561202521105349961e+00 -1.317649186345189571e+00 3.760952158852871596e-01 1.195147810784783937e+00 9.053186609900066850e-01 4.098143714024628514e-01 7.696371695880366293e-01 5.875899990603142831e-01 -5.408420645084649481e-01 -1.511393073023991063e+00 -7.244183560393377963e-01 -1.184111884125220060e+00 9.753625916430916365e-02 -1.153826468146051720e+00 -8.485183936305290553e-01 -2.367584137143194378e-01 7.105120160063357337e-01 -2.199183911548374115e-01 1.266517113259728378e+00 3.055710701392743145e-01 -5.828908831168209126e-01 -2.126971081995513657e+00 4.404041062666615991e-01 -1.686772232820130890e+00 -7.490186032366271673e-01 1.609769896961001034e+00 -1.030766451548224438e+00 2.005689055891285155e-01 -2.057746067000635559e+00 2.318484845419667151e-01 -1.370007908420366682e+00 8.449090314569884796e-01 1.050022913346851272e+00 -1.738068485289211207e+00 -3.851140061999261954e-01 -9.068043686965330252e-01 9.631731701337986618e-01 7.586487647375855792e-02 -1.040147301809837721e+00 1.588455071382552652e-01
1.597959239214723492e+00 -4.157298670471100133e-01 -5.690134114521255837e-01 4.132101710029952857e-01 -7.171981827984500457e-01 -5.172632754237673630e-02 -1.714968336038106722e+00 -1.404011934747938506e-01 9.258718922703624843e-01 6.860787682433552859e-02 -8.262062442215626357e-01 4.590476623797620781e-01 -9.164354870626331140e-01 1.080055665625739403e+00 1.108616125236036920e+00 1.328429271912141552e+00 8.432883170217944091e-01 1.824537530032165900e-01 9.278526968161194821e-01 1.552037364934522601e-01 -2.605869134390140229e-01 6.202353570318310805e-01 -4.460939269044474353e-01 -1.586960936950955636e+00 1.473378959764364282e+00 -5.829744796238387483e-01 5.890246853023097806e-01 4.918734283788974704e-01 -5.403024583100910494e-01 1.122432320357353852e+00 -9.325851329310459459e-01 -5.170683156037566564e-01 8.324606416899317518e-02 -4.536717249018960008e-01 2.231132558222460371e+00 1.140202088319486551e+00 9.131374229900579564e-02 -8.866449034743143498e-01 4.059388383296878011e-01 -1.505560881833765685e-01 -1.655662773026517876e+00 -4.739074344105562719e-01 1.580542859381356635e+00 9.472188035092353464e-02 3.433730555926134409e-02 2.835199230005208126e-01 -4.154094255031260952e-01 -1.099857947526404978e+00 1.029558288148743506e+00 8.280773236181684371e-01 1.164115892472723734e+00 -5.906305451047622057e-01 -1.324231020316917196e+00 8.825604782400525705e-01 -9.308079532984225857e-01 8.421131597097482324e-02 1.906236946802127297e-01 -2.127070385517940032e+00 -6.573617528124410248e-01 -4.349379424021073137e-01 -1.871564398729617995e+00 1.664690430313806868e-01 6.266558792930744248e-01 -1.004356391690860884e+00 -1.560285869005606230e-01 -8.283162745463967802e-01 -1.148624819368561534e+00 -1.131078127771726997e-02 -9.160434805412180637e-02 -3.330871260200872208e-01 1.257033684054660316e+00 -5.385254890635644831e-02 6.421624139786924479e-01 1.385107701942585257e+00 -1.009802802013632705e+00 8.094062120996523557e-01 -7.367206040990176286e-01 2.073085419060214096e-01 -1.173827951277013337e+00 -2.660177726961336364e-01 1.776062992904314103e-02 1.266358964560013733e-01 1.666105995890728053e+00 6.916259702708433821e-01 -3.530911522119286605e+00 -5.761749850376585158e-01 -7.506475822517248986e-01 2.544294747304217535e-02 8.406220087460767321e-01 -4.415780707999544252e-01 1.081592485264916970e-01 1.278194768234211187e+00 1.415662524198743888e-01 1.476124864547267324e+00 -7.550181454200387277e-02 1.489837502267706837e+00 1.749625639187377013e+00 -5.045266236096703771e-01 4.785790419446913635e-01 -1.871870993177539910e+00
-8.683547963933387903e-01 1.179629660516830603e+00 1.169471179996633081e+00 -4.488711931801094290e-01 -9.093973330010254319e-01 1.451416452641014487e-01 1.161758872050852265e+00 4.956717932853589303e-01 1.368919482107354701e+00 8.255457250908658784e-01 -7.884555150451145744e-01 -1.841073752538577191e+00 6.715026225326243825e-01 9.960358181269927114e-01 3.379488129531537655e-01 -9.460539062203569827e-02 -6.225699484817672769e-01 2.696014893099381027e-01 -3.506748686254045899e-01 -8.015863293734414308e-01 1.126674489748410668e+00 -6.874352097828909658e-01 2.133903452877382867e-01 -8.334739279159131264e-01 1.151896504313915548e+00 1.382230004955890879e+00 -2.360729683000366119e+00 -7.415347474260219722e-03 3.389695245126289613e-01 -2.412264661183784575e+00 2.508437310498909056e+00 -4.660486855995230049e-01 -1.206567737562835863e-01 1.991142479956394151e+00 5.935715326212200882e-01 -1.340527165989315594e-01 1.360796029570567223e+00 -1.735639014988180406e+00 2.027308010988635889e+00 8.815206305764419215e-01 2.095413970278458549e-01 -1.583838085296472228e-02 6.994052777455360692e-01 -4.220718187244265063e-01 1.185738627348187135e+00 1.101471173297790679e-01 2.322216283059330699e+00 1.941935773711537735e-02 7.887719871327344423e-01 -8.333912281669564326e-01 -1.822303069447568369e-01 -1.042396301453513807e+00 8.017783957511458170e-02 1.115310594368031705e+00 -7.723458792425215158e-01 -1.553656455536427616e+00 8.726704707116396120e-01 -8.140426408753469456e-01 -1.082978877022172881e+00 -1.384313965800609392e+00 -9.174270549435926680e-01 -5.927167966024117218e-01 2.119989800270061231e+00 -1.835576328081360398e+00 -1.020897503833426478e+00 1.283713950065081599e+00 1.103485506272084304e+00 8.451433702205869425e-01 -4.828794207275680095e-01 -2.763256488054301463e-01 -4.552452408573081644e-01 -4.419357036280227580e-01 7.743632860422664521e-01 9.622995821479074507e-01 -7.021099933351422351e-01 -9.979290799611832963e-01 1.272455815892735487e+00 8.241580436078745908e-01 -7.817501926425649561e-01 1.527405530608029471e-01 -9.547988052440343765e-01 7.886602661544439563e-01 -1.086207076435223629e+00 1.194439419201392738e+00 3.836922722718538736e-01 8.528503147902537218e-02 -2.081571678579042517e-01 -4.394635102092387391e-01 -8.483881750956375756e-01 1.198070842199499067e-02 -2.214118252481096505e-01 5.806288626530619057e-01 1.007223600323284174e+00 -8.450001445402645084e-01 -1.371671848621714318e+00 -4.192947407384324254e-01 -1.207631261087152463e+00 8.786518553053889180e-01 -1.282892991864490462e+00 -1.730474385378205859e+00
4.977084268229286512e-01 -2.771766873655534535e-01 -7.097685604262603774e-03 -3.584647334781043138e-01 -1.135356428812366092e+00 3.908040013070707697e-01 2.838419685094163425e-01 3.832509531041469741e-01 -4.088408943940035067e-01 1.167772112730210532e+00 -4.990027296776993193e-01 9.534676639040702284e-01 1.344399895142103452e+00 -1.338400496169935838e+00 1.387858073926768743e-01 3.359778744480405033e-01 8.680938333051719802e-01 -2.529281457183567006e-01 4.338584474641673516e-01 -1.044851701546369416e+00 -5.404614333008413984e-01 -1.645755974896113916e+00 -3.057346869270136103e-01 5.049182281380633075e-01 -1.630527676212590649e+00 7.353291887400008331e-02 6.920138822566038739e-01 -6.877546024837107863e-01 -4.819440792270021645e-01 -1.650238391631456469e+00 -7.764536409672302408e-01 -5.626321134910999833e-01 2.384983996605517242e-01 -2.044780802871819514e+00 2.656097619101999152e-01 7.207097004917096816e-01 -2.215476376880637144e+00 -8.918827950840576557e-01 7.136307385907960654e-01 4.611358899226656316e-01 -5.830173589790411670e-01 -6.069493998061429446e-02 -3.489749843863013123e-01 2.731000668307153045e-01 6.915117119824373271e-01 -4.487025893686036326e-01 6.327647750286695683e-01 -1.195869703218441327e+00 9.057953613087236233e-01 4.902746198306859871e-01 2.849390728551310370e-01 1.489903037550805553e+00 -1.191835078890591371e+00 3.078765400178024372e-02 -6.608231440823775227e-01 1.586189375713027427e+00 1.058164630355068025e+00 -5.443767549529463512e-01 -1.393838712277481184e-01 -5.573395450119886796e-01 2.188346172178893823e-01 5.270230041800531007e-01 -7.534323840465957378e-01 -7.879056043134122778e-01 8.130770003898454279e-01 -2.172029067790576806e-01 5.871429944690451652e-01 -7.685568324081768488e-01 -4.421290994542321218e-01 -7.847181668425858847e-01 5.368997594521718320e-01 -1.496985148600420978e-01 -8.507972633951196295e-01 1.789039103304284728e+00 1.510904203568805393e+00 -4.729680749791105310e-01 7.413367056246649156e-01 -5.667093306429349386e-01 -1.750297277870326962e+00 -1.352376154470311120e-01 5.840986572347138805e-01 -7.705923121252863384e-01 9.018441221036027633e-01 8.287808804513587813e-01 3.168403827842489751e-01 4.661406205528317859e-01 -9.131376675081954719e-01 -4.078043643214965819e-01 -1.791878513385762206e+00 1.157501662770374695e+00 3.960617938407175465e-01 3.740242708541977740e-02 -1.085299731521211231e-01 5.338107253032291499e-01 -5.620889949234986194e-01 3.278945621838971203e-01 9.072147939555119667e-01 -3.938376231619253875e-01 -5.384092561838440538e-01 7.988551436049720067e-01
-1.352448190995490407e+00 2.214350535181606627e+00 -2.052069624140457349e-01 -5.655809174238315418e-01 -5.210420048972410484e-02 -8.841098942941170158e-01 3.954320004250579113e-02 -4.381605295016580137e-01 -9.705864004718419702e-01 -2.490668468759693610e-01 9.910272221933884573e-01 -1.227916173623993246e-01 1.602117088191134728e-02 -2.839390864838989281e-02 -1.663631617485918257e+00 2.328825927298126264e-01 2.112503202374714506e-01 1.069579871395207382e+00 2.098339353192086865e-01 1.999409845525248752e-01 1.829716851234239439e+00 2.405585231151845971e+00 6.697794421079428240e-01 -1.497003138323953708e+00 4.483169734239436099e-01 2.041057645210500926e+00 8.273454149530595769e-01 -5.461239334942836754e-01 5.282739988099470763e-01 1.911232331287260999e+00 -4.596711267974808446e-01 6.319128538190917910e-01 -1.402019676323327468e+00 -4.758489100176381270e-01 -2.971072017224447581e-01 -1.544891321339893486e-01 -6.134412368618684663e-01 -8.543574403418878124e-03 1.533284944295670305e-01 -1.179390870309516247e-02 -1.095215040027803344e+00 3.296480330929958957e-01 2.241749399342512827e+00 -1.677733476535744339e+00 4.565674118850121532e-01 1.041209097433663383e-01 -1.046738282534867670e+00 8.406283202144504418e-01 -1.246830009761336733e+00 -2.845119038819126159e-02 -4.532290535328772907e-01 -8.094690824437321686e-01 -1.934032131848988367e+00 -2.723233435303173272e-02 -1.416467737661854631e+00 -1.149819537725652596e+00 -6.470967237248825832e-01 -1.456488978227247877e+00 2.590248470850601836e-01 -1.029467647958724141e+00 -1.305787264975643014e+00 -1.117323148355270357e+00 2.371913334560279973e-01 -1.847522199940740961e+00 1.419257826244477050e+00 1.720970424070465743e+00 1.218875264579500906e+00 8.929412672843993759e-01 -1.202285270299686015e+00 -5.144252275019846055e-01 1.482199873967997815e-03 4.991835502893344212e-01 3.329691583276749300e-01 -1.744739778021071608e-01 6.624777666826193734e-01 -1.120734741669506124e-01 1.215703664939790318e+00 -4.271793730357297675e-02 -7.256777781572171238e-01 1.031983822031186548e+00 5.823287559402490210e-01 -7.225825820059345039e-01 1.730428142610094921e+00 3.221629306185452846e-01 -2.259726355324487290e-02 1.994693240647433141e+00 -1.192784376261766116e-01 1.594431714698986591e+00 6.094928918607172008e-01 1.011608854784131095e+00 1.580549825739299141e+00 9.543552152319405568e-01 -2.067755657088718557e+00 3.496477042487353137e-01 -2.107240643645107880e+00 -8.628534548222186462e-01 2.152294085787088918e+00 -6.705556077771688064e-03 -1.214723094966244865e+00 6.549886591834754856e-01
