14 14 14 14 14 14 14 14 13 13 13 12 12 12 11 11 10 10 10 10 10 10 10 10 10 10 10 10 10 10 10 10 10 10 10 10 10 10 10 10 12 12 12 12 12 12 12 12 14 14 14 15 16 17 17 18 19 20 21 22 23 24 25 26 31 32 34 36 38 41 43 43 47 51 55 58 60 63 67 70 72 73 76 79 83 87 89 91 92 95 97 99 99 101 104 106 105 105 105 105 106 106 106 106 104 104 103 102 101 99 97 96 92 90 88 86 85 83 78 75 69 67 63 61 59 55 50 46 44 43 41 39 36 34 32 31 25 25 24 23 21 20 19 18 16 15 15 14 14 15 16 17 16 16 16 16 16 16 16 16 16 16 16 16 16 16 16 16 16 16 16 16 16 16 16 16 17 17 17 17 17 17 17 17 17 17 17 17 17 17 17 17 17 17 17 17 17 17 17 17 15 15 15 15 14 14 13 13 13 13 13 13 13 13 13 13 13 13 13 13 13 13 13 13 14 15 15 15 16 16 16 17 15 16 17 18 20 21 22 23 26 27 29 31 34 37 38 40 41 43 46 48 49 50 53 56 61 64 67 69 71 73 76 79 82 83 85 87 89 92 93 94 92 93 93 94 94 94 93 93 94 94 94 94 92 91 89 88 85 85 84 82 79 76 73 71 70 69 67 64 61 58 56 55 51 49 47 45 42 39 37 36 34 32 29 28 27 26 23 21 21 20 19 18 17 16 15 14 15 15 15 15 14 14 13 13 12 12 12 11 11 10 10 10 9 9 9 9 9 9 9 9 9 9 9 9 9 9 9 9 9 9 9 9 9 9 9 9 9 9 9 9 9 9 9 9 9 9 9 9 9 9 9 9 9 9 9 9 9 9 9 9 9 9 9 9 9 9 9 9 9 9 9 9 9 9 9 9 9 9 9 10 10 10 11 11 12 13 13 14 15 16 16 17 19 20 21 22 23 24 25 26 30 30 32 34 36 38 39 40 42 44 46 48 50 52 52
14 14 14 14 14 14 14 14 13 13 13 12 12 12 11 11 10 10 10 10 10 10 10 10 10 10 10 10 10 10 10 10 10 10 10 10 10 10 10 10 12 12 12 12 12 12 12 12 13 14 14 15 16 17 17 17 19 19 20 21 23 24 25 25 30 31 33 35 38 40 42 43 47 50 54 57 59 62 66 69 71 72 75 78 82 85 88 90 91 94 97 98 99 100 103 106 105 105 105 105 106 106 106 106 104 104 104 103 102 100 98 97 93 91 89 87 86 84 80 76 72 70 66 64 61 58 53 49 45 44 42 40 37 35 33 32 26 26 25 23 22 20 19 19 16 16 15 15 15 16 16 17 16 16 16 16 16 16 16 16 16 16 16 16 16 16 16 16 16 16 16 16 16 16 16 16 17 17 17 17 17 17 17 17 17 17 17 17 17 17 17 17 17 17 17 17 17 17 17 17 15 15 15 15 14 14 13 13 13 13 13 13 13 13 13 13 13 13 13 13 13 13 13 13 14 15 15 15 16 16 16 17 15 16 17 18 20 21 22 22 25 26 28 31 33 36 38 39 40 43 46 47 48 50 53 55 60 63 66 68 70 72 75 78 79 80 82 84 87 89 91 92 91 92 93 94 94 94 93 93 93 94 94 93 92 91 89 89 86 85 84 82 80 77 74 72 70 69 67 65 62 59 57 56 51 50 48 45 43 40 38 37 35 32 30 28 28 27 24 22 21 21 20 19 17 16 15 15 15 15 15 15 14 14 13 13 12 12 12 11 11 10 10 10 9 9 9 9 9 9 9 9 9 9 9 9 9 9 9 9 9 9 9 9 9 9 9 9 9 9 9 9 9 9 9 9 9 9 9 9 9 9 9 9 9 9 9 9 9 9 9 9 9 9 9 9 9 9 9 9 9 9 9 9 9 9 9 9 9 9 9 10 10 10 11 11 12 13 13 14 15 15 16 16 19 19 20 21 23 24 25 25 29 30 31 33 35 37 39 40 42 43 45 48 50 51 52
14 14 14 14 14 14 14 14 13 13 13 12 12 12 11 11 10 10 10 10 10 10 10 10 10 10 10 10 10 10 10 10 10 10 10 10 10 10 10 10 12 12 12 12 12 12 12 12 13 13 14 15 15 16 17 17 18 19 20 21 22 23 24 24 29 30 32 34 36 39 40 41 45 48 52 55 57 59 63 66 69 70 73 76 80 83 86 87 89 92 95 97 97 99 102 105 104 105 105 105 106 106 106 107 104 104 104 104 103 101 99 98 96 93 91 89 88 86 82 78 76 73 70 67 65 61 56 52 48 47 45 42 39 36 34 33 28 28 26 25 23 22 20 20 17 17 16 15 15 16 17 17 16 16 16 16 16 16 16 16 16 16 16 16 16 16 16 16 16 16 16 16 16 16 16 16 17 17 17 17 17 17 17 17 17 17 17 17 17 17 17 17 17 17 17 17 17 17 17 17 15 15 15 15 14 14 13 13 13 13 13 13 13 13 13 13 13 13 13 13 13 13 13 13 14 15 15 15 16 16 16 17 16 16 17 18 19 21 21 22 25 26 28 30 32 35 36 37 39 41 44 46 47 48 51 54 58 61 64 66 67 69 73 75 76 77 79 81 84 86 88 89 90 91 92 93 93 93 93 92 93 93 94 93 93 91 90 89 86 86 85 83 81 78 75 74 72 71 69 66 63 60 58 57 53 52 50 47 44 41 39 38 36 33 31 29 29 28 25 23 22 21 20 19 18 17 16 16 15 15 15 15 14 14 13 13 12 12 12 11 11 10 10 10 9 9 9 9 9 9 9 9 9 9 9 9 9 9 9 9 9 9 9 9 9 9 9 9 9 9 9 9 9 9 9 9 9 9 9 9 9 9 9 9 9 9 9 9 9 9 9 9 9 9 9 9 9 9 9 9 9 9 9 9 9 9 9 9 9 9 9 10 10 10 11 11 12 12 13 14 14 15 16 16 18 19 20 21 22 23 24 24 28 29 30 32 34 36 38 39 40 42 44 46 48 50 50
14 14 14 14 14 14 14 14 13 13 13 12 12 12 11 11 10 10 10 10 10 10 10 10 10 10 10 10 10 10 10 10 10 10 10 10 10 10 10 10 11 11 11 11 11 11 11 11 13 13 13 14 15 16 16 17 17 18 19 20 21 22 23 24 27 28 30 32 35 37 39 40 43 46 50 52 54 56 60 63 66 68 70 74 77 81 83 85 87 90 93 95 96 98 101 103 104 104 105 105 106 106 107 107 105 105 105 105 104 103 101 100 98 96 94 92 91 88 84 81 78 76 72 70 67 64 59 55 51 50 48 45 42 39 37 35 31 30 29 27 25 23 22 21 19 18 17 16 16 16 17 18 16 16 16 16 16 16 16 16 16 16 16 16 16 16 16 16 16 16 16 16 16 16 16 16 17 17 17 17 17 17 17 17 17 17 17 17 17 17 17 17 17 17 17 17 17 17 17 17 15 15 15 15 14 14 13 13 13 13 13 13 13 13 13 13 13 13 13 13 13 13 13 13 14 15 15 15 16 16 16 17 16 17 17 18 19 20 21 21 24 25 27 29 31 33 34 35 37 40 43 44 45 47 50 52 56 58 62 64 65 67 70 73 74 75 77 79 82 84 86 87 89 89 91 92 93 93 92 92 92 93 93 93 93 92 90 90 87 87 86 84 82 80 77 76 74 72 70 68 65 62 60 59 54 53 51 49 46 43 41 40 37 35 32 31 30 29 26 24 23 22 21 20 19 18 17 16 15 15 15 15 14 14 13 13 12 12 12 11 11 10 10 10 9 9 9 9 9 9 9 9 9 9 9 9 9 9 9 9 9 9 9 9 9 9 9 9 9 9 9 9 9 9 9 9 9 9 9 9 9 9 9 9 9 9 9 9 9 9 9 9 9 9 9 9 9 9 9 9 9 9 9 9 9 9 9 9 9 9 9 10 10 10 11 11 11 12 12 13 14 15 15 16 17 18 19 20 21 22 23 24 27 28 29 31 33 35 36 37 38 40 42 45 47 48 49
14 14 14 14 14 14 14 14 13 13 13 12 12 12 11 11 10 10 10 10 10 10 10 10 10 10 10 10 10 10 10 10 10 10 10 10 10 10 10 10 11 11 11 11 11 11 11 11 12 12 13 14 15 15 16 16 16 17 18 19 20 21 22 23 25 26 28 30 33 35 37 38 41 44 47 49 51 53 57 59 63 65 67 71 74 78 80 82 84 87 91 93 94 96 99 102 103 103 104 105 106 107 108 108 106 106 106 106 106 105 103 102 101 99 96 95 94 91 87 84 80 77 74 71 69 65 60 57 55 54 51 48 44 41 39 38 33 32 31 29 27 25 23 22 21 20 19 18 17 17 17 18 16 16 16 16 16 16 16 16 16 16 16 16 16 16 16 16 16 16 16 16 16 16 16 16 17 17 17 17 17 17 17 17 17 17 17 17 17 17 17 17 17 17 17 17 17 17 17 17 15 15 15 15 14 14 13 13 13 13 13 13 13 13 13 13 13 13 13 13 13 13 13 13 14 15 15 15 16 16 16 17 17 17 18 19 19 20 20 21 23 24 26 27 29 31 32 33 35 38 41 42 43 45 48 50 53 55 59 61 62 64 67 70 73 74 75 78 80 83 84 85 87 88 89 91 92 92 92 92 92 92 93 93 93 92 91 90 88 87 87 86 84 81 79 78 76 74 72 70 67 64 62 61 56 55 53 51 48 45 43 42 38 36 33 32 32 31 28 25 24 23 22 21 20 19 18 17 15 15 15 15 14 14 13 13 12 12 12 11 11 10 10 10 9 9 9 9 9 9 9 9 9 9 9 9 9 9 9 9 9 9 9 9 9 9 9 9 9 9 9 9 9 9 9 9 9 9 9 9 9 9 9 9 9 9 9 9 9 9 9 9 9 9 9 9 9 9 9 9 9 9 9 9 9 9 9 9 9 9 9 10 10 10 11 11 11 11 12 13 13 14 15 15 16 17 18 19 20 21 22 23 25 26 28 29 32 33 35 36 36 38 40 43 45 46 47
14 14 14 14 14 14 14 14 13 13 13 12 12 12 11 11 10 10 10 10 10 10 10 10 10 10 10 10 10 10 10 10 10 10 10 10 10 10 10 10 10 10 10 10 10 10 10 10 12 12 13 13 14 15 15 16 16 16 17 18 19 20 21 22 23 24 26 28 31 33 35 36 39 41 45 47 48 50 53 56 61 62 65 68 72 75 78 79 82 85 88 91 92 95 98 101 102 103 104 105 106 107 108 109 107 107 107 108 107 106 105 104 104 102 99 98 97 94 90 87 83 80 77 74 72 68 63 59 58 57 54 51 47 44 41 40 36 35 33 31 28 26 24 23 22 21 20 19 18 18 18 18 16 16 16 16 16 16 16 16 16 16 16 16 16 16 16 16 16 16 16 16 16 16 16 16 17 17 17 17 17 17 17 17 17 17 17 17 17 17 17 17 17 17 17 17 17 17 17 17 15 15 15 15 14 14 13 13 13 13 13 13 13 13 13 13 13 13 13 13 13 13 13 13 14 15 15 15 16 16 16 17 18 18 18 19 19 20 20 20 23 23 25 26 28 29 31 31 33 36 39 41 41 43 46 48 50 53 56 58 59 61 64 67 71 72 73 76 78 80 82 83 85 87 88 90 91 92 92 92 91 92 92 93 93 92 92 91 88 88 88 87 85 83 81 80 77 76 74 71 69 66 64 63 58 57 55 52 49 47 45 44 40 37 35 33 33 32 29 27 24 24 23 22 21 20 19 18 15 15 15 15 14 14 13 13 12 12 12 11 11 10 10 10 9 9 9 9 9 9 9 9 9 9 9 9 9 9 9 9 9 9 9 9 9 9 9 9 9 9 9 9 9 9 9 9 9 9 9 9 9 9 9 9 9 9 9 9 9 9 9 9 9 9 9 9 9 9 9 9 9 9 9 9 9 9 9 9 9 9 9 10 10 10 11 11 10 11 11 12 13 14 14 15 16 16 17 18 19 20 21 22 24 25 26 28 30 32 34 34 35 36 38 41 43 44 45
14 14 14 14 14 14 14 14 13 13 13 12 12 12 11 11 10 10 10 10 10 10 10 10 10 10 10 10 10 10 10 10 10 10 10 10 10 10 10 10 10 10 10 10 10 10 10 10 11 12 12 13 14 15 15 15 15 15 16 17 19 20 21 21 22 23 25 27 29 32 34 34 37 40 43 45 46 48 51 54 58 60 63 66 70 73 76 77 80 83 87 89 91 94 97 100 102 103 104 105 106 107 108 109 107 108 108 109 108 108 107 106 106 104 101 100 99 96 92 89 86 83 80 77 75 71 66 63 61 59 56 53 49 45 43 41 38 36 35 32 30 27 25 24 23 22 21 19 18 18 18 18 16 16 16 16 16 16 16 16 16 16 16 16 16 16 16 16 16 16 16 16 16 16 16 16 17 17 17 17 17 17 17 17 17 17 17 17 17 17 17 17 17 17 17 17 17 17 17 17 15 15 15 15 14 14 13 13 13 13 13 13 13 13 13 13 13 13 13 13 13 13 13 13 14 15 15 15 16 16 16 17 18 18 19 19 19 19 19 20 22 23 24 25 27 28 29 30 32 35 38 39 40 41 44 47 48 51 54 56 57 59 62 65 67 68 70 72 75 77 79 80 84 85 87 89 90 91 91 91 91 91 92 93 93 93 92 91 89 89 89 88 86 84 82 81 79 78 76 73 70 67 65 64 60 58 56 54 51 48 46 45 41 38 36 34 34 33 30 28 25 25 24 23 21 20 19 19 15 15 15 15 14 14 13 13 12 12 12 11 11 10 10 10 9 9 9 9 9 9 9 9 9 9 9 9 9 9 9 9 9 9 9 9 9 9 9 9 9 9 9 9 9 9 9 9 9 9 9 9 9 9 9 9 9 9 9 9 9 9 9 9 9 9 9 9 9 9 9 9 9 9 9 9 9 9 9 9 9 9 9 10 10 10 11 11 10 10 11 12 13 13 14 14 15 15 16 17 19 20 21 21 23 24 25 27 29 31 33 33 33 35 37 39 42 43 44
14 14 14 14 14 14 14 14 13 13 13 12 12 12 11 11 10 10 10 10 10 10 10 10 10 10 10 10 10 10 10 10 10 10 10 10 10 10 10 10 10 10 10 10 10 10 10 10 11 11 12 13 14 14 15 15 14 15 16 17 18 19 20 21 21 22 24 26 29 31 33 34 36 39 42 44 45 46 50 52 57 59 61 65 69 72 75 76 79 82 86 89 90 93 97 100 102 102 103 105 106 108 109 109 107 108 109 109 109 108 107 107 107 105 102 101 100 97 93 90 89 86 83 80 78 74 69 65 62 61 58 54 50 46 44 42 38 37 35 33 30 28 26 25 24 23 21 20 19 18 18 18 16 16 16 16 16 16 16 16 16 16 16 16 16 16 16 16 16 16 16 16 16 16 16 16 17 17 17 17 17 17 17 17 17 17 17 17 17 17 17 17 17 17 17 17 17 17 17 17 15 15 15 15 14 14 13 13 13 13 13 13 13 13 13 13 13 13 13 13 13 13 13 13 14 15 15 15 16 16 16 17 18 19 19 19 19 19 19 19 22 22 23 25 26 27 28 29 31 34 37 38 39 41 44 46 47 50 53 55 56 58 61 64 65 66 68 70 72 75 76 77 84 85 87 89 90 91 91 91 90 91 92 93 93 93 92 92 89 89 89 88 87 85 83 82 79 78 76 74 71 68 66 65 60 59 57 54 52 49 47 46 41 39 36 35 35 34 31 28 26 25 24 23 22 21 20 19 15 15 15 15 14 14 13 13 12 12 12 11 11 10 10 10 9 9 9 9 9 9 9 9 9 9 9 9 9 9 9 9 9 9 9 9 9 9 9 9 9 9 9 9 9 9 9 9 9 9 9 9 9 9 9 9 9 9 9 9 9 9 9 9 9 9 9 9 9 9 9 9 9 9 9 9 9 9 9 9 9 9 9 10 10 10 11 11 10 10 11 12 12 13 14 14 14 15 16 17 18 19 20 21 22 23 25 27 29 31 32 33 33 34 36 39 41 42 43
14 14 14 14 14 14 14 14 13 13 13 12 12 12 11 11 11 11 11 11 11 11 11 11 10 10 10 10 10 10 10 10 10 10 10 10 10 10 10 10 9 9 9 9 9 9 9 9 12 12 12 12 12 12 12 12 15 15 16 16 17 18 18 19 21 22 24 26 28 30 32 33 37 38 40 42 44 47 48 49 55 56 59 62 65 68 70 72 76 79 83 86 88 91 95 98 99 100 101 103 104 106 107 108 108 108 109 109 109 109 109 109 104 104 104 102 100 98 96 95 91 89 86 83 81 77 72 69 68 65 61 58 55 52 48 45 43 41 39 35 33 31 30 30 26 26 24 23 22 21 21 22 19 18 18 17 16 15 15 14 15 15 15 15 15 15 15 15 17 17 17 17 17 17 17 17 17 17 17 17 17 17 17 17 17 17 17 18 18 18 19 19 18 18 18 18 18 18 18 18 17 16 16 16 15 15 15 14 14 14 14 13 13 13 12 12 12 12 13 13 13 14 14 14 16 16 16 17 17 17 18 18 18 18 18 19 19 19 20 20 23 23 23 24 25 26 26 27 30 31 33 35 37 39 41 42 45 46 47 50 52 54 56 57 62 64 68 70 71 73 76 79 80 82 84 86 88 89 89 89 90 90 91 92 92 92 91 91 92 92 90 88 87 85 83 83 81 79 77 74 71 68 66 65 63 62 59 56 53 50 48 46 45 43 40 38 37 36 33 30 28 28 26 24 22 20 19 18 17 17 17 16 15 14 14 13 13 13 13 12 12 12 11 11 9 9 9 9 9 9 9 9 9 9 9 9 9 9 9 9 10 10 10 10 10 10 10 10 10 10 10 10 10 10 10 10 9 9 9 9 9 9 9 9 9 9 9 9 9 9 9 9 9 9 9 9 9 9 9 9 9 9 9 9 9 9 9 9 9 9 9 9 9 9 9 9 12 12 13 13 14 14 14 14 15 15 16 16 17 18 18 19 24 24 25 26 28 29 30 30 34 35 35 37 38 39 40
14 14 14 14 14 14 14 14 13 13 13 12 12 12 11 11 11 11 11 11 11 11 11 11 10 10 10 10 10 10 10 10 10 10 10 10 10 10 10 10 9 9 9 9 9 9 9 9 12 12 12 12 12 12 12 12 14 15 15 16 17 18 18 19 21 22 23 25 28 30 31 32 34 35 37 39 41 44 45 46 52 54 56 59 62 65 68 69 74 77 81 83 85 88 92 95 98 99 100 102 104 106 107 108 108 108 109 109 109 109 110 110 106 105 105 104 102 100 98 96 95 92 89 87 84 81 76 72 71 68 64 60 58 55 51 48 46 44 41 38 35 33 32 32 27 26 25 23 22 22 22 22 19 19 18 17 16 16 15 15 16 16 16 16 16 16 16 16 17 17 17 17 17 17 17 17 17 17 17 17 17 17 17 17 17 17 17 18 18 18 19 19 18 18 18 18 18 18 18 18 17 16 16 16 15 15 15 14 14 14 14 13 13 13 12 12 12 12 13 13 13 14 14 14 15 16 16 16 17 17 17 18 18 18 18 19 19 19 20 20 22 23 23 24 25 26 26 26 30 31 32 34 36 39 40 41 42 43 45 47 50 52 54 55 59 62 65 67 68 70 73 76 77 79 81 83 85 86 87 87 89 90 91 91 92 91 91 90 92 91 90 88 87 85 84 83 81 80 78 75 72 69 67 65 63 62 60 57 54 50 48 47 46 43 40 39 38 36 33 31 29 28 27 25 23 21 19 18 18 17 17 16 15 14 14 14 13 13 13 12 12 12 11 11 9 9 9 9 9 9 9 9 9 9 9 9 9 9 9 9 10 10 10 10 10 10 10 10 10 10 10 10 10 10 10 10 9 9 9 9 9 9 9 9 9 9 9 9 9 9 9 9 9 9 9 9 9 9 9 9 9 9 9 9 9 9 9 9 9 9 9 9 9 9 9 9 12 12 13 13 13 14 14 14 14 15 15 16 17 18 18 19 23 24 25 26 27 28 29 30 33 34 35 36 37 38 39
14 14 14 14 14 14 14 14 13 13 13 12 12 12 11 11 11 11 11 11 11 11 11 11 10 10 10 10 10 10 10 10 10 10 10 10 10 10 10 10 9 9 9 9 9 9 9 9 12 12 12 12 12 12 12 12 14 14 15 16 17 17 18 18 20 21 23 24 26 28 30 31 30 31 33 35 38 40 42 43 49 51 53 56 59 62 65 66 71 74 78 80 82 85 89 92 97 97 99 101 103 105 106 107 108 108 109 109 110 110 110 110 108 107 107 106 105 103 101 99 99 96 93 91 89 86 81 78 75 72 67 64 62 59 55 51 49 48 45 41 38 36 35 34 29 28 27 25 24 23 23 23 20 19 19 18 17 16 16 15 16 16 16 16 16 16 16 16 17 17 17 17 17 17 17 17 17 17 17 17 17 17 17 17 17 17 17 18 18 18 19 19 18 18 18 18 18 18 18 18 17 16 16 16 15 15 15 14 14 14 14 13 13 13 12 12 12 12 13 13 13 14 14 14 15 15 16 16 16 17 17 17 18 18 18 19 19 19 20 20 22 22 23 24 24 25 26 26 29 30 31 33 35 37 38 39 39 40 42 44 47 49 51 52 55 58 61 63 65 67 70 73 74 75 78 80 82 84 84 84 87 88 89 90 91 91 90 90 92 91 90 88 87 85 84 83 81 80 78 76 73 70 68 67 65 63 61 58 55 51 49 48 47 44 41 40 39 37 34 32 29 29 27 25 23 21 20 19 18 18 17 16 16 15 14 14 13 13 13 12 12 12 11 11 9 9 9 9 9 9 9 9 9 9 9 9 9 9 9 9 10 10 10 10 10 10 10 10 10 10 10 10 10 10 10 10 9 9 9 9 9 9 9 9 9 9 9 9 9 9 9 9 9 9 9 9 9 9 9 9 9 9 9 9 9 9 9 9 9 9 9 9 9 9 9 9 12 12 12 13 13 13 14 14 14 14 15 16 17 17 18 18 23 23 24 25 26 28 29 29 32 33 34 35 36 37 38
14 14 14 14 14 14 14 14 13 13 13 12 12 12 11 11 11 11 11 11 11 11 11 11 10 10 10 10 10 10 10 10 10 10 10 10 10 10 10 10 10 10 10 10 10 10 10 10 12 12 12 12 12 12 12 12 14 14 15 15 16 17 18 18 20 20 22 23 25 27 28 29 28 29 31 33 36 38 40 41 47 48 51 54 57 60 63 64 68 72 75 78 80 83 87 90 95 96 97 99 102 104 106 106 108 108 109 109 110 111 111 111 109 110 109 109 107 105 104 103 101 99 96 94 93 89 85 81 78 75 70 67 65 62 58 54 52 50 47 44 40 38 37 36 32 31 29 27 25 24 24 24 20 20 20 19 18 17 17 16 16 16 16 16 16 16 16 16 17 17 17 17 17 17 17 17 17 17 17 17 17 17 17 17 17 17 17 18 18 18 19 19 18 18 18 18 18 18 18 18 17 16 16 16 15 15 15 14 14 14 14 13 13 13 12 12 12 12 13 13 13 14 14 14 15 15 15 16 16 16 17 17 18 18 18 19 19 19 20 20 22 22 22 23 24 25 25 26 28 28 30 31 33 35 36 37 38 39 40 43 45 48 49 50 53 56 59 61 62 64 67 70 71 73 75 78 80 82 83 83 86 86 88 89 90 90 89 89 91 90 89 88 87 86 85 84 82 81 79 77 74 72 70 69 66 65 62 59 56 53 50 49 48 46 43 41 40 39 36 33 30 30 28 26 24 22 21 20 18 18 18 17 16 15 15 14 13 13 13 12 12 12 11 11 9 9 9 9 9 9 9 9 9 9 9 9 9 9 9 9 10 10 10 10 10 10 10 10 10 10 10 10 10 10 10 10 9 9 9 9 9 9 9 9 9 9 9 9 9 9 9 9 9 9 9 9 9 9 9 9 9 9 9 9 9 9 9 9 9 9 9 9 9 9 9 9 11 11 12 12 13 13 13 13 14 14 15 15 16 17 18 18 22 22 23 24 26 27 28 28 31 32 32 34 35 36 37
14 14 14 14 14 14 14 14 13 13 13 12 12 12 11 11 11 11 11 11 11 11 11 11 10 10 10 10 10 10 10 10 10 10 10 10 10 10 10 10 10 10 10 10 10 10 10 10 12 12 12 12 12 12 12 12 13 13 14 15 16 16 17 17 19 19 20 22 23 25 26 26 28 29 31 33 35 38 40 40 46 47 50 53 56 59 61 63 67 70 74 77 79 82 85 89 93 94 95 98 100 103 105 106 108 108 109 110 111 112 112 113 111 111 111 110 109 108 106 105 103 100 98 96 94 92 87 84 80 77 73 70 67 64 60 57 54 52 49 45 42 39 37 37 34 33 31 29 27 26 25 25 21 21 21 20 19 18 18 17 17 17 17 17 17 17 17 17 17 17 17 17 17 17 17 17 17 17 17 17 17 17 17 17 17 17 17 18 18 18 19 19 18 18 18 18 18 18 18 18 17 16 16 16 15 15 15 14 14 14 14 13 13 13 12 12 12 12 13 13 13 14 14 14 14 14 15 15 15 16 16 16 18 18 18 19 19 19 20 20 21 21 22 23 24 24 25 25 26 27 28 30 31 32 34 34 37 38 40 42 44 47 49 49 51 54 57 59 60 62 65 68 69 71 73 76 79 81 82 82 83 84 86 87 88 89 88 88 90 90 89 88 87 86 85 85 83 82 80 78 76 74 72 71 67 66 64 61 57 54 52 51 50 47 44 42 42 40 37 35 31 31 29 27 25 23 22 21 19 19 18 17 16 16 15 15 13 13 13 12 12 12 11 11 9 9 9 9 9 9 9 9 9 9 9 9 9 9 9 9 10 10 10 10 10 10 10 10 10 10 10 10 10 10 10 10 9 9 9 9 9 9 9 9 9 9 9 9 9 9 9 9 9 9 9 9 9 9 9 9 9 9 9 9 9 9 9 9 9 9 9 9 9 9 9 9 11 11 11 12 12 12 13 13 13 13 14 15 16 16 17 17 21 21 22 23 25 26 27 27 30 30 31 32 33 35 35
14 14 14 14 14 14 14 14 13 13 13 12 12 12 11 11 11 11 11 11 11 11 11 11 10 10 10 10 10 10 10 10 10 10 10 10 10 10 10 10 11 11 11 11 11 11 11 11 12 12 12 12 12 12 12 12 13 13 14 14 15 16 17 17 18 19 19 21 22 23 24 25 28 29 30 33 35 37 39 40 44 45 47 50 54 57 59 60 65 68 72 75 77 79 83 86 91 92 94 96 99 102 104 105 108 108 109 110 111 112 113 114 111 111 112 111 110 109 108 107 104 101 99 98 96 94 90 86 83 80 76 73 70 67 63 60 57 55 51 47 44 41 39 38 37 35 33 31 29 27 27 26 22 22 21 21 20 19 18 18 17 17 17 17 17 17 17 17 17 17 17 17 17 17 17 17 17 17 17 17 17 17 17 17 17 17 17 18 18 18 19 19 18 18 18 18 18 18 18 18 17 16 16 16 15 15 15 14 14 14 14 13 13 13 12 12 12 12 13 13 13 14 14 14 14 14 14 15 15 15 16 16 18 18 18 19 19 19 20 20 21 21 22 22 23 24 24 25 25 26 27 28 29 30 31 32 35 36 38 40 43 45 47 48 48 51 54 56 58 60 63 66 66 68 71 74 77 79 80 81 81 82 84 86 87 88 88 87 90 89 89 88 87 86 86 85 84 83 81 79 77 75 74 73 69 67 65 62 59 56 53 52 51 48 45 44 43 41 38 36 32 31 30 28 26 24 23 22 19 19 18 18 17 16 16 15 13 13 13 12 12 12 11 11 9 9 9 9 9 9 9 9 9 9 9 9 9 9 9 9 10 10 10 10 10 10 10 10 10 10 10 10 10 10 10 10 9 9 9 9 9 9 9 9 9 9 9 9 9 9 9 9 9 9 9 9 9 9 9 9 9 9 9 9 9 9 9 9 9 9 9 9 9 9 9 9 10 11 11 11 12 12 12 12 13 13 14 14 15 16 17 17 20 20 21 23 24 25 26 26 28 29 30 31 32 33 34
14 14 14 14 14 14 14 14 13 13 13 12 12 12 11 11 11 11 11 11 11 11 11 11 10 10 10 10 10 10 10 10 10 10 10 10 10 10 10 10 11 11 11 11 11 11 11 11 12 12 12 12 12 12 12 12 12 13 13 14 15 16 16 17 18 18 19 20 21 22 23 23 26 27 29 31 34 36 38 39 41 42 44 47 51 54 56 57 62 65 69 72 74 76 80 83 89 90 92 95 98 101 103 104 108 108 109 110 112 113 114 115 111 111 112 112 111 110 108 108 106 104 101 100 99 96 92 89 87 84 80 76 74 71 67 63 60 58 55 50 47 44 42 41 39 37 35 32 30 28 28 27 23 23 22 21 21 20 19 19 18 18 18 18 18 18 18 18 17 17 17 17 17 17 17 17 17 17 17 17 17 17 17 17 17 17 17 18 18 18 19 19 18 18 18 18 18 18 18 18 17 16 16 16 15 15 15 14 14 14 14 13 13 13 12 12 12 12 13 13 13 14 14 14 13 14 14 14 15 15 15 16 18 18 18 19 19 19 20 20 20 21 21 22 23 24 24 24 24 25 26 27 28 29 29 30 33 33 35 38 40 42 44 45 45 48 51 53 54 56 59 62 63 65 68 71 74 76 78 78 80 81 83 85 86 87 87 87 89 89 88 88 87 87 86 86 84 83 82 80 78 77 75 75 70 68 66 63 60 57 54 53 52 49 46 45 44 42 39 37 33 32 31 29 27 25 23 22 20 19 19 18 17 16 16 16 13 13 13 12 12 12 11 11 9 9 9 9 9 9 9 9 9 9 9 9 9 9 9 9 10 10 10 10 10 10 10 10 10 10 10 10 10 10 10 10 9 9 9 9 9 9 9 9 9 9 9 9 9 9 9 9 9 9 9 9 9 9 9 9 9 9 9 9 9 9 9 9 9 9 9 9 9 9 9 9 10 10 11 11 11 12 12 12 12 13 13 14 15 16 16 17 19 20 21 22 23 24 25 26 27 28 29 30 31 32 33
14 14 14 14 14 14 14 14 13 13 13 12 12 12 11 11 11 11 11 11 11 11 11 11 10 10 10 10 10 10 10 10 10 10 10 10 10 10 10 10 11 11 11 11 11 11 11 11 12 12 12 12 12 12 12 12 12 13 13 14 15 15 16 16 17 18 18 19 20 21 22 22 25 26 27 30 32 35 36 37 38 39 42 45 48 51 53 55 59 62 66 69 71 74 78 81 88 89 92 95 98 101 103 104 107 108 109 110 112 113 114 115 111 111 111 111 111 110 109 108 107 105 103 102 101 99 95 91 90 87 82 79 77 74 70 66 63 61 57 53 49 46 44 43 40 38 36 33 31 29 28 28 23 23 22 22 21 20 20 19 18 18 18 18 18 18 18 18 17 17 17 17 17 17 17 17 17 17 17 17 17 17 17 17 17 17 17 18 18 18 19 19 18 18 18 18 18 18 18 18 17 16 16 16 15 15 15 14 14 14 14 13 13 13 12 12 12 12 13 13 13 14 14 14 13 13 14 14 14 15 15 15 18 18 18 19 19 19 20 20 20 20 21 22 23 23 24 24 24 24 25 26 27 28 29 29 30 31 33 35 38 40 42 43 42 45 48 50 51 53 57 59 60 62 65 68 71 74 75 76 79 80 82 84 86 86 87 87 89 89 88 88 87 87 86 86 84 84 82 81 79 77 76 75 70 69 67 64 60 57 55 54 53 50 47 45 45 43 40 37 33 32 31 29 27 25 24 23 20 20 19 18 17 17 16 16 13 13 13 12 12 12 11 11 9 9 9 9 9 9 9 9 9 9 9 9 9 9 9 9 10 10 10 10 10 10 10 10 10 10 10 10 10 10 10 10 9 9 9 9 9 9 9 9 9 9 9 9 9 9 9 9 9 9 9 9 9 9 9 9 9 9 9 9 9 9 9 9 9 9 9 9 9 9 9 9 10 10 10 11 11 11 12 12 12 13 13 14 15 15 16 16 19 19 20 21 23 24 25 25 27 27 28 29 30 32 32
14 14 14 14 14 14 14 14 13 13 13 12 12 12 11 11 12 12 12 11 11 10 10 10 10 10 10 10 10 10 10 10 11 11 11 11 11 11 11 11 11 11 11 11 11 11 11 11 13 13 13 13 13 13 13 13 12 12 13 14 15 16 17 17 17 17 18 19 19 20 21 21 24 25 26 27 29 31 32 32 39 39 41 43 46 49 52 53 61 61 63 66 70 74 77 79 81 84 88 91 94 97 101 104 103 104 106 108 110 110 110 110 113 114 114 114 114 113 112 112 108 107 107 105 103 100 97 96 93 92 89 85 80 76 73 71 65 62 57 54 52 50 47 45 41 39 37 34 32 30 30 29 26 25 24 24 23 22 21 21 19 19 19 19 19 19 18 18 19 19 18 18 18 17 17 17 17 17 17 17 17 17 17 17 18 18 18 18 18 18 18 18 17 17 17 17 17 17 17 17 17 16 16 16 15 15 15 14 14 14 14 13 13 13 12 12 12 12 13 13 13 14 14 14 14 15 15 15 16 16 16 17 18 18 18 18 18 18 18 18 19 19 20 20 20 21 21 21 23 23 24 24 25 26 26 27 28 29 31 33 35 37 39 40 42 43 45 47 50 52 54 55 58 59 61 64 67 70 72 73 78 78 79 81 82 83 84 85 86 87 87 88 87 87 86 85 85 85 83 82 80 78 77 76 73 71 69 66 63 60 58 57 54 53 51 48 45 43 40 39 36 35 34 32 30 28 27 26 23 22 21 19 18 16 15 14 15 15 14 14 13 12 11 11 11 11 10 10 10 9 9 9 9 9 9 9 9 9 9 9 11 11 11 11 11 11 11 11 10 10 10 10 10 10 10 10 10 10 10 10 10 10 10 10 9 9 9 9 9 9 9 9 9 9 9 9 9 9 9 9 9 9 9 9 9 9 9 9 10 10 10 10 10 10 10 10 10 10 10 11 11 12 12 12 13 14 14 14 15 15 15 16 18 18 19 20 21 21 22 22 24 24 25 26 28 29 30
14 14 14 14 14 14 14 14 13 13 13 12 12 12 11 11 12 12 12 11 11 10 10 10 10 10 10 10 10 10 10 10 11 11 11 11 11 11 11 11 11 11 11 11 11 11 11 11 13 13 13 13 13 13 13 13 12 12 13 14 15 16 16 17 17 17 18 18 19 20 21 21 23 24 25 27 28 30 31 32 37 37 38 41 43 47 50 51 58 59 61 64 67 71 75 77 78 82 86 89 91 94 99 102 103 104 106 108 110 111 111 111 113 113 114 114 114 114 113 112 110 109 109 107 105 102 100 98 96 94 91 87 83 79 76 74 68 65 60 57 55 53 50 48 43 42 40 37 34 33 32 32 26 26 25 24 23 22 21 21 20 20 19 19 19 19 18 18 19 19 18 18 18 17 17 17 17 17 17 17 17 17 17 17 18 18 18 18 18 18 18 18 17 17 17 17 17 17 17 17 17 16 16 16 15 15 15 14 14 14 14 13 13 13 12 12 12 12 13 13 13 14 14 14 14 15 15 15 16 16 16 17 18 18 18 18 18 18 18 18 19 19 19 20 20 20 21 21 22 23 23 24 25 25 26 26 28 28 30 32 34 36 38 39 40 41 43 45 47 50 51 52 57 58 60 63 66 68 70 72 75 76 77 78 80 81 82 83 86 86 87 87 87 86 85 85 85 85 83 82 80 78 77 76 73 72 70 67 64 61 59 58 55 54 52 49 46 43 41 40 37 36 34 33 30 29 27 26 23 23 22 20 18 17 16 15 15 15 15 14 13 12 12 11 11 11 11 10 10 9 9 9 9 9 9 9 9 9 9 9 11 11 11 11 11 11 11 11 10 10 10 10 10 10 10 10 10 10 10 10 10 10 10 10 9 9 9 9 9 9 9 9 9 9 9 9 9 9 9 9 9 9 9 9 9 9 9 9 10 10 10 10 10 10 10 10 10 10 10 11 11 12 12 12 13 13 14 14 14 15 15 15 18 18 19 19 20 21 22 22 23 24 25 26 27 28 29
14 14 14 14 14 14 14 14 13 13 13 12 12 12 11 11 12 12 12 11 11 10 10 10 10 10 10 10 10 10 10 10 11 11 11 11 11 11 11 11 11 11 11 11 11 11 11 11 13 13 13 13 13 13 13 13 12 13 13 14 15 16 16 16 16 17 17 18 19 20 20 21 22 23 24 26 27 29 30 31 34 35 36 38 41 44 47 49 55 56 58 60 64 68 72 74 75 78 83 86 88 91 95 99 103 104 106 108 110 111 111 111 112 113 114 114 114 114 113 112 112 111 111 109 107 105 103 101 99 97 94 91 87 83 80 78 73 69 64 61 59 57 54 51 47 46 43 40 38 36 35 34 28 28 27 26 24 23 22 22 20 20 20 20 19 19 18 18 19 19 18 18 18 17 17 17 17 17 17 17 17 17 17 17 18 18 18 18 18 18 18 18 17 17 17 17 17 17 17 17 17 16 16 16 15 15 15 14 14 14 14 13 13 13 12 12 12 12 13 13 13 14 14 14 14 15 15 15 16 16 16 17 18 18 18 18 18 18 18 18 19 19 19 19 20 20 20 21 22 22 22 23 24 25 25 26 27 27 29 31 33 35 36 37 37 38 39 42 44 47 48 49 55 56 58 60 63 66 68 69 72 72 74 75 77 78 80 80 84 85 86 86 86 86 85 85 85 85 83 82 80 79 78 77 74 72 70 68 65 62 60 59 56 55 53 50 47 45 43 41 38 37 36 34 32 30 28 27 24 24 23 21 19 18 17 16 16 15 15 14 13 13 12 12 11 11 11 11 10 10 9 9 9 9 9 9 9 9 9 9 11 11 11 11 11 11 11 11 10 10 10 10 10 10 10 10 10 10 10 10 10 10 10 10 9 9 9 9 9 9 9 9 9 9 9 9 9 9 9 9 9 9 9 9 9 9 9 9 10 10 10 10 10 10 10 10 10 10 10 11 11 12 12 12 13 13 13 14 14 15 15 15 17 17 18 19 20 20 21 21 22 23 24 25 26 27 28
14 14 14 14 14 14 14 14 13 13 13 12 12 12 11 11 12 12 12 11 11 10 10 10 10 10 10 10 10 10 10 10 11 11 11 11 11 11 11 11 11 11 11 11 11 11 11 11 13 13 13 13 13 13 13 13 13 13 14 14 15 15 16 16 16 16 17 18 18 19 20 20 21 22 23 24 26 28 29 29 33 34 35 37 40 43 46 48 53 54 55 58 62 66 69 71 73 76 80 84 86 89 93 97 102 103 105 108 109 111 111 111 112 112 113 114 114 114 114 113 112 112 112 111 109 107 104 103 101 99 97 93 89 86 83 81 76 72 68 64 62 59 56 53 50 48 45 42 39 38 36 36 31 30 29 28 26 25 24 23 21 21 21 20 19 19 18 18 19 19 18 18 18 17 17 17 17 17 17 17 17 17 17 17 18 18 18 18 18 18 18 18 17 17 17 17 17 17 17 17 17 16 16 16 15 15 15 14 14 14 14 13 13 13 12 12 12 12 13 13 13 14 14 14 14 15 15 15 16 16 16 17 18 18 18 18 18 18 18 18 18 18 19 19 19 20 20 20 21 21 22 22 23 24 24 25 25 26 27 29 31 33 34 34 35 36 37 40 42 44 46 47 52 53 55 57 60 63 65 66 70 70 72 73 75 77 79 79 83 84 85 85 86 85 85 84 85 85 84 82 81 80 79 78 74 73 71 69 66 64 62 61 58 57 55 52 49 46 44 43 39 38 37 35 33 31 29 29 26 25 24 22 21 19 18 17 16 16 15 15 14 13 12 12 12 12 11 11 11 10 10 10 10 10 10 10 10 10 10 10 11 11 11 11 11 11 11 11 10 10 10 10 10 10 10 10 10 10 10 10 10 10 10 10 10 10 10 10 10 10 10 10 10 10 10 10 10 10 10 10 10 10 10 10 10 10 10 10 10 10 10 10 10 10 10 10 10 10 10 11 11 12 12 12 12 13 13 13 14 14 14 15 16 16 17 18 19 19 20 20 21 21 22 23 25 26 27
14 14 14 14 14 14 14 14 13 13 13 12 12 12 11 11 12 12 12 11 11 10 10 10 10 10 10 10 10 10 10 10 11 11 11 11 11 11 11 11 11 11 11 11 11 11 11 11 13 13 13 13 13 13 13 13 14 14 14 14 15 15 15 15 15 16 16 17 18 19 19 20 20 20 21 23 25 26 27 28 33 33 34 37 39 43 46 47 51 52 54 57 61 65 68 70 72 75 79 82 85 88 92 95 100 101 103 106 108 110 110 111 111 112 113 114 115 115 114 114 112 112 112 111 109 107 105 104 102 101 98 95 91 88 85 84 79 75 70 66 64 61 58 55 52 50 47 44 41 38 37 37 33 33 31 30 28 26 25 24 23 22 22 21 20 19 18 18 19 19 18 18 18 17 17 17 17 17 17 17 17 17 17 17 18 18 18 18 18 18 18 18 17 17 17 17 17 17 17 17 17 16 16 16 15 15 15 14 14 14 14 13 13 13 12 12 12 12 13 13 13 14 14 14 14 15 15 15 16 16 16 17 18 18 18 18 18 18 18 18 18 18 18 18 19 19 20 20 20 20 21 21 22 23 24 24 24 25 26 27 29 30 31 32 33 34 36 38 41 43 45 46 48 49 51 54 57 60 62 63 68 69 70 72 75 77 78 79 81 82 83 84 85 85 84 84 85 84 84 83 82 81 80 79 75 74 72 70 68 66 64 63 60 59 57 54 51 48 46 45 41 40 38 36 34 32 31 30 27 26 25 24 22 21 19 19 17 16 16 15 14 13 13 13 12 12 12 11 11 11 10 10 10 10 10 10 10 10 10 10 11 11 11 11 11 11 11 11 10 10 10 10 10 10 10 10 10 10 10 10 10 10 10 10 10 10 10 10 10 10 10 10 10 10 10 10 10 10 10 10 10 10 10 10 10 10 10 10 10 10 10 10 10 10 10 10 10 10 10 11 11 12 12 12 12 12 12 13 13 14 14 14 15 16 16 17 18 18 19 19 20 20 21 22 23 24 25
14 14 14 14 14 14 14 14 13 13 13 12 12 12 11 11 12 12 12 11 11 10 10 10 10 10 10 10 10 10 10 10 11 11 11 11 11 11 11 11 11 11 11 11 11 11 11 11 13 13 13 13 13 13 13 13 14 14 14 14 14 14 14 14 15 15 16 17 17 18 19 19 18 19 20 22 23 25 26 27 31 32 33 35 38 41 44 46 49 50 52 55 59 63 66 68 70 73 77 80 83 86 90 93 97 98 101 104 106 108 109 109 110 111 113 114 115 115 115 114 112 113 112 112 111 109 107 106 104 103 100 97 94 91 88 87 83 79 74 70 67 64 60 57 54 53 50 46 43 40 39 38 36 35 34 32 30 28 26 26 24 23 22 21 20 19 18 18 19 19 18 18 18 17 17 17 17 17 17 17 17 17 17 17 18 18 18 18 18 18 18 18 17 17 17 17 17 17 17 17 17 16 16 16 15 15 15 14 14 14 14 13 13 13 12 12 12 12 13 13 13 14 14 14 14 15 15 15 16 16 16 17 18 18 18 18 18 18 18 18 17 17 18 18 18 19 19 19 19 19 20 20 21 22 23 23 23 24 24 26 27 28 29 29 31 32 34 36 39 41 43 44 45 46 48 51 54 56 58 60 66 67 68 71 73 75 77 78 80 81 82 83 84 84 84 84 85 84 84 83 82 81 81 80 76 75 73 71 69 67 66 65 62 60 58 56 53 50 48 47 42 41 40 38 36 34 32 31 28 28 27 25 23 22 21 20 17 17 16 15 15 14 13 13 13 13 12 12 11 11 11 11 11 11 11 11 11 11 11 11 11 11 11 11 11 11 11 11 10 10 10 10 10 10 10 10 10 10 10 10 10 10 10 10 11 11 11 11 11 11 11 11 11 11 11 11 11 11 11 11 11 11 11 11 11 11 11 11 10 10 10 10 10 10 10 10 10 10 10 11 11 12 12 12 12 12 12 12 13 13 13 14 14 15 15 16 17 18 18 18 18 19 20 21 22 23 24
14 14 14 14 14 14 14 14 13 13 13 12 12 12 11 11 12 12 12 11 11 10 10 10 10 10 10 10 10 10 10 10 11 11 11 11 11 11 11 11 11 11 11 11 11 11 11 11 13 13 13 13 13 13 13 13 15 15 15 14 14 14 14 14 15 15 16 16 17 18 18 19 17 18 19 21 22 24 25 26 29 30 31 33 36 39 42 44 46 47 49 52 55 59 63 65 66 70 74 77 79 83 87 90 94 96 99 102 104 106 107 108 110 111 112 114 115 115 115 115 114 115 115 114 113 112 110 109 107 106 103 101 97 94 92 91 87 83 78 73 71 67 64 61 58 56 53 49 46 43 41 41 38 37 35 33 31 29 27 26 25 24 23 22 20 19 18 18 19 19 18 18 18 17 17 17 17 17 17 17 17 17 17 17 18 18 18 18 18 18 18 18 17 17 17 17 17 17 17 17 17 16 16 16 15 15 15 14 14 14 14 13 13 13 12 12 12 12 13 13 13 14 14 14 14 15 15 15 16 16 16 17 18 18 18 18 18 18 18 18 17 17 17 18 18 18 19 19 18 18 19 20 21 21 22 22 22 23 23 24 25 26 27 28 28 29 31 33 36 38 40 41 43 44 46 48 51 54 56 57 62 64 65 68 70 73 75 76 79 80 81 83 84 84 84 84 85 84 84 83 83 82 81 81 76 76 74 72 71 69 67 67 63 62 60 57 54 51 49 48 43 42 41 39 37 35 33 33 30 29 28 26 25 23 22 21 17 17 17 16 15 14 14 13 13 13 13 12 12 11 11 11 11 11 11 11 11 11 11 11 11 11 11 11 11 11 11 11 10 10 10 10 10 10 10 10 10 10 10 10 10 10 10 10 11 11 11 11 11 11 11 11 11 11 11 11 11 11 11 11 11 11 11 11 11 11 11 11 10 10 10 10 10 10 10 10 10 10 10 11 11 12 12 12 11 11 12 12 12 13 13 13 14 14 15 15 16 17 17 18 17 18 19 20 21 22 23
14 14 14 14 14 14 14 14 13 13 13 12 12 12 11 11 12 12 12 11 11 10 10 10 10 10 10 10 10 10 10 10 11 11 11 11 11 11 11 11 11 11 11 11 11 11 11 11 13 13 13 13 13 13 13 13 15 15 15 15 14 14 14 14 14 15 15 16 17 18 18 19 17 17 18 20 22 23 24 25 27 27 29 31 34 37 40 41 44 44 46 49 53 57 60 62 64 67 71 74 77 80 84 87 93 94 97 100 103 105 106 106 110 111 112 114 115 115 115 115 116 117 117 116 115 114 112 111 109 108 106 103 100 97 95 94 90 86 81 76 73 70 66 63 61 59 56 52 48 45 44 43 39 38 36 34 32 29 28 27 25 24 23 22 20 19 18 17 19 19 18 18 18 17 17 17 17 17 17 17 17 17 17 17 18 18 18 18 18 18 18 18 17 17 17 17 17 17 17 17 17 16 16 16 15 15 15 14 14 14 14 13 13 13 12 12 12 12 13 13 13 14 14 14 14 15 15 15 16 16 16 17 18 18 18 18 18 18 18 18 17 17 17 17 18 18 19 19 18 18 19 19 20 21 22 22 22 22 23 24 25 26 26 27 26 26 28 31 33 35 37 38 41 42 44 47 50 53 55 56 60 61 63 65 68 71 73 74 78 79 81 82 83 84 84 83 85 84 84 83 83 82 82 82 77 76 75 73 71 69 68 67 64 63 60 58 55 52 50 49 43 43 41 39 37 35 34 33 30 29 28 27 25 24 22 22 18 17 17 16 15 14 14 14 13 13 13 12 12 12 11 11 11 11 11 11 11 11 11 11 11 11 11 11 11 11 11 11 10 10 10 10 10 10 10 10 10 10 10 10 10 10 10 10 11 11 11 11 11 11 11 11 11 11 11 11 11 11 11 11 11 11 11 11 11 11 11 11 10 10 10 10 10 10 10 10 10 10 10 11 11 12 12 12 11 11 11 12 12 13 13 13 13 14 14 15 16 16 17 17 17 17 18 19 20 21 22
14 14 14 14 14 14 14 14 14 14 14 13 13 13 12 12 12 12 12 11 11 10 10 10 10 10 10 10 10 10 10 10 11 11 11 11 11 11 11 11 12 12 12 12 12 12 12 12 13 13 13 13 13 13 13 13 13 13 13 13 13 13 13 13 15 15 15 15 16 16 16 17 17 17 18 19 19 20 21 21 26 26 27 28 31 33 36 37 41 42 43 46 49 53 56 58 62 65 69 71 73 76 80 83 88 92 96 99 100 101 104 106 107 108 110 113 114 116 116 116 116 117 117 117 116 115 114 113 111 110 108 104 101 98 96 94 91 88 84 80 78 74 70 67 65 61 56 52 50 47 44 41 42 40 37 36 35 34 31 28 28 27 26 25 24 22 21 21 17 17 17 17 16 16 16 15 17 17 17 17 17 17 17 17 18 18 18 18 18 18 18 18 17 17 17 17 17 17 17 17 17 16 16 16 15 15 15 14 14 14 14 13 13 13 12 12 12 12 13 13 13 14 14 14 14 14 14 14 14 14 14 14 14 15 15 15 16 16 16 17 17 17 17 17 17 17 17 17 19 19 19 19 19 19 19 19 21 21 22 22 23 23 23 23 26 26 28 29 31 33 34 35 39 40 42 44 46 49 50 51 57 58 60 63 66 69 71 72 75 76 77 78 80 81 82 82 81 81 81 81 81 80 80 80 79 78 77 75 73 71 70 69 65 64 63 60 58 55 54 53 50 47 44 42 40 38 35 32 33 32 30 29 26 25 23 22 21 20 19 18 17 16 15 14 15 15 14 13 13 12 11 11 12 12 12 12 12 12 12 12 12 12 12 12 12 12 12 12 11 11 11 11 11 11 11 11 10 10 10 10 10 10 10 10 10 10 10 11 11 11 12 12 12 12 12 12 12 12 12 12 12 12 12 12 12 12 12 12 10 10 10 10 10 10 10 10 11 11 11 11 11 11 11 11 12 12 12 12 12 12 12 12 13 14 14 14 15 15 15 16 15 16 16 17 18 19 20
14 14 14 14 14 14 14 14 14 14 14 13 13 13 12 12 12 12 12 11 11 10 10 10 10 10 10 10 10 10 10 10 11 11 11 11 11 11 11 11 12 12 12 12 12 12 12 12 13 13 13 13 13 13 13 13 13 13 13 13 13 13 13 13 14 15 15 15 16 16 16 16 17 17 18 18 19 20 21 21 25 26 26 28 30 33 35 36 40 41 43 45 48 52 55 57 61 64 67 70 72 75 79 82 85 89 93 96 97 99 102 104 106 107 110 112 114 115 116 116 116 116 117 117 116 115 114 113 113 112 110 107 104 101 99 98 94 91 86 83 80 77 73 70 67 64 59 55 53 50 47 44 43 41 38 36 36 34 32 29 28 27 26 25 23 22 21 20 18 18 17 17 17 16 16 16 17 17 17 17 17 17 17 17 18 18 18 18 18 18 18 18 17 17 17 17 17 17 17 17 17 16 16 16 15 15 15 14 14 14 14 13 13 13 12 12 12 12 13 13 13 14 14 14 14 14 14 14 14 14 14 14 14 15 15 15 16 16 16 17 17 17 17 17 17 17 17 17 19 19 19 19 19 19 19 19 21 21 22 22 22 23 23 23 25 26 27 29 31 32 34 34 38 39 41 43 46 48 50 51 56 57 59 62 65 67 69 71 74 75 76 77 79 80 81 82 81 81 81 81 81 80 80 80 79 78 77 75 73 72 70 70 66 65 63 61 59 56 54 54 50 48 44 42 41 39 36 33 33 33 31 29 27 25 24 23 21 21 20 19 17 16 15 15 16 15 15 14 13 12 12 11 12 12 12 12 12 12 12 12 12 12 12 12 12 12 12 12 11 11 11 11 11 11 11 11 10 10 10 10 10 10 10 10 10 10 11 11 11 12 12 12 12 12 12 12 12 12 12 12 12 12 12 12 12 12 12 12 10 10 10 10 10 10 10 10 11 11 11 11 11 11 11 11 12 12 12 12 12 12 12 12 13 13 14 14 14 15 15 15 15 16 16 17 18 19 20
14 14 14 14 14 14 14 14 14 14 14 13 13 13 12 12 12 12 12 11 11 10 10 10 10 10 10 10 10 10 10 10 11 11 11 11 11 11 11 11 12 12 12 12 12 12 12 12 13 13 13 13 13 13 13 13 13 13 13 13 13 13 13 13 14 14 14 15 15 16 16 16 16 17 17 18 19 20 20 21 25 25 26 27 29 31 34 35 39 39 41 43 47 50 53 55 58 61 65 68 70 73 77 80 82 85 90 93 94 96 99 101 105 106 108 111 113 114 115 115 116 116 117 117 116 115 114 114 114 113 112 110 108 106 104 103 97 94 89 86 84 81 77 74 71 68 63 59 56 54 51 48 46 43 40 38 38 36 33 30 28 28 27 25 23 22 21 20 19 18 18 18 17 17 17 16 17 17 17 17 17 17 17 17 18 18 18 18 18 18 18 18 17 17 17 17 17 17 17 17 17 16 16 16 15 15 15 14 14 14 14 13 13 13 12 12 12 12 13 13 13 14 14 14 14 14 14 14 14 14 14 14 14 15 15 15 16 16 16 17 17 17 17 17 17 17 17 17 19 19 19 19 19 19 19 19 21 21 21 22 22 22 23 23 25 25 27 28 30 31 32 33 36 37 39 41 44 46 48 49 54 55 57 60 63 65 67 69 72 73 74 75 77 79 80 81 80 80 80 80 80 80 80 80 79 78 77 76 74 73 71 71 67 66 65 62 60 58 56 55 52 49 46 44 43 41 38 35 35 34 33 31 29 27 25 24 22 22 21 20 18 17 16 16 16 16 15 15 14 13 12 12 13 13 13 13 13 13 13 13 13 13 13 13 13 13 13 13 11 11 11 11 11 11 11 11 10 10 10 10 10 10 10 10 10 11 11 11 12 12 12 12 13 13 13 13 13 13 13 13 12 12 12 12 12 12 12 12 10 10 10 10 10 10 10 10 11 11 11 11 11 11 11 11 12 12 12 12 12 12 12 12 13 13 13 14 14 15 15 15 15 16 16 17 18 18 19
14 14 14 14 14 14 14 14 14 14 14 13 13 13 12 12 12 12 12 11 11 10 10 10 10 10 10 10 10 10 10 10 11 11 11 11 11 11 11 11 12 12 12 12 12 12 12 12 13 13 13 13 13 13 13 13 13 13 13 13 13 13 13 13 14 14 14 14 15 15 16 16 16 16 17 18 18 19 20 20 24 24 25 26 27 30 32 33 36 37 39 41 44 48 51 53 56 59 63 65 67 70 74 77 79 83 87 90 92 94 97 100 103 104 107 109 112 113 114 115 115 116 116 117 117 116 115 114 114 114 112 111 109 108 107 106 99 96 92 89 87 84 80 77 74 71 66 62 59 57 53 51 48 46 43 41 40 38 35 32 30 29 27 26 24 22 21 20 19 19 19 19 18 18 18 17 18 18 18 18 18 18 18 18 18 18 18 18 18 18 18 18 17 17 17 17 17 17 17 17 17 16 16 16 15 15 15 14 14 14 14 13 13 13 12 12 12 12 13 13 13 14 14 14 14 14 14 14 14 14 14 14 14 15 15 15 16 16 16 17 17 17 17 17 17 17 17 17 19 19 19 19 19 19 19 19 20 20 21 21 22 22 22 22 24 25 26 27 28 29 30 31 34 35 37 39 42 44 46 47 51 52 54 57 60 63 65 66 69 70 71 73 75 77 78 79 79 79 79 80 80 80 80 81 79 79 78 76 75 74 73 72 69 68 66 64 62 59 58 57 54 52 48 46 45 43 40 37 37 36 34 32 30 28 27 26 24 23 22 21 20 19 18 17 17 17 16 15 15 14 13 13 13 13 13 13 13 13 13 13 13 13 13 13 13 13 13 13 12 12 12 12 12 12 12 12 11 11 11 11 11 11 11 11 11 11 11 12 12 12 13 13 13 13 13 13 13 13 13 13 12 12 12 12 12 12 12 12 11 11 11 11 11 11 11 11 11 11 11 11 11 11 11 11 12 12 12 12 12 12 12 12 12 13 13 13 14 14 14 15 15 16 16 17 17 18 18
14 14 14 14 14 14 14 14 14 14 14 13 13 13 12 12 12 12 12 11 11 10 10 10 10 10 10 10 10 10 10 10 11 11 11 11 11 11 11 11 12 12 12 12 12 12 12 12 13 13 13 13 13 13 13 13 13 13 13 13 13 13 13 13 13 13 14 14 14 15 15 15 15 16 16 17 18 19 19 20 23 23 23 24 26 28 30 31 34 35 36 39 42 46 49 51 53 56 60 63 65 67 71 74 77 81 86 89 91 93 97 99 101 102 105 108 110 112 113 114 114 115 116 117 117 116 116 115 113 113 112 111 109 108 107 107 100 97 93 90 89 86 82 79 77 73 68 64 62 59 56 53 52 49 45 43 42 40 36 34 32 31 29 27 25 23 21 21 20 20 20 20 19 19 18 18 18 18 18 18 18 18 18 18 18 18 18 18 18 18 18 18 17 17 17 17 17 17 17 17 17 16 16 16 15 15 15 14 14 14 14 13 13 13 12 12 12 12 13 13 13 14 14 14 14 14 14 14 14 14 14 14 14 15 15 15 16 16 16 17 17 17 17 17 17 17 17 17 19 19 19 19 19 19 19 19 20 20 20 21 21 21 22 22 23 24 24 25 27 28 28 29 32 33 34 37 39 41 43 44 48 50 52 54 57 60 62 63 66 67 69 71 73 75 76 77 78 78 79 79 80 80 81 81 79 79 78 77 76 75 74 74 71 70 68 66 64 61 60 59 57 54 51 49 48 46 42 40 39 38 36 34 32 30 29 28 25 24 24 22 21 20 19 19 18 18 17 16 16 15 14 14 14 14 14 14 14 14 14 14 14 14 14 14 14 14 14 14 12 12 12 12 12 12 12 12 11 11 11 11 11 11 11 11 11 11 12 12 13 13 13 13 14 14 14 14 14 14 14 14 12 12 12 12 12 12 12 12 11 11 11 11 11 11 11 11 11 11 11 11 11 11 11 11 12 12 12 12 12 12 12 12 12 12 12 13 13 14 14 14 16 16 16 16 17 17 17
14 14 14 14 14 14 14 14 14 14 14 13 13 13 12 12 12 12 12 11 11 10 10 10 10 10 10 10 10 10 10 10 11 11 11 11 11 11 11 11 12 12 12 12 12 12 12 12 13 13 13 13 13 13 13 13 13 13 13 13 13 13 13 13 13 13 13 13 14 14 15 15 15 15 16 17 17 18 19 19 22 22 22 23 24 26 28 29 32 32 34 36 40 43 47 48 50 53 57 60 62 65 69 72 74 78 83 87 89 92 95 98 99 100 103 106 109 111 113 113 114 114 115 116 117 117 116 116 114 113 112 111 109 108 107 106 102 99 95 93 91 89 85 82 80 76 71 67 65 62 59 56 54 51 48 46 44 42 38 35 34 33 32 30 27 25 23 22 21 21 21 20 20 20 19 19 18 18 18 18 18 18 18 18 18 18 18 18 18 18 18 18 17 17 17 17 17 17 17 17 17 16 16 16 15 15 15 14 14 14 14 13 13 13 12 12 12 12 13 13 13 14 14 14 14 14 14 14 14 14 14 14 14 15 15 15 16 16 16 17 17 17 17 17 17 17 17 17 19 19 19 19 19 19 19 19 19 20 20 20 21 21 21 21 23 23 23 24 25 26 27 27 29 30 32 34 37 39 41 42 46 47 49 52 54 57 59 60 63 64 66 68 71 73 75 76 77 77 78 79 79 80 81 81 80 79 79 78 77 76 76 75 73 72 70 68 65 63 61 60 59 56 53 51 50 48 45 42 40 40 38 36 34 32 31 30 26 26 25 24 23 21 21 20 19 19 18 17 16 16 15 15 14 14 14 14 14 14 14 14 14 14 14 14 14 14 14 14 13 13 13 13 13 13 13 13 12 12 12 12 12 12 12 12 12 12 12 13 13 13 14 14 14 14 14 14 14 14 14 14 12 12 12 12 12 12 12 12 12 12 12 12 12 12 12 12 11 11 11 11 11 11 11 11 12 12 12 12 12 12 12 12 12 12 12 12 13 13 13 14 16 16 16 16 16 16 16
14 14 14 14 14 14 14 14 14 14 14 13 13 13 12 12 12 12 12 11 11 10 10 10 10 10 10 10 10 10 10 10 11 11 11 11 11 11 11 11 12 12 12 12 12 12 12 12 13 13 13 13 13 13 13 13 13 13 13 13 13 13 13 13 12 12 13 13 14 14 14 14 15 15 16 16 17 18 18 19 22 22 22 22 23 25 26 27 30 31 32 35 38 42 45 47 48 51 55 58 60 63 66 69 71 75 80 84 86 89 92 95 97 99 102 105 108 111 112 112 113 114 115 116 117 117 116 116 116 115 114 112 110 109 107 107 105 102 98 96 95 93 89 86 83 80 75 71 69 66 63 60 57 54 50 47 46 43 39 36 37 36 34 32 29 27 25 24 22 22 22 21 21 20 20 20 19 19 19 19 19 19 19 19 18 18 18 18 18 18 18 18 17 17 17 17 17 17 17 17 17 16 16 16 15 15 15 14 14 14 14 13 13 13 12 12 12 12 13 13 13 14 14 14 14 14 14 14 14 14 14 14 14 15 15 15 16 16 16 17 17 17 17 17 17 17 17 17 19 19 19 19 19 19 19 19 19 19 20 20 20 21 21 21 22 22 23 23 24 25 25 25 28 29 30 33 35 38 39 40 44 45 47 49 52 55 57 58 61 62 64 66 69 71 73 74 76 76 77 78 79 80 81 81 80 80 79 79 78 77 77 77 74 73 72 69 67 64 63 62 61 58 55 53 52 50 46 44 42 41 39 38 35 34 32 31 27 27 26 25 24 22 22 21 20 19 19 18 17 16 16 15 14 14 14 14 14 14 14 14 14 14 14 14 14 14 14 14 13 13 13 13 13 13 13 13 12 12 12 12 12 12 12 12 12 12 13 13 13 14 14 14 14 14 14 14 14 14 14 14 12 12 12 12 12 12 12 12 12 12 12 12 12 12 12 12 11 11 11 11 11 11 11 11 12 12 12 12 12 12 12 12 11 11 12 12 12 13 13 13 16 16 16 16 16 15 15
14 14 14 14 14 14 14 14 14 14 14 13 13 13 12 12 12 12 12 11 11 10 10 10 10 10 10 10 10 10 10 10 11 11 11 11 11 11 11 11 12 12 12 12 12 12 12 12 13 13 13 13 13 13 13 13 13 13 13 13 13 13 13 13 12 12 13 13 13 14 14 14 14 15 15 16 17 18 18 19 22 21 21 22 23 24 26 27 29 30 31 34 37 41 44 46 47 50 54 57 59 61 65 68 68 72 77 81 84 86 90 93 96 98 101 105 108 110 112 112 113 114 115 116 117 117 117 116 117 117 115 113 111 109 108 107 107 104 101 99 98 95 92 89 86 83 78 74 71 69 66 63 58 55 51 48 47 44 40 37 39 38 36 33 30 28 26 25 22 22 22 22 21 21 20 20 19 19 19 19 19 19 19 19 18 18 18 18 18 18 18 18 17 17 17 17 17 17 17 17 17 16 16 16 15 15 15 14 14 14 14 13 13 13 12 12 12 12 13 13 13 14 14 14 14 14 14 14 14 14 14 14 14 15 15 15 16 16 16 17 17 17 17 17 17 17 17 17 19 19 19 19 19 19 19 19 19 19 19 20 20 20 21 21 22 22 22 23 23 24 24 25 27 28 30 32 34 37 38 39 43 44 46 48 51 54 56 57 60 61 63 65 68 71 73 74 76 76 77 78 79 80 81 81 80 80 79 79 78 78 77 77 75 74 72 70 67 65 63 62 62 59 56 54 52 50 47 44 42 42 40 38 36 34 33 32 28 27 27 25 24 23 22 22 20 20 19 18 18 17 16 16 14 14 14 14 14 14 14 14 14 14 14 14 14 14 14 14 13 13 13 13 13 13 13 13 12 12 12 12 12 12 12 12 12 12 13 13 14 14 14 14 14 14 14 14 14 14 14 14 12 12 12 12 12 12 12 12 12 12 12 12 12 12 12 12 11 11 11 11 11 11 11 11 12 12 12 12 12 12 12 12 11 11 11 12 12 13 13 13 16 16 16 16 15 15 15
15 15 15 14 14 14 13 13 14 14 14 13 13 13 12 12 11 11 11 11 11 11 11 11 11 11 11 11 11 11 11 11 11 11 12 12 12 13 13 13 13 13 13 13 13 13 13 13 12 12 13 13 13 14 14 14 14 14 14 14 14 14 14 14 13 13 13 13 13 13 13 13 14 15 15 15 16 16 16 17 17 18 19 20 22 23 24 25 29 30 31 33 35 38 41 43 45 47 49 52 56 59 62 63 67 70 74 77 79 82 86 89 94 97 102 104 106 107 110 112 112 113 113 114 115 116 117 117 117 117 116 115 114 113 112 112 109 106 104 102 101 98 94 90 87 85 82 80 78 74 70 66 61 59 55 53 51 47 42 38 37 37 35 33 31 29 27 26 24 24 23 22 21 21 20 19 20 19 18 17 16 17 17 18 18 18 18 18 18 18 18 18 17 17 17 17 17 17 17 17 17 16 16 16 15 15 15 14 14 14 14 14 14 14 14 14 14 14 15 15 15 15 14 14 14 14 14 14 14 14 14 14 14 14 14 14 14 14 14 14 17 17 17 17 17 17 17 17 19 19 19 19 19 19 19 19 20 20 20 20 20 20 20 20 20 20 21 21 21 22 22 22 26 26 28 30 31 33 35 35 40 41 43 45 48 50 52 53 56 57 59 62 65 67 69 70 73 74 76 78 79 80 80 80 79 79 79 79 78 78 78 78 76 76 76 75 73 70 68 67 63 62 60 58 55 53 51 50 49 48 46 44 41 38 36 35 32 31 29 27 25 23 22 21 23 22 20 18 17 16 16 16 16 16 16 16 15 15 14 14 15 15 15 14 14 14 13 13 14 14 14 14 14 14 14 14 13 13 13 13 13 13 13 13 13 13 14 14 14 15 15 15 14 14 14 14 14 14 14 14 13 13 13 13 13 13 13 13 13 13 13 12 12 11 11 11 12 12 12 12 12 12 12 12 12 12 12 12 12 12 12 12 13 13 13 13 13 13 13 13 14 14 14 14 14 14 14
16 15 15 15 14 14 14 13 14 14 14 13 13 13 12 12 11 11 11 11 11 11 11 11 11 11 11 11 11 11 11 11 11 11 12 12 12 13 13 13 13 13 13 13 13 13 13 13 12 12 13 13 13 14 14 14 14 14 14 14 14 14 14 14 13 13 13 13 13 13 13 13 14 15 15 15 16 16 16 17 18 18 19 20 22 23 24 25 29 29 30 32 35 38 40 42 44 46 48 51 55 58 61 62 65 68 72 74 76 79 83 86 91 94 99 101 103 105 107 109 111 112 113 114 115 116 117 117 117 117 116 115 114 113 112 112 110 108 105 104 102 100 95 92 89 87 83 81 79 76 71 68 64 62 58 56 53 50 45 41 39 38 36 34 32 30 28 27 25 25 24 23 22 21 20 20 20 19 18 17 17 17 17 18 18 18 18 18 18 18 18 18 17 17 17 17 17 17 17 17 17 16 16 16 15 15 15 14 14 14 14 14 14 14 14 14 14 14 15 15 15 15 14 14 14 14 14 14 14 14 14 14 14 14 14 14 14 14 14 14 17 17 17 17 17 17 17 17 19 19 19 19 19 19 19 19 20 20 20 20 20 20 20 20 20 20 20 21 21 22 22 22 25 26 27 29 31 32 34 34 39 40 42 44 47 49 51 52 55 56 58 61 64 66 68 70 72 73 75 77 79 80 80 80 79 79 79 79 78 78 78 78 77 77 76 75 73 71 69 68 64 63 61 59 56 54 52 51 50 49 47 44 42 39 37 36 32 32 30 28 26 24 23 22 23 22 21 19 18 17 17 17 17 17 16 16 15 15 15 15 16 15 15 15 14 14 14 14 14 14 14 14 14 14 14 14 13 13 13 13 13 13 13 13 13 14 14 14 15 15 15 16 14 14 14 14 14 14 14 14 13 13 13 13 13 13 13 13 13 13 13 12 12 12 11 11 12 12 12 12 12 12 12 12 12 12 12 12 12 12 12 12 13 13 13 13 13 13 13 13 14 14 14 14 14 14 14
16 16 15 15 15 14 14 14 14 14 14 13 13 13 12 12 11 11 11 11 11 11 11 11 11 11 11 11 11 11 11 11 11 11 12 12 12 13 13 13 13 13 13 13 13 13 13 13 12 12 13 13 13 14 14 14 14 14 14 14 14 14 14 14 13 13 13 13 13 13 13 13 14 15 15 15 16 16 16 17 18 18 19 20 21 22 23 24 28 28 29 31 33 36 38 40 43 44 46 49 53 56 58 59 61 64 68 71 73 76 79 82 87 90 95 98 99 101 104 106 110 110 111 113 114 115 116 116 117 117 116 115 115 114 113 113 112 110 107 106 105 102 98 95 92 89 86 84 82 79 74 70 68 66 62 60 57 54 49 45 41 40 39 36 34 31 30 29 27 26 25 24 23 22 21 20 20 19 18 17 17 17 18 18 18 18 18 18 18 18 18 18 17 17 17 17 17 17 17 17 17 16 16 16 15 15 15 14 14 14 14 14 14 14 14 14 14 14 14 14 14 14 14 14 14 14 14 14 14 14 14 14 14 14 14 14 14 14 14 14 16 16 16 16 16 16 16 16 18 18 18 18 18 18 18 18 20 20 20 20 20 20 20 20 20 20 20 20 21 21 22 22 24 25 26 28 29 31 32 32 37 38 40 42 44 47 49 49 53 54 56 59 62 65 67 68 70 72 74 76 77 78 79 79 78 78 78 78 79 79 79 79 77 77 77 76 74 72 70 69 66 65 63 61 59 56 54 54 52 51 49 46 43 41 39 37 34 33 32 30 28 26 25 24 24 23 22 20 19 18 18 18 17 17 17 17 16 16 15 15 16 16 16 15 15 15 14 14 15 15 15 15 15 15 15 15 14 14 14 14 14 14 14 14 14 14 14 15 15 15 16 16 15 15 15 15 15 15 15 15 14 14 14 14 14 14 14 14 14 13 13 13 12 12 12 12 12 12 12 12 12 12 12 12 12 12 12 12 12 12 12 12 13 13 13 13 13 13 13 13 14 14 14 14 14 14 14
16 16 16 15 15 15 14 14 14 14 14 13 13 13 12 12 11 11 11 11 11 11 11 11 11 11 11 11 11 11 11 11 11 11 12 12 12 13 13 13 13 13 13 13 13 13 13 13 12 12 13 13 13 14 14 14 14 14 14 14 14 14 14 14 13 13 13 13 13 13 13 13 14 15 15 15 16 16 16 17 18 18 19 20 21 22 22 23 27 27 28 29 31 34 36 38 41 42 44 47 50 53 55 56 59 62 66 68 70 73 77 80 84 87 92 95 97 99 102 105 108 109 110 111 113 114 115 116 117 117 116 116 115 115 114 114 114 112 110 108 108 105 101 98 95 93 90 88 86 82 78 74 71 69 65 63 60 57 52 48 45 44 42 39 36 34 32 31 29 28 27 26 24 23 22 21 21 20 19 18 17 18 18 19 18 18 18 18 18 18 18 18 17 17 17 17 17 17 17 17 17 16 16 16 15 15 15 14 14 14 14 14 14 14 14 14 15 15 14 14 14 14 15 15 14 14 14 14 14 14 14 14 14 14 14 14 14 14 14 14 16 16 16 16 16 16 16 16 18 18 18 18 18 18 18 18 19 19 19 19 19 19 19 19 19 19 20 20 20 21 21 21 23 24 25 26 27 29 30 30 34 35 37 39 42 44 46 47 51 52 54 57 60 62 65 66 68 69 71 74 76 77 78 78 78 78 78 78 79 79 79 79 78 78 78 77 76 74 72 71 69 68 66 64 61 59 57 56 54 53 51 48 45 43 41 40 36 36 34 32 30 28 27 26 26 25 23 21 20 19 19 19 18 18 18 17 17 17 16 16 17 17 17 16 16 16 15 15 15 15 15 15 15 15 15 15 14 14 14 14 14 14 14 14 14 14 15 15 15 16 16 16 15 15 15 15 15 15 15 15 14 14 14 14 14 14 14 14 14 14 14 13 13 12 12 12 12 12 12 12 12 12 12 12 12 12 12 12 12 12 12 12 13 13 13 13 13 13 13 13 14 14 14 14 14 14 14
17 17 16 16 16 15 15 15 14 14 14 13 13 13 12 12 11 11 11 11 11 11 11 11 11 11 11 11 11 11 11 11 11 11 12 12 12 13 13 13 13 13 13 13 13 13 13 13 12 12 13 13 13 14 14 14 14 14 14 14 14 14 14 14 13 13 13 13 13 13 13 13 14 15 15 15 16 16 16 17 18 18 19 19 20 21 21 21 25 25 26 27 29 32 34 35 39 40 42 44 47 49 51 52 57 60 64 66 68 71 75 78 81 85 90 93 95 98 101 103 106 107 108 110 111 113 114 115 117 116 116 116 116 115 115 115 115 113 111 110 110 108 104 101 99 97 94 91 89 86 81 78 74 71 68 65 63 59 54 50 48 47 45 42 39 36 34 33 31 30 29 27 25 24 23 22 21 20 19 18 18 18 19 19 18 18 18 18 18 18 18 18 17 17 17 17 17 17 17 17 17 16 16 16 15 15 15 14 14 14 14 14 14 14 14 14 16 15 14 13 13 14 15 16 14 14 14 14 14 14 14 14 14 14 14 14 14 14 14 14 15 15 15 15 15 15 15 15 18 18 18 18 18 18 18 18 19 19 19 19 19 19 19 19 19 19 19 20 20 20 21 21 22 22 23 24 25 26 27 27 31 32 34 36 39 41 43 44 49 50 52 54 57 60 62 63 65 67 69 72 74 75 76 76 77 77 78 78 79 79 80 80 79 79 79 79 77 76 74 73 72 71 69 67 64 62 60 59 57 56 53 51 48 45 43 42 39 38 37 35 33 31 29 28 27 26 24 23 21 21 21 21 19 19 19 18 18 18 17 17 18 18 18 17 17 17 16 16 16 16 16 16 16 16 16 16 15 15 15 15 15 15 15 15 15 15 15 16 16 16 17 17 16 16 16 16 16 16 16 16 15 15 15 15 15 15 15 15 15 14 14 14 13 13 13 12 12 12 12 12 12 12 12 12 12 12 12 12 12 12 12 12 13 13 13 13 13 13 13 13 13 13 13 13 13 13 13
17 17 17 16 16 16 15 15 14 14 14 13 13 13 12 12 11 11 11 11 11 11 11 11 11 11 11 11 11 11 11 11 11 11 12 12 12 13 13 13 13 13 13 13 13 13 13 13 12 12 13 13 13 14 14 14 14 14 14 14 14 14 14 14 13 13 13 13 13 13 13 13 14 15 15 15 16 16 16 17 18 18 19 19 20 20 20 20 24 24 25 26 27 29 31 33 37 38 39 42 44 46 48 49 54 57 61 64 66 69 73 76 78 82 87 91 93 96 99 101 104 105 106 108 110 112 113 114 116 116 116 116 116 116 116 116 116 114 112 111 111 109 105 102 103 100 97 95 93 90 85 81 76 74 70 68 66 62 57 53 51 50 48 45 42 39 36 35 33 32 31 29 27 25 23 23 22 21 20 19 18 19 19 20 18 18 18 18 18 18 18 18 17 17 17 17 17 17 17 17 17 16 16 16 15 15 15 14 14 14 14 14 14 14 14 14 16 15 14 12 12 14 15 16 14 14 14 14 14 14 14 14 14 14 14 14 14 14 14 14 15 15 15 15 15 15 15 15 17 17 17 17 17 17 17 17 18 18 18 18 18 18 18 18 18 18 19 19 20 20 20 20 21 21 22 22 23 24 25 25 29 30 31 34 36 39 40 41 46 48 50 52 55 58 60 61 63 65 67 70 72 74 75 75 77 77 77 78 79 80 80 80 79 80 80 80 79 77 76 75 74 73 72 69 67 64 63 62 59 58 56 53 50 47 45 44 41 40 39 37 35 33 31 31 28 27 26 24 23 22 22 22 20 20 20 19 19 19 18 18 19 19 19 18 18 17 17 17 16 16 16 16 16 16 16 16 15 15 15 15 15 15 15 15 15 15 16 16 16 17 17 17 16 16 16 16 16 16 16 16 15 15 15 15 15 15 15 15 15 15 15 14 14 13 13 13 12 12 12 12 12 12 12 12 12 12 12 12 12 12 12 12 13 13 13 13 13 13 13 13 13 13 13 13 13 13 13
18 17 17 17 16 16 16 15 14 14 14 13 13 13 12 12 11 11 11 11 11 11 11 11 11 11 11 11 11 11 11 11 11 11 12 12 12 13 13 13 13 13 13 13 13 13 13 13 12 12 13 13 13 14 14 14 14 14 14 14 14 14 14 14 13 13 13 13 13 13 13 13 14 15 15 15 16 16 16 17 18 18 19 19 19 19 20 20 23 23 23 24 26 28 30 31 35 36 37 40 42 44 46 47 51 54 58 60 62 65 69 72 74 78 83 87 90 92 96 98 102 103 105 107 109 111 113 114 116 116 116 117 117 117 117 117 115 114 112 111 111 109 106 103 105 103 100 98 96 92 88 84 80 78 74 72 69 66 61 57 54 53 50 47 44 40 38 37 34 33 32 30 28 26 24 23 22 21 20 19 19 19 19 20 18 18 18 18 18 18 18 18 17 17 17 17 17 17 17 17 17 16 16 16 15 15 15 14 14 14 14 14 14 14 14 14 17 15 13 12 12 13 15 17 14 14 14 14 14 14 14 14 14 14 14 14 14 14 14 14 14 14 14 14 14 14 14 14 17 17 17 17 17 17 17 17 18 18 18 18 18 18 18 18 18 18 18 19 19 20 20 20 20 20 21 21 22 22 23 23 27 28 29 32 34 36 38 39 45 46 48 51 53 56 58 59 61 63 65 68 71 73 74 74 76 76 77 78 79 80 81 81 80 80 81 81 80 79 78 77 76 75 74 71 69 67 65 64 61 59 57 55 52 49 47 46 43 42 40 39 36 35 33 32 29 28 27 25 24 23 23 23 21 21 20 20 20 19 19 19 20 20 19 19 18 18 18 18 17 17 17 17 17 17 17 17 15 15 15 15 15 15 15 15 15 16 16 16 17 17 17 18 17 17 17 17 17 17 17 17 15 15 15 15 15 15 15 15 15 15 15 14 14 14 13 13 12 12 12 12 12 12 12 12 12 12 12 12 12 12 12 12 13 13 13 13 13 13 13 13 12 12 12 12 12 12 12
18 18 17 17 17 16 16 16 14 14 14 13 13 13 12 12 11 11 11 11 11 11 11 11 11 11 11 11 11 11 11 11 11 11 12 12 12 13 13 13 13 13 13 13 13 13 13 13 12 12 13 13 13 14 14 14 14 14 14 14 14 14 14 14 13 13 13 13 13 13 13 13 14 15 15 15 16 16 16 17 18 18 19 19 19 19 19 19 23 23 23 24 25 27 29 30 34 35 37 39 41 43 44 45 48 51 55 58 60 62 66 69 71 75 80 84 87 90 93 96 102 103 104 106 109 111 112 113 116 116 116 117 117 117 117 117 115 113 112 111 111 110 106 103 107 104 101 99 97 94 89 86 83 81 77 75 72 69 64 60 55 54 51 48 45 41 39 37 35 34 33 30 28 26 24 23 22 21 20 19 19 19 20 20 18 18 18 18 18 18 18 18 17 17 17 17 17 17 17 17 17 16 16 16 15 15 15 14 14 14 14 14 14 14 14 14 17 16 13 12 12 13 16 17 14 14 14 14 14 14 14 14 14 14 14 14 14 14 14 14 14 14 14 14 14 14 14 14 17 17 17 17 17 17 17 17 18 18 18 18 18 18 18 18 18 18 18 19 19 19 20 20 19 20 20 20 21 22 22 22 26 27 28 31 33 35 37 38 44 45 47 50 53 55 57 58 60 62 65 68 70 72 73 74 76 76 77 78 79 80 81 81 80 81 81 81 81 80 78 77 77 76 75 72 70 68 66 65 61 60 58 56 53 50 48 47 44 43 41 39 37 35 34 33 30 29 27 26 24 24 24 24 21 21 21 20 20 20 19 19 20 20 20 19 19 18 18 18 17 17 17 17 17 17 17 17 16 16 16 16 16 16 16 16 16 16 16 17 17 17 18 18 17 17 17 17 17 17 17 17 16 16 16 16 16 16 16 16 16 15 15 15 14 14 14 13 12 12 12 12 12 12 12 12 12 12 12 12 12 12 12 12 13 13 13 13 13 13 13 13 12 12 12 12 12 12 12
22 21 21 19 18 17 16 16 15 15 15 14 14 14 13 13 13 13 13 12 12 12 11 11 10 10 10 10 10 10 10 10 12 12 13 13 13 14 14 14 13 13 13 13 13 13 13 13 14 14 14 14 14 14 14 14 13 13 13 13 13 13 13 13 14 14 14 14 14 14 14 14 13 13 14 14 15 15 15 15 16 16 16 16 17 17 18 18 20 21 22 23 24 25 26 27 31 32 34 36 39 41 43 44 48 51 54 57 59 61 65 68 70 73 77 80 83 86 90 93 97 100 103 105 105 107 110 113 112 113 113 114 115 116 117 117 116 115 114 113 111 110 109 108 105 103 101 100 99 96 92 89 84 82 78 76 74 71 66 63 60 57 53 51 49 46 43 40 38 36 33 30 27 25 24 23 25 24 22 21 19 19 19 19 19 19 18 18 17 17 17 17 19 17 16 17 19 18 16 13 19 16 16 18 18 15 12 11 21 14 13 17 18 12 9 10 20 17 13 11 12 13 13 13 15 14 13 11 11 12 14 15 13 14 15 15 15 15 14 14 14 14 14 14 14 14 14 14 15 15 15 15 16 16 16 17 16 16 16 16 16 16 16 16 17 17 17 17 17 17 17 17 18 19 19 20 21 22 22 22 26 26 27 29 31 34 36 37 41 43 45 47 50 53 55 56 59 60 61 63 65 67 69 70 73 74 76 78 79 80 80 80 80 81 81 82 82 81 80 79 80 79 78 76 73 70 67 66 63 62 60 58 55 53 51 50 46 45 43 41 39 36 34 34 33 31 29 26 24 23 22 22 23 23 22 21 20 20 19 19 21 21 20 20 20 19 19 19 19 19 18 18 17 17 17 17 15 15 15 15 15 15 15 15 15 15 15 15 15 15 15 15 18 18 18 18 18 18 18 18 15 15 15 14 14 14 13 13 15 15 15 15 14 14 13 13 13 13 13 13 13 13 13 13 13 13 13 13 13 13 13 13 13 13 13 13 13 13 13 13 12 12 12 12 12 12 12
22 22 21 20 18 17 16 16 16 15 15 15 14 14 14 13 13 13 13 12 12 12 11 11 10 10 10 10 10 10 10 10 12 12 13 13 13 14 14 14 13 13 13 13 13 13 13 13 14 14 14 14 14 14 14 14 13 13 13 13 13 13 13 13 14 14 14 14 14 14 14 14 13 13 14 14 15 15 15 15 16 16 16 16 17 17 18 18 20 21 21 23 24 25 26 26 29 30 32 35 37 40 42 43 45 47 51 54 55 58 62 65 67 70 74 78 80 83 87 90 94 97 100 102 103 105 108 111 112 112 113 114 115 116 117 117 116 116 115 114 112 111 110 109 108 106 104 103 102 99 95 92 87 85 82 80 78 74 70 66 63 60 56 53 52 49 45 42 40 38 36 32 29 27 26 26 25 24 23 21 20 19 19 19 19 19 18 18 18 17 17 17 15 15 16 17 19 20 19 19 19 18 15 13 14 18 20 19 10 12 13 13 15 18 18 16 10 12 14 16 17 17 17 17 14 15 15 16 15 14 12 10 13 13 14 15 15 15 15 15 14 14 14 14 14 14 14 14 14 15 15 15 16 16 16 16 15 15 15 15 15 15 15 15 17 17 17 17 17 17 17 17 17 17 18 19 20 20 21 21 25 25 26 27 29 32 34 36 39 40 42 45 48 50 52 53 58 58 60 62 65 67 68 69 72 74 75 77 79 80 80 80 80 81 81 82 82 81 80 79 80 80 79 77 74 71 68 67 65 64 63 60 58 55 54 53 48 47 46 43 41 39 37 36 35 33 31 29 27 25 25 24 23 23 23 22 21 20 20 19 21 21 21 20 20 20 19 19 19 19 18 18 18 17 17 17 16 16 16 16 16 16 16 16 16 16 16 16 16 16 16 16 18 18 18 18 18 18 18 18 16 15 15 15 14 14 14 13 15 15 15 15 14 14 13 13 13 13 13 13 13 13 13 13 13 13 13 13 13 13 13 13 13 13 13 13 13 13 13 13 12 12 12 12 12 12 12
22 22 21 20 19 18 17 16 16 16 15 15 15 14 14 14 13 13 13 12 12 12 11 11 10 10 10 10 10 10 10 10 12 12 13 13 13 14 14 14 13 13 13 13 13 13 13 13 14 14 14 14 14 14 14 14 13 13 13 13 13 13 13 13 14 14 14 14 14 14 14 14 13 13 14 14 15 15 15 15 16 16 16 16 17 17 18 18 19 20 21 22 23 24 25 26 27 28 30 32 35 37 39 40 41 44 47 50 51 53 57 60 63 67 71 74 76 80 84 87 91 93 97 99 100 102 105 108 110 111 112 113 114 115 116 117 117 117 116 115 114 113 112 111 111 109 107 106 105 103 99 96 92 90 87 84 82 79 74 71 67 64 60 57 55 52 48 45 43 41 38 35 32 30 29 28 26 25 23 22 20 20 20 20 19 19 19 18 18 18 17 17 16 17 18 17 15 13 14 15 16 21 20 14 14 21 22 17 12 17 19 16 14 17 17 14 2 9 17 20 18 15 14 14 11 13 15 17 17 15 13 11 13 13 13 14 15 15 16 16 14 14 14 14 14 14 14 14 14 14 14 15 15 16 16 16 15 15 15 15 15 15 15 15 16 16 16 16 16 16 16 16 15 16 16 17 18 19 19 20 23 23 23 25 27 29 31 33 36 37 39 42 44 47 49 50 55 56 58 60 63 65 67 68 71 72 74 77 78 79 80 80 80 81 82 82 82 82 81 80 81 81 80 78 76 73 70 69 68 67 65 63 61 58 57 56 51 50 48 46 44 41 40 39 37 36 34 31 29 28 27 27 25 24 24 23 22 21 21 20 21 21 21 21 20 20 20 19 19 19 19 18 18 18 17 17 16 16 16 16 16 16 16 16 16 16 16 16 16 16 16 16 18 18 18 18 18 18 18 18 16 16 15 15 15 14 14 14 15 15 15 15 14 14 13 13 13 13 13 13 13 13 13 13 13 13 13 13 13 13 13 13 13 13 13 13 13 13 13 13 12 12 12 12 12 12 12
23 22 22 20 19 18 17 17 16 16 16 15 15 15 14 14 13 13 13 12 12 12 11 11 11 11 11 11 11 11 11 11 12 12 13 13 13 14 14 14 13 13 13 13 13 13 13 13 14 14 14 14 14 14 14 14 13 13 13 13 13 13 13 13 14 14 14 14 14 14 14 14 13 13 14 14 15 15 15 15 16 16 16 16 17 17 18 18 18 19 20 21 22 23 24 25 25 26 28 30 32 34 36 36 39 41 45 47 48 50 54 56 61 64 68 71 74 77 81 84 88 91 94 96 98 100 104 106 109 109 111 112 113 115 116 117 118 118 117 116 115 114 114 113 113 111 109 108 107 105 102 99 95 93 90 88 86 82 78 74 70 67 63 60 57 54 50 47 44 42 39 36 33 31 30 29 27 26 24 23 21 21 21 21 20 20 19 19 18 18 18 18 17 18 19 17 15 14 15 17 13 23 25 17 14 19 17 8 11 11 17 25 24 18 18 24 19 25 31 30 23 16 15 16 14 14 12 12 12 14 16 17 13 13 13 13 14 15 16 17 14 14 14 14 14 14 14 14 14 14 14 14 15 15 16 16 15 15 15 15 15 15 15 15 16 16 16 16 16 16 16 16 14 14 15 15 16 17 18 18 21 21 21 22 24 26 28 30 34 35 37 39 42 45 47 48 53 54 56 58 61 63 65 66 70 71 73 76 78 79 79 79 80 81 82 82 83 82 82 81 82 82 81 80 77 75 72 71 70 69 67 65 62 60 58 57 53 52 50 48 45 43 41 40 38 37 35 32 30 29 28 28 26 26 25 24 23 23 22 22 22 22 21 21 21 20 20 20 20 20 19 19 18 18 18 18 16 16 16 16 16 16 16 16 16 16 16 16 16 16 16 16 18 18 18 18 18 18 18 18 16 16 16 15 15 15 14 14 15 15 15 15 14 14 13 13 13 13 13 13 13 13 13 13 13 13 13 13 13 13 13 13 13 13 13 13 13 13 13 13 12 12 12 12 12 12 12
23 23 22 21 20 18 18 17 17 17 16 16 16 15 15 15 13 13 13 12 12 12 11 11 11 11 11 11 11 11 11 11 12 12 13 13 13 14 14 14 13 13 13 13 13 13 13 13 14 14 14 14 14 14 14 14 13 13 13 13 13 13 13 13 14 14 14 14 14 14 14 14 13 13 14 14 15 15 15 15 16 16 16 16 17 17 18 18 18 18 19 20 21 22 23 24 24 25 26 28 30 32 33 34 38 41 44 46 47 49 52 54 59 62 67 70 72 75 79 83 86 89 92 95 97 99 103 106 107 108 109 111 113 114 116 116 118 118 117 116 116 115 115 114 112 110 109 108 108 106 103 100 97 95 92 89 87 84 79 76 72 69 65 62 59 56 51 48 44 43 40 36 34 31 30 30 28 27 25 23 22 22 22 22 20 20 20 19 19 19 18 18 17 17 17 17 17 18 20 22 16 23 22 14 10 16 19 15 14 6 17 44 51 38 40 56 51 53 53 46 36 30 30 34 30 25 17 10 8 11 16 20 14 14 13 13 13 15 16 17 13 13 13 13 13 13 13 13 13 13 14 14 14 15 15 15 14 14 14 14 14 14 14 14 15 15 15 15 15 15 15 15 13 13 14 14 15 16 17 17 19 19 20 20 22 24 26 27 32 33 35 38 41 44 46 47 49 51 53 56 59 61 63 65 68 70 72 75 77 78 79 79 80 81 82 83 83 83 83 83 83 83 83 81 79 77 75 74 71 70 68 66 63 61 59 58 54 53 51 49 46 44 42 41 39 37 35 33 31 29 29 28 27 27 26 26 25 24 23 23 22 22 22 22 21 21 20 20 20 20 20 19 19 19 18 18 17 17 17 17 17 17 17 17 17 17 17 17 17 17 17 17 18 18 18 18 18 18 18 18 17 17 16 16 16 15 15 15 15 15 15 15 14 14 13 13 13 13 13 13 13 13 13 13 13 13 13 13 13 13 13 13 13 13 13 13 13 13 13 13 12 12 12 12 12 12 12
24 23 22 21 20 19 18 18 17 17 17 16 16 16 15 15 13 13 13 12 12 12 11 11 12 12 12 12 12 12 12 12 12 12 13 13 13 14 14 14 13 13 13 13 13 13 13 13 14 14 14 14 14 14 14 14 13 13 13 13 13 13 13 13 14 14 14 14 14 14 14 14 13 13 14 14 15 15 15 15 16 16 16 16 17 17 18 18 17 17 18 19 20 22 22 23 24 24 26 27 29 30 32 32 37 40 43 44 45 47 50 52 57 60 64 67 69 73 77 80 83 86 90 93 95 97 101 104 106 107 108 110 112 114 115 116 117 117 116 116 115 115 115 115 112 110 109 108 108 107 104 101 99 96 93 91 89 86 81 78 75 72 68 64 61 58 53 50 45 44 41 38 35 33 31 31 29 28 26 24 23 23 23 23 21 20 20 20 19 19 19 19 23 20 15 13 13 13 12 11 32 29 24 17 16 22 35 46 53 39 46 72 82 70 70 84 73 70 63 53 44 41 44 48 50 43 32 21 15 14 16 18 17 15 14 12 12 13 15 16 13 13 13 13 13 13 13 13 13 13 13 13 14 14 15 15 14 14 14 14 14 14 14 14 15 15 15 15 15 15 15 15 13 13 14 14 15 16 16 17 19 19 19 20 21 23 24 25 30 31 33 36 39 42 44 45 47 48 50 53 56 59 62 63 67 68 71 74 76 78 79 79 80 80 82 83 84 84 84 84 85 84 84 83 81 79 77 76 72 71 69 67 65 62 61 60 55 54 53 50 48 46 44 43 40 39 36 34 32 30 30 30 29 28 28 27 26 25 25 24 23 23 22 22 22 21 21 21 21 20 20 20 19 19 19 19 17 17 17 17 17 17 17 17 17 17 17 17 17 17 17 17 18 18 18 18 18 18 18 18 17 17 17 16 16 16 15 15 15 15 15 15 14 14 13 13 13 13 13 13 13 13 13 13 13 13 13 13 13 13 13 13 13 13 13 13 13 13 13 13 12 12 12 12 12 12 12
24 24 23 22 20 19 18 18 18 17 17 17 16 16 16 15 13 13 13 12 12 12 11 11 12 12 12 12 12 12 12 12 12 12 13 13 13 14 14 14 13 13 13 13 13 13 13 13 14 14 14 14 14 14 14 14 13 13 13 13 13 13 13 13 14 14 14 14 14 14 14 14 13 13 14 14 15 15 15 15 16 16 16 16 17 17 18 18 16 16 17 18 20 21 22 22 24 24 26 27 28 30 31 31 36 38 41 43 43 45 47 50 53 56 60 64 66 69 73 77 80 83 87 90 92 95 99 102 105 105 107 109 111 113 115 116 116 116 115 115 115 115 114 114 113 111 110 110 110 109 106 103 101 99 96 94 92 88 84 80 79 76 71 68 65 61 57 53 48 46 43 40 37 35 34 33 30 28 27 25 24 23 23 23 21 21 20 20 20 19 19 19 24 18 13 16 23 28 27 24 57 48 45 47 46 45 58 76 89 81 77 82 89 91 90 88 85 78 66 55 47 46 48 51 60 56 50 43 35 28 23 20 19 17 15 12 11 12 14 15 12 12 12 12 12 12 12 12 12 12 13 13 14 14 14 14 13 13 13 13 13 13 13 13 14 14 14 14 14 14 14 14 13 13 14 15 16 16 17 17 19 19 19 19 21 22 24 25 27 28 30 33 36 38 41 42 44 46 48 51 55 58 60 62 65 67 70 73 75 77 78 79 79 80 82 83 84 85 85 84 85 85 85 84 83 81 79 78 75 74 72 70 68 65 63 63 58 57 55 53 51 48 47 46 42 41 39 36 34 33 32 32 30 29 29 28 27 26 26 26 23 23 23 22 22 22 21 21 21 21 20 20 20 19 19 19 18 18 18 18 18 18 18 18 18 18 18 18 18 18 18 18 18 18 18 18 18 18 18 18 18 17 17 17 16 16 16 15 15 15 15 15 14 14 13 13 13 13 13 13 13 13 13 13 13 13 13 13 13 13 13 13 13 13 13 13 13 13 13 13 12 12 12 12 12 12 12
24 24 23 22 21 19 19 18 18 18 17 17 17 16 16 16 13 13 13 12 12 12 11 11 12 12 12 12 12 12 12 12 12 12 13 13 13 14 14 14 13 13 13 13 13 13 13 13 14 14 14 14 14 14 14 14 13 13 13 13 13 13 13 13 14 14 14 14 14 14 14 14 13 13 14 14 15 15 15 15 16 16 16 16 17 17 18 18 16 16 17 18 19 20 21 22 24 25 26 27 28 30 31 31 34 37 39 41 41 43 45 48 50 54 58 61 63 66 71 74 77 80 84 87 89 92 96 99 104 105 106 109 111 113 115 116 115 115 115 114 114 114 114 114 114 112 111 111 111 110 107 104 103 101 98 96 94 90 86 82 82 79 74 71 68 64 59 56 50 48 46 42 39 37 36 35 30 29 27 25 24 24 24 24 21 21 21 20 20 20 19 19 14 10 11 25 47 64 70 69 75 68 71 83 80 67 72 90 88 89 79 67 76 97 98 83 97 87 73 60 53 51 51 51 58 60 62 60 54 43 32 25 20 18 15 12 11 11 13 14 12 12 12 12 12 12 12 12 12 12 13 13 13 14 14 14 13 13 13 13 13 13 13 13 14 14 14 14 14 14 14 14 13 14 14 15 16 17 17 18 19 19 19 19 20 22 23 24 24 26 28 30 33 36 38 39 43 45 47 50 54 57 60 61 65 66 69 72 75 77 78 79 79 80 82 84 85 85 85 85 86 86 86 85 84 82 80 79 77 76 75 72 70 68 66 65 60 60 58 55 53 51 49 48 45 43 41 38 36 35 34 34 30 30 29 29 28 27 26 26 23 23 23 23 22 22 21 21 21 21 21 20 20 20 19 19 18 18 18 18 18 18 18 18 18 18 18 18 18 18 18 18 18 18 18 18 18 18 18 18 18 18 17 17 17 16 16 16 15 15 15 15 14 14 13 13 13 13 13 13 13 13 13 13 13 13 13 13 13 13 13 13 13 13 13 13 13 13 13 13 12 12 12 12 12 12 12
28 28 26 24 22 20 19 18 19 18 18 17 16 15 15 14 13 13 13 12 12 11 11 11 11 11 11 11 11 11 11 11 13 13 13 13 13 13 13 13 14 14 14 14 14 14 14 14 14 14 14 14 14 14 14 14 14 14 14 14 14 14 14 14 14 14 14 14 14 14 14 14 13 13 14 14 15 15 15 15 16 16 16 16 17 17 18 18 18 18 18 19 19 20 20 20 22 22 23 24 25 26 27 28 32 33 35 37 40 42 44 45 49 52 56 58 60 62 66 68 73 76 80 83 85 87 91 94 96 99 103 105 106 107 110 112 111 111 112 113 114 115 115 116 115 115 115 115 114 112 110 109 103 101 99 97 96 94 90 86 83 81 78 74 70 66 63 62 52 51 48 46 43 40 38 36 33 32 30 27 26 24 24 24 23 24 23 20 17 17 19 22 19 6 10 31 54 80 92 84 78 95 88 73 85 101 99 92 66 80 86 79 77 83 84 78 80 73 71 79 86 82 68 57 51 51 66 72 53 36 35 33 30 25 19 14 12 11 12 12 12 14 15 14 12 12 13 15 12 12 12 12 12 12 12 12 12 12 12 12 12 12 12 12 12 12 12 12 12 12 12 12 12 12 13 13 14 14 14 14 15 15 16 16 17 18 18 19 24 25 27 29 32 34 36 37 40 42 44 47 50 53 56 57 59 62 66 68 70 72 76 78 78 81 84 85 84 83 85 86 86 86 87 86 86 85 83 82 79 78 77 76 74 72 71 70 63 62 60 58 55 53 51 50 46 46 44 43 41 39 38 37 34 34 34 33 31 29 27 26 26 25 25 24 24 23 23 23 23 23 22 21 21 20 19 19 18 18 18 18 18 18 18 18 19 19 19 19 19 19 19 19 18 18 18 18 18 18 18 18 18 18 17 17 16 16 16 16 15 15 15 15 14 14 13 13 13 13 13 13 13 13 13 13 14 14 14 14 14 14 14 14 13 13 13 13 13 13 13 13 13 13 13 12 12 12 11
29 28 27 25 23 21 19 18 19 18 18 17 16 16 15 15 13 13 13 12 12 12 11 11 11 11 11 11 11 11 11 11 13 13 13 13 13 13 13 13 14 14 14 14 14 14 14 14 14 14 14 14 14 14 14 14 14 14 14 14 14 14 14 14 14 14 14 14 14 14 14 14 13 13 14 14 15 15 15 15 16 16 16 16 17 17 18 18 18 18 18 19 19 19 20 20 21 22 23 24 25 26 27 27 30 31 32 35 38 40 42 43 47 50 53 56 57 59 63 66 70 73 77 80 82 85 89 92 94 97 101 103 104 106 108 110 111 111 112 113 114 115 116 117 116 116 116 116 115 113 112 111 107 104 102 101 99 97 93 89 85 84 81 77 73 69 66 65 55 54 51 48 45 42 40 39 35 34 32 30 28 27 26 26 23 22 21 21 21 20 20 19 23 21 31 39 40 50 61 59 63 85 88 81 88 92 85 80 82 75 67 64 68 79 98 114 103 94 82 76 77 79 75 69 50 32 34 54 63 64 52 32 36 30 21 16 15 15 13 11 12 14 15 14 12 12 13 15 12 12 12 12 12 12 12 12 12 12 12 12 12 12 12 12 12 12 12 12 12 12 12 12 12 12 13 13 13 14 14 14 14 15 15 16 17 18 18 19 22 23 25 27 30 32 34 35 39 41 43 46 49 52 55 56 58 61 65 67 69 71 75 78 78 80 83 84 83 83 84 86 86 86 87 87 86 85 84 83 82 81 80 78 76 74 73 72 65 64 62 60 58 55 54 53 49 48 47 45 43 41 40 39 36 36 36 35 33 31 29 28 27 26 26 25 25 24 23 23 23 23 22 22 21 20 19 19 18 18 18 18 18 18 18 18 19 19 19 19 19 19 19 19 18 18 18 18 18 18 18 18 18 18 17 17 16 16 16 16 15 15 15 15 14 14 13 13 13 13 13 13 13 13 13 13 14 14 14 14 14 14 14 14 13 13 13 13 13 13 13 13 13 13 13 12 12 12 11
30 29 28 26 24 22 20 19 19 19 18 17 17 16 15 15 14 13 13 13 12 12 12 12 11 11 11 11 11 11 11 11 13 13 13 13 13 13 13 13 14 14 14 14 14 14 14 14 14 14 14 14 14 14 14 14 14 14 14 14 14 14 14 14 14 14 14 14 14 14 14 14 13 13 14 14 15 15 15 15 16 16 16 16 17 17 18 18 17 18 18 18 19 19 19 19 21 21 22 23 24 25 26 27 28 29 30 33 35 37 39 40 43 46 50 52 54 56 60 63 67 70 74 76 78 81 85 88 91 95 99 101 102 104 106 109 111 111 112 114 115 116 117 117 116 117 117 117 116 115 113 112 111 108 106 104 103 101 97 93 89 87 84 81 76 73 70 68 59 57 55 52 49 46 43 42 38 37 35 32 30 29 28 28 22 21 20 20 22 24 24 23 25 40 67 76 60 53 58 58 68 87 93 90 93 88 81 83 87 68 55 57 61 66 85 109 101 104 100 90 85 84 76 64 97 74 62 58 50 47 46 36 43 36 28 22 19 17 13 10 12 14 15 14 12 12 13 15 12 12 12 12 12 12 12 12 12 12 12 12 12 12 12 12 12 12 12 12 12 12 12 12 12 12 12 13 13 13 14 14 14 14 15 16 17 17 18 18 20 21 23 25 28 30 32 32 38 39 41 44 48 51 53 54 57 59 63 65 67 69 73 76 77 79 82 83 83 83 84 86 86 86 87 87 86 86 84 84 85 84 83 81 78 76 74 74 68 67 65 63 61 58 57 56 53 52 50 48 46 44 43 42 38 38 38 37 35 33 31 30 28 28 27 27 26 25 24 24 24 23 23 22 21 20 20 19 18 18 18 18 18 18 18 18 19 19 19 19 19 19 19 19 18 18 18 18 18 18 18 18 18 18 17 17 16 16 16 16 15 15 15 15 14 14 13 13 13 13 13 13 13 13 13 13 14 14 14 14 14 14 14 14 13 13 13 13 13 13 13 13 13 13 13 12 12 12 11
31 30 29 27 25 23 22 21 20 19 19 18 17 16 16 15 14 14 14 13 13 12 12 12 12 12 12 12 12 12 12 12 13 13 13 13 13 13 13 13 14 14 14 14 14 14 14 14 14 14 14 14 14 14 14 14 14 14 14 14 14 14 14 14 14 14 14 14 14 14 14 14 13 13 14 14 15 15 15 15 16 16 16 16 17 17 18 18 17 17 17 18 18 19 19 19 20 20 21 22 23 24 25 26 27 28 29 31 34 36 37 38 41 44 48 50 52 54 58 61 64 67 71 74 76 79 83 86 89 93 97 100 101 103 106 108 110 111 112 113 115 116 117 118 117 117 118 118 117 116 115 114 113 111 108 107 106 103 99 96 91 90 87 83 79 75 72 71 62 60 58 55 51 48 45 44 40 39 36 34 31 30 29 28 23 22 20 18 18 24 34 42 48 59 81 85 68 64 75 78 83 89 84 82 86 83 79 87 84 76 72 74 71 63 62 67 79 92 96 88 82 82 75 64 84 83 93 93 74 61 56 47 43 42 38 31 22 15 12 12 12 14 15 14 12 12 13 15 12 12 12 12 12 12 12 12 12 12 12 12 12 12 12 12 12 12 12 12 12 12 12 12 11 11 12 12 13 13 13 13 14 14 15 15 16 17 18 18 20 21 22 24 27 29 30 31 35 37 39 42 45 48 51 52 54 57 61 63 65 67 71 74 75 78 81 82 82 82 84 85 85 86 87 87 87 86 85 85 87 86 84 82 79 77 75 74 71 70 68 66 63 61 59 58 56 55 53 51 49 47 45 44 40 40 40 39 37 35 33 32 31 30 30 29 27 26 26 25 24 24 23 22 22 21 20 20 19 19 19 19 19 19 19 19 19 19 19 19 19 19 19 19 18 18 18 18 18 18 18 18 18 18 17 17 16 16 16 16 15 15 15 15 14 14 13 13 13 13 13 13 13 13 13 13 14 14 14 14 14 14 14 14 13 13 13 13 13 13 13 13 13 13 13 12 12 12 11
33 32 30 29 26 25 23 22 20 20 19 18 18 17 16 16 15 14 14 14 13 13 13 12 12 12 12 12 12 12 12 12 13 13 13 13 13 13 13 13 14 14 14 14 14 14 14 14 14 14 14 14 14 14 14 14 14 14 14 14 14 14 14 14 14 14 14 14 14 14 14 14 13 13 14 14 15 15 15 15 16 16 16 16 17 17 18 18 16 17 17 17 18 18 18 19 19 19 20 21 22 24 24 25 27 28 29 31 33 35 36 37 40 43 47 49 50 53 56 59 62 65 69 72 74 77 81 84 87 91 95 98 100 102 105 107 109 109 111 112 114 116 117 118 117 117 118 118 118 117 116 116 114 112 109 108 107 104 100 97 93 92 89 85 81 77 74 72 64 63 60 57 53 49 46 45 41 40 37 34 31 30 29 28 25 26 23 17 15 25 46 63 78 67 63 56 45 54 72 77 74 72 60 57 67 68 63 68 76 84 85 78 71 68 60 50 60 68 69 60 57 65 74 75 69 60 58 55 44 44 44 33 40 47 49 41 26 14 12 16 12 14 15 14 12 12 13 15 12 12 12 12 12 12 12 12 12 12 12 12 12 12 12 12 12 12 12 12 12 12 12 12 11 11 11 12 12 12 13 13 13 13 14 15 16 16 17 17 21 22 23 25 27 28 30 31 33 34 37 40 43 46 48 50 52 55 58 61 62 65 68 71 73 76 80 81 81 82 83 85 85 86 87 88 88 87 87 86 86 86 84 82 80 78 76 76 74 73 71 69 66 64 62 61 59 58 56 54 51 49 47 46 42 42 41 41 39 37 35 34 33 33 32 31 29 28 27 27 25 24 24 23 22 21 21 20 19 19 19 19 19 19 19 19 19 19 19 19 19 19 19 19 18 18 18 18 18 18 18 18 18 18 17 17 16 16 16 16 15 15 15 15 14 14 13 13 13 13 13 13 13 13 13 13 14 14 14 14 14 14 14 14 13 13 13 13 13 13 13 13 13 13 13 12 12 12 11
34 33 32 30 28 26 24 24 21 20 20 19 18 17 17 16 15 15 15 14 14 13 13 13 13 13 13 13 13 13 13 13 13 13 13 13 13 13 13 13 14 14 14 14 14 14 14 14 14 14 14 14 14 14 14 14 14 14 14 14 14 14 14 14 14 14 14 14 14 14 14 14 13 13 14 14 15 15 15 15 16 16 16 16 17 17 18 18 16 16 16 17 17 18 18 18 18 18 19 20 21 23 24 24 27 27 29 30 32 33 35 35 38 41 44 47 48 51 54 57 60 63 67 70 72 74 78 81 84 87 92 95 97 100 103 105 106 107 109 110 112 114 116 117 116 117 117 118 118 117 116 116 115 112 110 109 107 105 101 97 96 94 91 87 83 79 76 75 68 66 63 59 55 51 48 47 43 41 39 35 32 30 29 29 28 30 28 23 22 33 54 71 65 53 51 53 50 57 61 54 49 51 42 39 53 57 46 41 53 64 62 48 43 53 59 55 40 47 54 57 56 57 62 67 70 67 66 52 29 25 29 24 39 49 57 51 35 21 16 18 12 14 15 14 12 12 13 15 12 12 12 12 12 12 12 12 12 12 12 12 12 12 12 12 12 12 12 12 12 12 12 12 10 11 11 11 12 12 12 12 13 13 14 14 15 16 17 17 21 21 23 24 26 27 29 29 31 32 34 37 41 44 46 47 50 53 56 59 60 62 66 69 72 75 78 80 80 81 83 85 85 86 87 88 88 88 87 87 86 85 84 83 81 80 79 78 78 77 75 73 70 68 66 65 64 63 61 58 55 53 51 50 45 45 45 44 42 40 38 37 36 35 34 33 31 29 28 28 25 25 24 23 23 22 21 21 20 20 20 20 20 20 20 20 19 19 19 19 19 19 19 19 18 18 18 18 18 18 18 18 18 18 17 17 16 16 16 16 15 15 15 15 14 14 13 13 13 13 13 13 13 13 13 13 14 14 14 14 14 14 14 14 13 13 13 13 13 13 13 13 13 13 13 12 12 12 11
35 34 33 31 29 27 25 25 21 21 20 19 18 18 17 17 15 15 15 14 14 14 13 13 13 13 13 13 13 13 13 13 13 13 13 13 13 13 13 13 14 14 14 14 14 14 14 14 14 14 14 14 14 14 14 14 14 14 14 14 14 14 14 14 14 14 14 14 14 14 14 14 13 13 14 14 15 15 15 15 16 16 16 16 17 17 18 18 16 16 16 17 17 17 18 18 17 18 18 20 21 22 23 23 25 25 26 28 29 31 32 32 35 38 41 44 45 48 51 54 56 59 63 66 68 71 75 78 79 83 88 91 93 96 99 101 104 105 106 109 111 113 114 115 115 115 116 117 117 117 116 116 116 114 112 110 109 107 102 99 99 98 95 91 87 83 80 78 71 70 67 63 59 55 52 50 46 44 41 38 35 33 31 31 32 32 33 34 38 46 55 61 36 36 51 64 62 60 53 38 32 44 38 30 43 51 41 32 40 45 44 36 29 33 46 55 47 51 64 78 76 61 54 58 44 68 103 115 97 80 62 40 44 51 59 58 48 34 23 17 12 14 15 14 12 12 13 15 12 12 12 12 12 12 12 12 12 12 12 12 12 12 12 12 12 12 12 12 12 12 12 12 10 10 11 11 11 12 12 12 12 13 13 14 15 16 16 17 19 20 21 22 24 25 26 27 29 30 33 36 39 42 44 46 48 51 54 57 58 61 64 67 71 74 77 79 80 81 83 85 85 86 87 88 89 89 88 88 87 86 86 85 84 83 83 83 83 82 80 78 76 73 71 71 70 69 67 64 61 58 56 54 50 50 49 48 47 45 43 41 38 37 36 34 32 31 29 29 25 25 24 24 23 22 22 21 20 20 20 20 20 20 20 20 19 19 19 19 19 19 19 19 18 18 18 18 18 18 18 18 18 18 17 17 16 16 16 16 15 15 15 15 14 14 13 13 13 13 13 13 13 13 13 13 14 14 14 14 14 14 14 14 13 13 13 13 13 13 13 13 13 13 13 12 12 12 11
36 35 33 31 29 27 26 25 21 21 20 19 19 18 17 17 16 15 15 15 14 14 14 13 13 13 13 13 13 13 13 13 13 13 13 13 13 13 13 13 14 14 14 14 14 14 14 14 14 14 14 14 14 14 14 14 14 14 14 14 14 14 14 14 14 14 14 14 14 14 14 14 13 13 14 14 15 15 15 15 16 16 16 16 17 17 18 18 15 16 16 16 17 17 17 18 17 17 18 19 20 22 22 23 23 23 24 26 27 28 29 30 32 35 39 41 43 45 49 52 54 57 61 63 65 68 72 75 76 79 84 88 90 92 96 98 103 104 105 107 110 112 113 114 114 115 116 116 117 116 116 115 118 116 113 112 111 108 104 101 102 100 97 94 89 86 83 81 74 73 70 66 61 57 54 52 48 47 44 40 37 35 33 33 35 34 36 44 53 57 53 48 35 34 45 49 40 39 41 34 25 44 38 22 31 45 42 35 50 50 56 59 47 32 36 52 82 73 75 85 80 62 60 72 76 66 68 78 89 94 74 38 49 52 58 62 58 45 28 16 12 14 15 14 12 12 13 15 12 12 12 12 12 12 12 12 12 12 12 12 12 12 12 12 12 12 12 12 12 12 12 12 10 10 10 11 11 11 12 12 12 13 13 14 15 15 16 16 17 18 19 20 22 23 24 24 28 29 32 35 38 41 43 45 47 50 54 56 57 60 63 66 70 73 77 79 80 80 83 85 85 86 87 88 89 89 89 88 88 88 87 87 87 86 86 86 87 86 84 82 79 77 75 74 74 73 71 68 64 62 59 58 53 53 53 52 50 48 46 45 39 38 37 35 33 31 30 29 26 25 25 24 23 22 22 21 20 20 20 20 20 20 20 20 19 19 19 19 19 19 19 19 18 18 18 18 18 18 18 18 18 18 17 17 16 16 16 16 15 15 15 15 14 14 13 13 13 13 13 13 13 13 13 13 14 14 14 14 14 14 14 14 13 13 13 13 13 13 13 13 13 13 13 12 12 12 11
38 37 35 33 31 29 27 26 25 24 22 20 18 17 17 17 15 15 15 14 14 14 13 13 14 14 14 14 14 14 14 14 14 14 14 14 14 14 14 14 14 14 14 14 14 14 14 14 14 14 14 14 14 14 14 14 14 14 14 14 14 14 14 14 14 14 14 14 14 14 14 14 16 16 16 16 16 16 16 16 16 16 16 16 17 17 18 18 17 17 17 17 17 17 17 17 18 18 18 19 19 19 20 20 22 23 24 25 27 28 29 30 33 33 35 37 40 44 47 48 54 56 59 61 62 65 69 73 74 77 82 85 87 90 94 98 101 102 105 108 111 112 113 114 113 114 115 116 117 117 116 116 116 116 115 114 112 110 107 106 104 102 99 96 92 88 85 84 78 75 71 68 65 62 58 55 51 50 48 46 42 39 36 34 29 40 51 56 58 56 47 37 25 25 25 25 26 26 26 26 39 34 28 27 30 32 33 32 41 41 47 54 45 30 30 41 27 37 44 49 69 94 100 92 83 79 80 88 91 77 52 31 65 61 89 47 78 79 25 14 14 15 17 8 0 10 20 12 13 13 13 12 12 12 11 11 11 11 11 11 11 11 11 11 10 10 10 10 10 10 10 10 10 10 10 11 11 12 12 12 13 13 14 14 15 15 15 15 18 18 19 20 21 21 22 22 24 25 28 31 34 38 40 42 43 46 50 52 54 56 60 63 67 70 74 76 77 78 80 82 84 85 87 89 90 89 88 87 85 85 86 87 88 90 90 91 88 88 87 86 84 82 80 78 76 75 74 72 69 66 63 61 61 58 55 53 52 51 48 45 43 42 41 39 36 34 33 32 28 27 26 25 23 22 21 21 21 21 20 19 18 18 17 17 19 19 19 19 19 19 19 19 18 18 18 18 18 18 18 18 17 17 17 17 17 17 17 17 17 16 16 16 15 15 15 14 14 14 14 14 14 14 14 14 13 13 14 14 14 15 15 15 14 14 14 14 14 14 14 14 14 14 14 13 13 13 12
39 38 36 34 32 29 28 27 25 24 22 20 18 17 17 17 16 15 15 15 14 14 14 13 14 14 14 14 14 14 14 14 14 14 14 14 14 14 14 14 14 14 14 14 14 14 14 14 14 14 14 14 14 14 14 14 14 14 14 14 14 14 14 14 14 14 14 14 14 14 14 14 16 16 16 16 16 16 16 16 16 16 16 16 17 17 18 18 17 17 17 17 17 17 17 17 18 18 18 19 19 19 20 20 22 22 23 25 26 27 28 29 31 31 33 35 38 41 44 46 51 53 56 58 59 62 67 70 71 75 79 82 84 88 92 95 99 101 104 107 110 111 113 113 113 114 115 117 117 117 117 117 117 116 116 115 113 111 109 107 106 104 102 98 94 91 88 86 81 78 74 70 68 65 61 58 52 51 49 46 42 39 36 34 33 41 46 44 40 36 30 23 21 22 23 24 26 26 27 27 27 27 30 36 43 46 44 42 46 40 42 50 53 51 60 74 54 35 24 33 44 54 73 93 95 79 58 52 69 89 89 77 80 120 74 63 75 54 74 36 17 19 28 29 19 17 15 3 13 13 13 12 12 12 11 11 11 11 11 11 11 11 11 11 10 10 10 10 10 10 10 10 10 10 10 11 11 12 12 12 13 13 14 14 15 15 15 15 18 18 19 19 20 21 22 22 23 25 27 30 34 37 39 41 43 45 49 51 53 55 59 62 66 69 73 75 76 77 80 82 84 85 87 89 90 90 89 88 88 89 89 90 91 92 93 93 91 91 91 90 88 86 83 82 80 79 78 76 73 70 67 65 64 61 58 56 55 53 50 47 44 43 41 39 37 35 33 32 29 28 27 26 24 23 22 21 21 21 20 19 19 18 17 17 19 19 19 19 19 19 19 19 18 18 18 18 18 18 18 18 17 17 17 17 17 17 17 17 17 16 16 16 15 15 15 14 14 14 14 14 14 14 14 14 13 14 14 14 15 15 15 16 14 14 14 14 14 14 14 14 14 14 14 13 13 13 12
40 39 38 35 33 31 29 28 26 25 23 21 19 18 18 18 16 16 15 15 15 14 14 14 14 14 14 14 14 14 14 14 14 14 14 14 14 14 14 14 14 14 14 14 14 14 14 14 14 14 14 14 14 14 14 14 14 14 14 14 14 14 14 14 14 14 14 14 14 14 14 14 16 16 16 16 16 16 16 16 16 16 16 16 17 17 18 18 17 17 17 17 17 17 17 17 18 18 18 19 19 19 20 20 22 22 23 24 25 26 27 28 29 29 30 32 35 39 41 43 47 50 53 54 56 59 63 67 68 71 75 79 81 84 88 91 97 98 101 105 108 110 111 112 113 114 116 117 118 118 118 118 117 117 117 116 115 112 110 109 108 107 104 101 97 94 91 90 85 81 77 74 72 68 64 61 55 53 51 47 43 39 37 35 39 43 42 33 24 20 18 15 21 22 24 27 29 31 31 32 33 36 42 48 51 48 41 36 44 37 38 50 57 57 59 64 55 42 39 48 54 53 63 79 91 99 94 73 55 51 51 48 69 111 30 37 41 37 90 56 47 37 38 37 21 9 4 0 13 13 13 12 12 12 11 11 11 11 11 11 11 11 11 11 10 10 10 10 10 10 10 10 10 10 10 11 11 12 12 12 13 13 14 14 15 15 15 15 17 18 18 19 20 21 21 22 23 24 26 29 33 36 38 39 41 44 47 50 51 54 57 60 64 67 71 74 75 76 79 81 84 85 86 88 90 90 90 90 93 93 94 94 95 95 96 96 96 96 95 94 93 91 89 88 85 85 83 81 78 75 72 71 68 65 62 60 59 57 53 51 46 45 43 41 38 36 34 33 30 30 29 27 25 24 23 22 21 21 20 20 19 18 18 17 19 19 19 19 19 19 19 19 18 18 18 18 18 18 18 18 17 17 17 17 17 17 17 17 17 16 16 16 15 15 15 14 14 14 14 14 14 14 14 14 14 14 14 15 15 15 16 16 14 14 14 14 14 14 14 14 14 14 14 13 13 13 12
43 42 40 37 35 32 30 29 27 26 24 22 20 19 19 19 16 16 16 15 15 15 14 14 14 14 14 14 14 14 14 14 14 14 14 14 14 14 14 14 14 14 14 14 14 14 14 14 14 14 14 14 14 14 14 14 14 14 14 14 14 14 14 14 14 14 14 14 14 14 14 14 16 16 16 16 16 16 16 16 16 16 16 16 17 17 18 18 17 17 17 17 17 17 17 17 18 18 18 19 19 19 20 20 21 22 22 23 24 25 26 26 28 29 30 31 34 37 40 41 45 47 50 52 53 56 61 64 65 69 73 76 78 81 86 89 93 95 98 102 105 107 109 109 113 114 115 117 118 118 118 118 118 118 118 117 116 114 112 111 109 108 106 102 99 96 93 92 87 84 80 77 74 71 67 64 58 56 53 49 45 41 39 38 44 47 44 32 23 21 22 22 25 26 29 32 34 35 35 35 43 45 48 49 47 42 36 31 34 30 35 50 59 54 42 35 36 51 60 56 59 70 70 61 60 71 76 65 47 46 70 97 106 100 60 53 41 65 65 73 55 32 22 22 14 12 21 25 13 13 13 12 12 12 11 11 11 11 11 11 11 11 11 11 10 10 10 10 10 10 10 10 10 10 10 11 11 12 12 12 13 13 14 14 15 15 15 15 17 17 18 19 20 20 21 21 22 23 25 28 31 34 36 37 39 41 45 47 49 51 55 58 61 65 69 72 73 75 78 80 83 84 86 88 90 91 92 93 96 97 97 97 98 98 99 99 99 99 99 99 97 95 94 92 90 90 89 86 84 80 77 76 72 69 66 64 62 60 56 54 49 48 46 43 40 38 36 35 33 32 31 29 27 25 24 23 22 22 21 20 19 19 18 18 19 19 19 19 19 19 19 19 18 18 18 18 18 18 18 18 17 17 17 17 17 17 17 17 17 16 16 16 15 15 15 14 14 14 14 14 14 14 14 14 14 14 15 15 15 16 16 16 14 14 14 14 14 14 14 14 14 14 14 13 13 13 12
45 44 42 39 36 34 31 30 28 27 25 23 21 20 20 20 17 17 16 16 16 15 15 15 14 14 14 14 14 14 14 14 14 14 14 14 14 14 14 14 14 14 14 14 14 14 14 14 14 14 14 14 14 14 14 14 14 14 14 14 14 14 14 14 14 14 14 14 14 14 14 14 16 16 16 16 16 16 16 16 16 16 16 16 17 17 18 18 17 17 17 17 17 17 17 17 18 18 18 19 19 19 20 20 21 21 22 23 23 24 24 25 28 29 30 31 34 36 39 40 43 45 48 50 52 54 59 62 64 67 71 74 77 80 84 87 90 92 95 99 102 105 107 107 111 112 114 116 117 118 118 118 118 118 118 118 116 115 113 112 109 108 106 103 100 97 95 93 89 86 81 78 76 73 69 65 62 59 56 51 47 45 43 43 51 52 48 36 28 27 28 27 27 28 31 34 35 35 34 33 36 37 38 39 39 40 41 42 34 29 30 40 51 52 47 43 39 47 45 33 34 48 55 51 52 37 34 44 46 39 48 67 76 63 84 90 60 69 43 80 71 45 32 29 19 15 19 19 13 13 13 12 12 12 11 11 11 11 11 11 11 11 11 11 10 10 10 10 10 10 10 10 10 10 10 11 11 12 12 12 13 13 14 14 15 15 15 15 17 17 17 18 19 20 20 21 21 22 24 27 30 32 34 35 36 39 43 45 47 49 53 55 59 62 67 70 71 73 76 79 83 84 85 87 90 92 94 95 98 98 99 100 100 101 101 102 102 103 103 102 101 99 98 97 95 94 93 91 88 85 82 80 77 74 70 68 66 63 60 57 53 52 49 47 44 41 39 37 36 35 33 31 29 27 25 24 22 22 21 21 20 19 18 18 19 19 19 19 19 19 19 19 18 18 18 18 18 18 18 18 17 17 17 17 17 17 17 17 17 16 16 16 15 15 15 14 14 14 14 14 14 14 14 14 15 15 15 16 16 16 17 17 14 14 14 14 14 14 14 14 14 14 14 13 13 13 12
48 47 44 41 38 35 33 31 29 28 26 23 22 21 21 20 17 17 17 16 16 16 15 15 14 14 14 14 14 14 14 14 14 14 14 14 14 14 14 14 14 14 14 14 14 14 14 14 14 14 14 14 14 14 14 14 14 14 14 14 14 14 14 14 14 14 14 14 14 14 14 14 16 16 16 16 16 16 16 16 16 16 16 16 17 17 18 18 17 17 17 17 17 17 17 17 18 18 18 19 19 19 20 20 21 21 21 22 22 23 23 23 28 28 29 30 32 35 37 38 41 43 46 47 49 52 56 60 61 64 68 72 74 77 81 85 87 89 92 96 100 103 104 105 109 110 112 114 115 116 117 117 117 117 117 117 116 115 113 113 110 109 107 105 102 99 97 96 91 88 84 81 79 75 71 68 65 62 58 54 51 49 49 49 57 55 47 35 29 28 27 23 23 25 28 31 32 31 29 28 31 32 33 34 34 35 39 42 50 40 28 23 27 37 47 53 51 37 30 33 32 25 28 41 58 48 47 53 40 17 14 27 30 56 89 121 79 43 56 77 75 59 55 56 45 32 18 1 13 13 13 12 12 12 11 11 11 11 11 11 11 11 11 11 10 10 10 10 10 10 10 10 10 10 10 11 11 12 12 12 13 13 14 14 15 15 15 15 16 16 17 18 19 19 20 20 21 22 23 26 28 31 32 33 34 37 40 43 44 47 50 53 56 60 65 68 70 72 75 77 83 84 85 87 90 93 96 97 99 100 101 102 104 105 106 106 106 106 107 106 105 104 103 102 100 100 98 96 93 90 87 86 82 79 75 73 71 68 64 61 57 56 54 51 47 44 42 41 38 37 35 33 31 28 27 26 23 22 22 21 20 20 19 19 19 19 19 19 19 19 19 19 18 18 18 18 18 18 18 18 17 17 17 17 17 17 17 17 17 16 16 16 15 15 15 14 14 14 14 14 14 14 14 14 15 15 16 16 16 17 17 17 14 14 14 14 14 14 14 14 14 14 14 13 13 13 12
50 48 46 43 39 36 34 32 29 28 26 24 23 22 21 21 18 17 17 17 16 16 16 15 14 14 14 14 14 14 14 14 14 14 14 14 14 14 14 14 14 14 14 14 14 14 14 14 14 14 14 14 14 14 14 14 14 14 14 14 14 14 14 14 14 14 14 14 14 14 14 14 16 16 16 16 16 16 16 16 16 16 16 16 17 17 18 18 17 17 17 17 17 17 17 17 18 18 18 19 19 19 20 20 21 21 21 21 21 22 22 22 26 26 27 28 30 32 34 35 37 39 42 44 45 48 53 56 58 61 65 68 70 74 78 81 84 86 90 94 98 101 103 104 106 108 110 112 114 115 115 115 116 116 116 116 116 114 113 112 113 112 110 107 105 102 100 99 95 92 88 84 82 79 75 71 67 64 61 57 54 54 54 54 60 53 39 27 24 27 26 21 18 21 25 29 31 31 29 28 28 33 37 38 36 33 32 32 44 41 33 23 18 21 28 34 42 30 29 40 42 30 25 29 46 54 54 40 28 39 72 100 77 103 112 124 91 52 97 89 54 48 54 62 63 66 55 32 13 13 13 12 12 12 11 11 11 11 11 11 11 11 11 11 10 10 10 10 10 10 10 10 10 10 10 11 11 12 12 12 13 13 14 14 15 15 15 15 16 16 17 17 18 19 20 20 20 21 23 25 27 29 31 32 32 35 39 41 43 45 49 51 54 58 63 66 69 71 74 77 83 83 84 87 90 94 97 99 102 102 104 106 108 110 111 112 110 111 111 111 110 109 108 107 106 105 104 102 99 96 93 91 89 86 82 79 77 74 70 67 61 60 57 54 51 48 45 44 40 39 37 34 32 29 28 26 23 23 22 21 21 20 19 19 19 19 19 19 19 19 19 19 18 18 18 18 18 18 18 18 17 17 17 17 17 17 17 17 17 16 16 16 15 15 15 14 14 14 14 14 14 14 14 14 15 16 16 16 17 17 17 18 14 14 14 14 14 14 14 14 14 14 14 13 13 13 12
51 49 47 44 40 37 34 33 30 29 27 25 23 22 22 22 18 18 17 17 17 16 16 16 14 14 14 14 14 14 14 14 14 14 14 14 14 14 14 14 14 14 14 14 14 14 14 14 14 14 14 14 14 14 14 14 14 14 14 14 14 14 14 14 14 14 14 14 14 14 14 14 16 16 16 16 16 16 16 16 16 16 16 16 17 17 18 18 17 17 17 17 17 17 17 17 18 18 18 19 19 19 20 20 21 21 21 21 21 21 21 21 24 24 24 26 27 30 32 33 34 37 39 41 43 46 50 54 55 58 62 65 68 71 75 78 83 85 88 93 97 100 102 103 105 106 108 111 113 114 114 115 115 115 116 116 115 114 113 112 115 114 112 110 107 104 103 102 98 94 90 87 85 82 77 74 68 66 62 58 56 56 57 58 59 49 32 20 21 28 28 23 16 19 25 30 33 34 33 32 18 27 38 44 43 38 33 31 17 29 41 40 31 22 18 15 22 27 24 18 26 40 38 25 41 57 55 34 28 43 48 37 67 59 63 48 55 70 122 109 80 70 63 57 54 64 59 36 13 13 13 12 12 12 11 11 11 11 11 11 11 11 11 11 10 10 10 10 10 10 10 10 10 10 10 11 11 12 12 12 13 13 14 14 15 15 15 15 16 16 16 17 18 19 19 20 20 21 22 24 26 29 30 31 31 34 38 40 42 44 48 51 53 57 62 66 68 70 74 76 83 83 84 86 90 94 98 100 103 104 106 108 111 113 115 116 114 114 114 115 114 113 112 111 110 109 108 106 103 100 97 95 93 90 86 83 81 78 74 71 64 62 60 56 53 49 47 46 41 40 38 35 32 30 28 27 23 23 22 22 21 20 19 19 19 19 19 19 19 19 19 19 18 18 18 18 18 18 18 18 17 17 17 17 17 17 17 17 17 16 16 16 15 15 15 14 14 14 14 14 14 14 14 14 16 16 16 17 17 17 18 18 14 14 14 14 14 14 14 14 14 14 14 13 13 13 12
52 50 48 45 42 39 36 35 34 32 30 27 24 22 22 21 19 19 18 18 17 17 16 16 15 15 15 15 15 15 15 15 14 14 14 14 14 14 14 14 17 16 16 16 15 15 15 14 14 14 14 14 14 14 14 14 14 14 14 14 14 14 14 14 14 14 14 14 14 14 14 14 17 17 17 17 17 17 17 17 17 17 17 17 17 17 17 17 18 18 18 18 18 18 18 18 17 17 17 18 18 18 19 19 19 19 19 20 20 21 21 21 22 23 24 26 28 30 31 32 34 35 37 40 43 46 49 50 53 54 57 60 64 68 70 72 79 82 86 89 92 95 99 102 101 104 108 110 111 111 113 115 117 117 118 118 118 117 116 115 115 114 113 111 109 107 106 105 98 96 94 90 86 82 80 78 71 67 63 60 59 58 56 54 61 45 29 21 17 15 17 20 18 23 25 27 34 42 38 28 38 23 23 29 28 33 40 37 30 31 32 33 30 26 22 19 7 11 18 25 31 35 38 38 37 38 43 51 58 55 45 36 42 46 3 29 77 65 82 124 53 50 70 55 53 55 65 32 13 13 13 12 12 12 11 11 11 11 11 11 11 11 11 11 10 10 10 10 10 10 10 10 11 11 11 12 12 13 13 13 15 15 15 15 15 15 15 15 17 17 17 17 18 18 19 19 20 20 21 23 24 26 27 27 31 34 37 39 40 42 45 48 53 56 60 63 65 69 73 76 78 80 84 86 89 93 98 102 103 106 109 110 111 113 116 119 119 119 119 119 118 118 118 118 116 114 111 108 106 104 102 102 97 94 91 88 85 81 76 72 68 67 63 60 55 51 48 47 42 41 38 36 33 30 28 26 27 26 24 23 22 21 21 22 20 20 19 19 19 18 18 18 18 18 18 18 18 18 18 18 17 16 16 16 15 15 15 14 14 14 14 14 14 14 14 14 14 14 14 14 14 14 14 14 13 14 15 16 17 16 16 16 14 14 14 14 14 14 14 14 13 13 13 12 12 12 11
54 52 50 47 44 41 38 37 34 33 30 27 25 23 22 22 20 19 19 18 18 17 17 16 16 16 16 16 16 16 16 16 14 14 14 14 14 14 14 14 17 16 16 16 15 15 15 14 14 14 14 14 14 14 14 14 14 14 14 14 14 14 14 14 14 14 14 14 14 14 14 14 17 17 17 17 17 17 17 17 17 17 17 17 17 17 17 17 18 18 18 18 18 18 18 18 17 17 17 18 18 18 19 19 19 19 19 20 20 21 21 21 22 23 24 26 27 29 30 31 33 34 37 39 42 45 47 49 50 52 54 58 62 65 68 69 76 79 83 86 89 92 96 99 100 103 107 109 110 111 113 115 116 116 117 118 117 117 116 115 115 114 113 111 109 108 106 106 99 98 95 91 87 84 81 80 74 70 66 63 62 60 58 56 62 46 30 21 17 14 14 18 26 27 27 29 39 48 46 37 36 20 18 22 20 24 31 29 34 35 36 37 35 32 28 26 21 23 25 28 31 32 33 33 42 42 43 48 52 52 47 43 31 40 49 70 52 36 55 43 53 42 61 60 74 72 59 4 13 13 13 12 12 12 11 11 11 11 11 11 11 11 11 11 10 10 10 10 10 10 10 10 11 11 12 12 12 13 13 13 16 16 16 16 16 16 16 16 17 17 17 18 18 18 19 19 20 20 21 23 24 25 26 27 30 33 36 38 39 41 45 47 52 55 59 62 65 68 72 75 77 80 83 86 89 93 98 102 103 106 109 111 112 114 117 120 121 121 121 121 121 121 121 121 117 116 113 111 108 106 105 104 101 98 94 91 88 84 79 75 73 71 68 64 59 55 52 50 43 42 40 37 34 31 28 27 27 26 25 23 22 22 22 22 20 20 19 19 19 18 18 18 18 18 18 18 18 18 18 18 17 16 16 16 15 15 15 14 14 14 14 14 14 14 14 14 14 14 14 14 14 14 14 14 13 14 15 16 17 16 16 16 14 14 14 14 14 14 14 14 13 13 13 12 12 12 11
56 55 53 50 46 43 41 40 36 34 32 29 26 25 24 23 21 21 20 19 19 18 17 17 16 16 16 16 16 16 16 16 15 15 15 15 15 15 15 15 17 16 16 16 15 15 15 14 14 14 14 14 14 14 14 14 14 14 14 14 14 14 14 14 14 14 14 14 14 14 14 14 17 17 17 17 17 17 17 17 17 17 17 17 17 17 17 17 18 18 18 18 18 18 18 18 17 17 17 18 18 18 19 19 19 19 19 20 20 21 21 21 22 22 24 25 27 28 29 30 32 33 35 38 41 43 45 46 47 49 51 55 58 62 64 66 72 75 79 83 85 88 92 95 98 101 105 107 108 109 111 113 115 115 116 117 117 116 116 115 115 114 113 112 110 109 107 107 101 100 97 94 90 86 84 82 78 75 70 67 65 64 61 58 60 45 29 21 16 13 13 16 24 23 21 22 31 41 42 38 40 24 21 24 20 23 30 27 31 32 33 33 33 30 28 27 29 29 28 28 28 28 29 29 43 42 42 43 46 50 53 55 36 73 59 57 81 83 81 82 56 34 43 41 63 69 63 10 13 13 13 12 12 12 11 11 11 11 11 11 11 11 11 11 10 10 10 10 10 10 10 10 12 12 12 12 13 13 13 14 16 16 16 16 16 16 16 16 17 17 18 18 18 19 19 19 20 20 21 22 24 25 26 26 29 32 35 37 38 40 43 46 50 53 57 61 63 66 70 73 76 79 83 86 89 93 98 102 104 107 110 112 113 115 118 121 124 124 124 124 124 124 124 124 120 119 117 115 112 110 108 108 105 103 99 96 93 89 84 80 75 73 70 65 61 56 53 51 46 44 42 39 36 32 30 29 28 27 26 24 23 22 22 22 20 20 19 19 19 18 18 18 18 18 18 18 18 18 18 18 17 16 16 16 15 15 15 14 14 14 14 14 14 14 14 14 14 14 14 14 14 14 14 14 13 14 15 16 17 16 16 16 14 14 14 14 14 14 14 14 13 13 13 12 12 12 11
57 56 54 51 47 44 42 41 38 36 33 31 28 26 25 25 23 23 22 21 20 19 18 18 16 16 16 16 16 16 16 16 15 15 15 15 15 15 15 15 17 16 16 16 15 15 15 14 14 14 14 14 14 14 14 14 14 14 14 14 14 14 14 14 14 14 14 14 14 14 14 14 17 17 17 17 17 17 17 17 17 17 17 17 17 17 17 17 18 18 18 18 18 18 18 18 17 17 17 18 18 18 19 19 19 19 19 20 20 21 21 21 22 22 23 24 26 27 28 28 30 31 33 36 38 41 43 44 45 46 49 53 56 60 62 64 69 72 76 80 82 85 89 93 95 98 103 105 106 107 110 112 113 114 115 116 116 116 115 115 115 115 114 112 111 110 109 108 103 102 100 97 93 90 87 86 81 78 74 70 68 66 62 59 56 41 26 19 16 13 14 16 19 19 18 16 17 24 31 36 40 26 25 30 26 28 32 27 28 28 29 29 28 28 27 26 26 25 23 22 23 25 28 30 35 36 37 38 41 46 54 59 70 105 67 38 70 74 69 99 51 28 34 26 42 55 67 33 13 13 13 12 12 12 11 11 11 11 11 11 11 11 11 11 11 11 11 11 11 11 11 11 12 12 12 13 13 14 14 14 16 16 16 16 16 16 16 16 18 18 18 18 19 19 20 20 20 20 21 22 23 24 25 25 27 30 33 35 36 38 41 44 48 51 55 58 61 64 68 71 75 78 82 85 88 93 98 102 104 107 111 113 114 117 120 123 126 126 126 126 126 127 127 127 124 123 122 120 118 116 114 112 110 107 103 100 98 93 88 84 80 78 74 70 65 61 57 55 49 48 45 42 38 35 32 31 30 29 27 25 23 23 22 22 20 20 19 19 19 18 18 18 18 18 18 18 18 18 18 18 17 16 16 16 15 15 15 14 14 14 14 14 14 14 14 14 14 14 14 14 14 14 14 14 13 14 15 16 17 16 16 16 14 14 14 14 14 14 14 14 13 13 13 12 12 12 11
58 56 54 51 48 45 42 41 39 38 35 32 30 28 27 27 25 25 24 23 21 20 19 18 17 17 17 17 17 17 17 17 16 16 16 16 16 16 16 16 17 16 16 16 15 15 15 14 14 14 14 14 14 14 14 14 14 14 14 14 14 14 14 14 14 14 14 14 14 14 14 14 17 17 17 17 17 17 17 17 17 17 17 17 17 17 17 17 18 18 18 18 18 18 18 18 17 17 17 18 18 18 19 19 19 19 19 20 20 21 21 21 21 22 22 23 25 26 26 27 29 30 31 33 36 38 40 40 44 45 48 51 55 58 61 62 67 70 74 77 80 83 87 90 92 95 100 102 104 105 108 110 112 112 114 115 115 115 115 114 115 115 114 113 112 111 110 110 106 105 103 100 97 94 91 90 84 80 76 73 71 67 62 59 49 35 22 18 16 15 16 19 19 23 25 20 12 12 25 38 34 22 25 33 30 30 32 26 29 29 28 28 27 28 28 29 25 23 21 20 21 24 27 29 25 27 29 31 33 36 41 45 65 72 89 74 37 31 54 78 63 36 41 34 48 56 67 34 13 13 13 12 12 12 11 11 11 11 11 11 11 11 11 11 11 11 11 11 11 11 11 11 12 13 13 13 14 14 14 15 17 17 17 17 17 17 17 17 18 18 19 19 19 20 20 20 20 21 21 22 22 23 23 24 25 28 31 33 34 36 40 42 45 49 53 56 58 61 66 69 74 77 81 85 88 93 98 102 105 108 112 114 116 119 122 125 126 126 127 127 128 128 129 129 127 127 127 126 124 122 119 118 114 111 107 104 101 97 92 88 87 85 81 77 72 67 63 61 53 51 48 45 41 37 35 33 32 30 28 26 24 23 23 23 20 20 19 19 19 18 18 18 18 18 18 18 18 18 18 18 17 16 16 16 15 15 15 14 14 14 14 14 14 14 14 14 14 14 14 14 14 14 14 14 13 14 15 16 17 16 16 16 14 14 14 14 14 14 14 14 13 13 13 12 12 12 11
59 58 55 52 49 46 44 42 41 40 37 34 32 30 29 29 27 27 25 24 22 21 20 19 17 17 17 17 17 17 17 17 16 16 16 16 16 16 16 16 17 16 16 16 15 15 15 14 14 14 14 14 14 14 14 14 14 14 14 14 14 14 14 14 14 14 14 14 14 14 14 14 17 17 17 17 17 17 17 17 17 17 17 17 17 17 17 17 18 18 18 18 18 18 18 18 17 17 17 18 18 18 19 19 19 19 19 20 20 21 21 21 21 21 22 23 24 24 25 25 27 28 29 31 33 35 37 38 42 43 46 49 53 56 59 60 64 67 71 74 77 80 84 87 89 93 97 100 102 103 106 108 110 111 112 114 115 115 114 114 116 115 115 114 113 112 112 111 109 108 105 103 100 97 95 94 87 84 80 77 74 69 64 59 44 31 20 16 16 15 17 20 18 23 26 23 12 7 19 34 34 23 27 36 34 35 37 30 26 25 23 22 21 22 24 25 28 26 23 22 21 23 25 26 19 20 21 24 25 26 26 25 27 40 63 64 60 52 56 100 104 60 46 34 52 64 76 42 13 13 13 12 12 12 11 11 11 11 11 11 11 11 11 11 12 12 12 12 12 12 12 12 13 13 13 14 14 15 15 15 17 17 17 17 17 17 17 17 19 19 19 19 20 20 20 21 20 21 21 21 22 22 23 23 23 26 29 31 32 34 38 40 43 46 50 54 56 59 63 67 73 76 80 84 88 92 98 103 106 109 113 116 118 120 124 127 128 128 128 129 130 131 131 132 131 132 132 132 130 127 124 123 118 115 111 108 106 102 96 92 87 85 81 76 71 66 62 60 56 54 51 48 43 40 37 35 33 32 29 27 25 24 23 23 20 20 19 19 19 18 18 18 18 18 18 18 18 18 18 18 17 16 16 16 15 15 15 14 14 14 14 14 14 14 14 14 14 14 14 14 14 14 14 14 13 14 15 16 17 16 16 16 14 14 14 14 14 14 14 14 13 13 13 12 12 12 11
61 60 58 55 51 48 46 45 43 41 39 36 33 31 30 30 29 28 27 25 23 22 20 20 18 18 18 18 18 18 18 18 17 17 17 17 17 17 17 17 17 16 16 16 15 15 15 14 14 14 14 14 14 14 14 14 14 14 14 14 14 14 14 14 14 14 14 14 14 14 14 14 17 17 17 17 17 17 17 17 17 17 17 17 17 17 17 17 18 18 18 18 18 18 18 18 17 17 17 18 18 18 19 19 19 19 19 20 20 21 21 21 21 21 21 22 23 23 24 24 26 27 28 30 32 33 35 35 38 40 43 46 50 53 56 57 60 63 67 70 73 76 80 83 87 91 95 98 100 102 105 107 109 110 111 113 114 114 114 114 116 116 115 115 114 113 113 113 111 110 108 105 102 100 98 97 91 88 84 81 77 72 66 61 43 30 19 16 16 14 15 18 17 17 20 21 15 9 15 27 39 26 27 34 32 34 38 34 24 22 19 17 16 18 20 21 25 24 22 21 20 21 22 22 18 17 17 21 26 28 25 22 26 42 31 19 63 60 31 89 109 65 51 35 49 63 84 61 13 13 13 12 12 12 11 11 11 11 11 11 11 11 11 11 12 12 12 12 12 12 12 12 13 13 14 14 14 15 15 15 18 18 18 18 18 18 18 18 19 19 19 20 20 20 21 21 21 21 21 21 21 22 22 22 22 25 28 30 31 33 36 39 41 45 49 52 54 57 62 65 72 75 80 84 87 92 98 103 107 110 114 117 119 122 126 129 130 131 131 132 133 134 135 135 134 135 136 136 134 131 128 126 123 120 116 113 110 106 101 97 89 87 83 78 72 67 63 61 58 57 54 50 45 41 38 37 34 33 30 28 26 24 23 23 20 20 19 19 19 18 18 18 18 18 18 18 18 18 18 18 17 16 16 16 15 15 15 14 14 14 14 14 14 14 14 14 14 14 14 14 14 14 14 14 13 14 15 16 17 16 16 16 14 14 14 14 14 14 14 14 13 13 13 12 12 12 11
64 62 60 57 54 51 48 47 43 42 39 36 34 32 31 31 30 29 28 26 24 22 21 20 18 18 18 18 18 18 18 18 17 17 17 17 17 17 17 17 17 16 16 16 15 15 15 14 14 14 14 14 14 14 14 14 14 14 14 14 14 14 14 14 14 14 14 14 14 14 14 14 17 17 17 17 17 17 17 17 17 17 17 17 17 17 17 17 18 18 18 18 18 18 18 18 17 17 17 18 18 18 19 19 19 19 19 20 20 21 21 21 21 21 21 22 22 23 23 23 25 26 27 29 31 32 34 34 36 37 40 43 47 51 53 55 57 60 64 68 70 73 77 80 86 89 94 97 99 101 104 107 108 109 111 112 114 114 114 114 116 116 115 115 114 114 113 113 112 111 109 106 104 101 99 98 94 91 87 84 80 75 68 63 44 31 20 16 15 13 13 15 19 15 17 22 22 18 19 25 38 22 20 24 22 25 32 29 29 26 23 20 19 20 23 25 18 18 17 17 18 19 20 20 19 16 16 22 31 37 35 32 35 28 49 38 34 48 46 71 66 47 61 53 56 59 82 68 13 13 13 12 12 12 11 11 11 11 11 11 11 11 11 11 12 12 12 12 12 12 12 12 13 14 14 14 15 15 15 16 18 18 18 18 18 18 18 18 19 19 20 20 20 21 21 21 21 21 21 21 21 21 21 21 21 24 27 29 30 32 36 38 40 44 48 51 53 57 61 64 72 75 79 83 87 92 98 103 107 110 114 117 119 122 126 129 133 133 134 135 136 137 138 138 135 136 138 138 137 134 130 128 126 123 120 117 114 110 105 101 98 96 92 87 81 76 72 70 60 58 55 51 46 42 39 38 35 33 31 28 26 24 24 23 20 20 19 19 19 18 18 18 18 18 18 18 18 18 18 18 17 16 16 16 15 15 15 14 14 14 14 14 14 14 14 14 14 14 14 14 14 14 14 14 13 14 15 16 17 16 16 16 14 14 14 14 14 14 14 14 13 13 13 12 12 12 11
66 64 62 58 55 52 49 48 46 45 43 41 38 36 34 33 30 30 28 26 24 22 21 20 19 19 19 19 19 18 18 18 19 18 18 17 16 15 15 14 17 17 17 17 17 17 17 17 17 17 17 17 17 17 17 17 16 16 16 16 16 16 16 16 16 16 16 16 16 16 16 16 17 17 17 17 17 17 17 17 17 17 17 17 17 17 17 17 18 18 18 18 18 18 18 18 18 18 18 18 18 18 18 18 20 20 20 20 20 20 20 20 19 19 20 21 22 23 23 24 24 24 25 26 28 30 33 34 34 35 38 41 45 48 51 53 56 59 63 67 69 73 77 80 82 86 91 94 96 98 101 104 104 106 110 111 111 112 114 115 116 116 116 116 116 115 115 115 112 111 110 108 105 103 101 100 97 90 90 88 80 81 78 63 51 58 34 12 19 19 11 18 20 21 24 25 25 23 21 19 32 32 29 23 17 18 25 33 32 30 28 25 22 20 19 19 23 23 23 23 24 24 24 24 23 21 19 19 21 25 30 33 38 47 48 35 23 30 50 66 56 54 46 59 64 72 91 78 4 13 18 16 13 14 15 13 12 12 12 12 12 12 12 12 12 12 12 12 12 12 12 12 13 13 14 14 14 15 15 15 18 18 18 18 18 18 18 18 19 19 19 20 20 21 21 21 19 19 19 20 20 21 21 21 22 24 26 27 27 29 33 36 39 41 45 47 50 54 59 62 69 72 77 80 84 89 95 100 106 109 114 117 119 123 127 130 131 132 133 135 136 138 139 140 139 140 141 140 139 136 134 132 127 124 121 118 115 112 106 102 99 97 93 88 83 78 74 72 66 64 60 55 50 46 43 41 37 34 30 28 27 26 24 21 21 20 19 18 17 17 18 18 18 18 17 17 16 16 16 16 17 16 16 16 15 15 15 14 14 14 14 13 13 13 12 12 12 12 13 13 13 14 14 14 13 13 13 13 13 13 13 13 13 13 13 13 13 13 13 13 12 12 12 11 11 10 10
66 65 63 59 56 53 50 49 47 46 44 42 40 37 36 35 33 32 30 29 26 25 23 22 20 20 20 19 19 19 19 19 19 18 18 17 16 16 15 15 17 17 17 17 17 17 17 17 17 17 17 17 17 17 17 17 16 16 16 16 16 16 16 16 16 16 16 16 16 16 16 16 17 17 17 17 17 17 17 17 17 17 17 17 17 17 17 17 18 18 18 18 18 18 18 18 18 18 18 18 18 18 18 18 20 20 20 20 20 20 20 20 19 20 20 21 21 22 22 23 24 24 25 26 28 30 32 33 33 34 37 40 43 46 49 50 52 56 60 63 66 69 73 77 79 83 88 91 93 95 98 101 101 104 107 109 109 110 112 113 116 116 116 116 115 115 115 115 112 112 110 108 106 104 102 101 98 92 92 90 82 83 81 65 54 59 37 16 20 19 11 18 20 21 23 25 24 23 20 19 24 27 29 27 22 21 25 29 28 27 26 25 23 22 20 19 25 25 25 25 26 26 26 26 27 24 20 18 19 23 28 32 30 35 33 20 15 31 60 82 72 63 48 59 69 83 104 90 4 13 18 16 13 14 15 13 12 12 12 12 12 12 12 12 12 12 12 12 12 12 12 12 13 14 14 14 15 15 15 16 18 18 18 18 18 18 18 18 19 19 19 20 20 21 21 21 19 19 19 20 20 21 21 21 22 24 26 26 27 29 33 36 38 41 44 47 49 53 58 62 68 71 76 80 84 89 95 99 105 109 113 116 119 122 127 130 132 132 134 136 138 139 141 141 141 141 142 142 140 138 135 134 131 128 124 122 119 115 110 106 102 100 96 91 86 81 77 75 69 67 63 57 52 48 46 44 40 37 33 30 30 28 26 24 22 21 20 19 18 18 18 18 18 18 17 17 16 16 16 16 17 16 16 16 15 15 15 14 14 14 14 13 13 13 12 12 12 12 13 13 13 14 14 14 13 13 13 13 13 13 13 13 13 13 13 13 13 13 13 13 12 12 12 11 11 10 10
68 66 64 61 58 55 52 51 49 48 46 44 42 39 38 37 36 35 33 31 29 27 26 25 21 21 21 20 20 20 19 19 19 19 18 17 17 16 15 15 17 17 17 17 17 17 17 17 17 17 17 17 17 17 17 17 16 16 16 16 16 16 16 16 16 16 16 16 16 16 16 16 17 17 17 17 17 17 17 17 17 17 17 17 17 17 17 17 18 18 18 18 18 18 18 18 18 18 18 18 18 18 18 18 20 20 20 20 20 20 20 20 20 20 20 21 21 21 21 21 23 24 24 25 26 28 30 32 33 34 35 38 40 43 45 46 48 52 56 59 61 64 68 72 75 79 84 87 89 91 94 97 98 101 105 107 107 108 110 111 115 115 115 115 115 115 115 115 113 112 111 109 107 105 104 103 101 95 95 93 85 87 84 69 56 57 38 20 21 19 13 17 21 22 23 24 24 22 20 19 15 21 28 29 26 23 22 23 23 24 25 26 26 24 23 22 26 26 26 26 27 27 28 28 30 27 23 20 21 24 28 31 32 36 31 17 11 25 51 69 76 65 48 58 73 95 119 105 4 13 18 16 13 14 15 13 13 13 13 13 13 13 13 13 13 13 13 13 13 13 13 13 14 14 14 15 15 15 16 16 18 18 18 18 18 18 18 18 19 19 19 20 20 21 21 21 19 19 19 20 20 21 21 21 22 23 25 26 26 28 31 34 37 39 43 45 48 51 56 60 66 70 74 78 82 88 94 98 104 108 112 116 118 122 126 130 133 133 135 137 139 141 142 143 143 143 144 144 143 141 138 137 135 132 129 127 124 121 116 112 107 105 101 96 91 86 82 80 73 71 66 61 56 52 50 48 44 40 36 34 33 31 29 26 23 22 21 20 19 19 19 19 18 18 17 17 16 16 16 16 17 16 16 16 15 15 15 14 14 14 14 13 13 13 12 12 12 12 13 13 13 14 14 14 13 13 13 13 13 13 13 13 13 13 13 13 13 13 13 13 12 12 12 11 11 10 10
69 68 66 63 60 57 55 54 52 51 49 47 44 42 40 39 37 36 35 33 31 29 28 27 23 23 23 22 21 21 20 20 20 19 19 18 17 16 16 15 17 17 17 17 17 17 17 17 17 17 17 17 17 17 17 17 16 16 16 16 16 16 16 16 16 16 16 16 16 16 16 16 17 17 17 17 17 17 17 17 17 17 17 17 17 17 17 17 18 18 18 18 18 18 18 18 18 18 18 18 18 18 18 18 19 19 19 19 19 19 19 19 21 21 21 20 20 20 20 20 23 23 23 24 25 27 29 30 32 32 34 36 38 39 41 42 46 49 53 56 58 61 65 68 72 76 81 84 86 88 91 94 96 99 103 105 106 107 109 111 114 114 114 115 115 115 115 115 114 113 112 110 108 107 105 105 105 98 99 97 89 91 89 74 54 49 36 24 22 20 17 18 23 23 24 24 23 22 20 19 14 19 25 28 25 21 19 18 20 23 26 28 29 29 27 26 23 23 24 24 25 26 26 26 29 29 28 28 29 30 32 33 31 38 38 27 19 24 36 44 61 58 48 61 76 99 125 110 4 13 18 16 13 14 15 13 13 13 13 13 13 13 13 13 13 13 13 13 13 13 13 13 14 14 15 15 15 16 16 16 19 19 19 19 19 19 19 19 19 19 19 20 20 21 21 21 19 19 19 20 20 21 21 21 21 23 25 25 25 27 30 33 35 38 41 44 46 50 55 58 64 67 72 76 81 86 92 97 103 106 111 115 118 121 126 130 133 134 136 138 140 143 144 145 145 145 146 147 146 144 141 140 138 136 133 130 128 125 120 116 111 109 105 100 94 89 86 84 76 74 69 64 59 55 53 51 46 43 39 36 35 33 30 28 25 24 23 21 20 20 20 20 18 18 17 17 16 16 16 16 17 16 16 16 15 15 15 14 14 14 14 13 13 13 12 12 12 12 13 13 13 14 14 14 13 13 13 13 13 13 13 13 13 13 13 13 13 13 13 13 12 12 12 11 11 10 10
71 70 68 65 63 60 58 57 55 54 52 50 47 45 43 42 38 37 36 34 32 30 28 28 25 25 24 23 22 22 21 21 20 20 19 18 18 17 16 16 17 17 17 17 17 17 17 17 17 17 17 17 17 17 17 17 16 16 16 16 16 16 16 16 16 16 16 16 16 16 16 16 17 17 17 17 17 17 17 17 17 17 17 17 17 17 17 17 18 18 18 18 18 18 18 18 18 18 18 18 18 18 18 18 19 19 19 19 19 19 19 19 20 20 20 20 20 19 19 19 22 22 22 22 23 25 27 28 30 31 32 34 35 37 38 39 45 48 51 54 56 58 62 65 70 74 79 82 84 86 89 92 95 99 102 105 106 107 109 111 113 113 113 114 115 115 115 116 115 114 113 111 110 109 107 107 107 101 102 100 93 95 93 78 51 41 34 29 24 23 24 23 26 26 26 25 24 23 22 21 19 21 23 23 21 19 17 16 21 23 27 30 32 31 30 29 19 20 20 21 22 23 24 24 27 30 34 37 39 39 38 36 25 33 37 32 28 32 39 43 45 56 58 72 81 98 121 105 4 13 18 16 13 14 15 13 14 14 14 14 14 14 14 14 14 14 14 14 14 14 14 14 15 15 15 16 16 16 17 17 19 19 19 19 19 19 19 19 19 19 19 20 20 21 21 21 19 19 19 20 20 21 21 21 21 23 24 24 24 25 28 31 33 36 39 42 44 48 53 56 61 65 70 74 79 85 91 96 101 105 109 113 117 121 126 129 133 134 136 138 141 143 145 146 146 147 148 148 148 146 144 142 140 137 134 132 131 127 123 119 114 112 108 103 98 93 89 87 78 76 72 67 62 58 55 54 49 45 40 37 36 34 31 29 27 26 25 23 21 21 20 20 18 18 17 17 16 16 16 16 17 16 16 16 15 15 15 14 14 14 14 13 13 13 12 12 12 12 13 13 13 14 14 14 13 13 13 13 13 13 13 13 13 13 13 13 13 13 13 13 12 12 12 11 11 10 10
73 72 70 67 65 63 61 60 57 56 55 52 50 48 46 45 40 39 37 35 33 31 30 29 27 27 26 25 24 23 22 21 21 20 20 19 18 17 17 16 17 17 17 17 17 17 17 17 17 17 17 17 17 17 17 17 16 16 16 16 16 16 16 16 16 16 16 16 16 16 16 16 17 17 17 17 17 17 17 17 17 17 17 17 17 17 17 17 18 18 18 18 18 18 18 18 18 18 18 18 18 18 18 18 18 18 18 18 18 18 18 18 19 19 19 19 19 20 20 20 21 21 21 21 22 23 25 26 29 30 31 33 35 36 38 38 43 46 50 52 54 56 60 63 67 71 76 79 81 83 86 89 94 97 101 103 105 106 108 111 112 112 113 113 114 115 116 116 115 115 114 113 111 110 109 109 109 103 104 102 95 98 96 81 54 40 38 39 30 30 35 30 29 29 28 27 25 24 23 23 27 26 24 22 20 20 20 20 23 25 27 29 31 31 30 30 18 19 19 21 22 23 24 24 29 33 38 43 45 44 42 40 35 38 36 29 27 35 44 49 44 63 71 84 88 101 120 101 4 13 18 16 13 14 15 13 14 14 14 14 14 14 14 14 14 14 14 14 14 14 14 14 15 15 16 16 16 17 17 17 20 20 20 20 20 20 20 20 19 19 19 20 20 21 21 21 19 19 19 20 20 21 21 21 21 22 24 24 23 24 27 30 31 34 37 40 42 46 51 55 59 62 68 72 77 83 90 95 99 103 108 112 116 120 125 129 132 133 135 138 141 143 145 147 146 147 148 149 149 147 145 144 141 139 136 134 133 130 125 122 118 116 112 107 102 97 93 91 81 79 75 70 65 61 58 56 51 48 43 40 38 36 32 30 29 28 26 24 23 22 21 21 18 18 17 17 16 16 16 16 17 16 16 16 15 15 15 14 14 14 14 13 13 13 12 12 12 12 13 13 13 14 14 14 13 13 13 13 13 13 13 13 13 13 13 13 13 13 13 13 12 12 12 11 11 10 10
74 73 71 69 67 65 63 62 59 58 57 54 52 50 48 47 42 42 40 38 36 34 33 32 29 28 27 26 25 23 22 22 21 21 20 19 18 18 17 17 17 17 17 17 17 17 17 17 17 17 17 17 17 17 17 17 16 16 16 16 16 16 16 16 16 16 16 16 16 16 16 16 17 17 17 17 17 17 17 17 17 17 17 17 17 17 17 17 18 18 18 18 18 18 18 18 18 18 18 18 18 18 18 18 18 18 18 18 18 18 18 18 17 18 18 19 19 20 20 21 21 20 20 20 21 22 23 24 28 29 30 32 34 36 38 39 41 44 48 50 51 54 57 60 63 67 72 75 77 79 82 85 91 94 98 101 102 104 106 109 111 111 112 113 114 115 116 116 116 115 115 114 113 112 111 110 110 104 105 103 97 99 97 82 65 46 48 52 40 39 45 38 32 31 30 28 27 26 25 25 31 29 26 25 25 26 27 27 25 25 26 26 27 27 28 28 21 22 23 24 25 26 27 28 35 37 40 42 43 44 43 43 44 44 38 29 27 35 44 48 51 68 74 87 95 112 130 107 4 13 18 16 13 14 15 13 14 14 14 14 14 14 14 14 14 14 14 14 14 14 14 14 15 16 16 16 17 17 17 18 20 20 20 20 20 20 20 20 19 19 19 20 20 21 21 21 19 19 19 20 20 21 21 21 20 22 23 23 22 23 26 29 30 33 36 38 41 45 50 53 57 61 66 71 76 82 89 94 98 102 107 112 115 120 125 129 131 132 134 137 140 143 145 146 146 147 148 149 149 148 146 145 144 141 139 137 136 133 129 125 122 120 116 111 106 101 97 95 85 83 79 73 68 64 62 60 55 51 46 43 41 38 35 33 31 30 28 25 23 22 22 22 18 18 17 17 16 16 16 16 17 16 16 16 15 15 15 14 14 14 14 13 13 13 12 12 12 12 13 13 13 14 14 14 13 13 13 13 13 13 13 13 13 13 13 13 13 13 13 13 12 12 12 11 11 10 10
74 74 72 70 68 66 64 63 61 60 58 56 53 51 49 48 45 44 43 41 39 37 35 34 30 29 28 27 25 24 23 22 21 21 20 19 19 18 17 17 17 17 17 17 17 17 17 17 17 17 17 17 17 17 17 17 16 16 16 16 16 16 16 16 16 16 16 16 16 16 16 16 17 17 17 17 17 17 17 17 17 17 17 17 17 17 17 17 18 18 18 18 18 18 18 18 18 18 18 18 18 18 18 18 18 18 18 18 18 18 18 18 16 17 17 18 19 20 21 21 20 20 20 20 20 21 22 23 27 28 30 32 35 37 39 39 40 43 46 48 49 52 55 58 60 64 69 72 74 76 79 82 88 92 96 99 100 102 104 107 111 111 112 113 114 115 116 116 116 116 115 114 113 112 112 111 110 104 105 104 97 100 98 83 75 53 56 62 47 45 52 44 34 33 31 29 28 27 27 26 32 30 29 28 30 32 33 32 25 25 24 23 23 24 25 25 24 25 26 27 29 30 31 32 41 41 40 39 40 41 42 44 35 38 36 32 34 42 49 51 55 68 70 83 98 121 141 116 4 13 18 16 13 14 15 13 14 14 14 14 14 14 14 14 14 14 14 14 14 14 14 14 16 16 16 17 17 17 18 18 20 20 20 20 20 20 20 20 19 19 19 20 20 21 21 21 19 19 19 20 20 21 21 21 20 22 23 23 22 23 25 28 29 32 35 38 40 44 49 53 56 60 65 70 75 81 88 93 98 101 107 111 115 120 125 129 130 131 134 136 140 143 145 146 146 147 148 149 149 148 146 145 146 143 141 139 138 135 131 128 126 124 120 115 109 104 101 99 88 86 81 76 71 67 65 63 58 54 49 45 43 41 38 35 32 30 28 26 24 23 22 22 18 18 17 17 16 16 16 16 17 16 16 16 15 15 15 14 14 14 14 13 13 13 12 12 12 12 13 13 13 14 14 14 13 13 13 13 13 13 13 13 13 13 13 13 13 13 13 13 12 12 12 11 11 10 10
76 75 74 72 70 69 67 67 63 62 61 59 57 55 53 52 48 46 43 41 40 39 36 33 34 33 31 30 27 26 24 23 22 22 22 21 21 20 20 19 18 18 18 18 18 17 17 17 17 17 17 17 17 17 17 17 17 17 17 17 17 17 17 17 16 16 16 16 16 16 16 16 16 16 16 16 16 16 16 16 16 16 16 17 17 17 18 18 17 17 17 17 17 17 17 17 18 18 18 18 18 18 18 18 18 18 18 18 18 18 18 18 18 18 18 18 18 18 18 18 19 19 20 20 20 21 21 21 23 24 26 28 30 33 34 35 37 38 41 44 47 50 52 53 59 62 66 68 70 72 76 79 84 87 90 93 95 97 101 104 107 108 109 111 112 114 115 116 116 116 116 116 116 115 115 115 113 107 105 108 108 101 94 92 79 67 71 65 55 34 59 40 40 33 31 35 33 26 21 23 27 29 32 33 31 28 24 21 21 21 23 24 26 28 29 30 27 26 24 22 22 26 34 40 33 44 48 40 37 45 50 47 49 45 44 38 32 44 54 47 53 60 73 85 95 105 118 128 5 23 19 7 28 5 11 12 14 14 14 14 14 14 14 14 14 15 15 15 16 16 16 17 17 17 17 18 18 18 19 19 20 20 20 20 20 20 20 20 21 21 21 21 21 21 21 21 20 20 20 20 20 20 20 20 21 22 22 23 24 25 25 26 28 30 33 35 37 40 45 48 51 55 60 65 71 77 84 89 94 98 103 107 110 114 119 123 128 130 133 137 140 142 144 144 145 146 148 150 150 150 149 148 144 143 143 141 139 136 134 132 129 128 125 121 116 110 106 103 94 92 89 84 78 73 69 67 64 60 55 50 47 44 40 37 35 32 29 27 26 25 23 21 22 21 20 19 18 17 16 16 15 15 15 14 14 14 13 13 13 13 13 13 13 13 13 13 13 13 13 13 13 13 13 13 13 13 13 13 13 13 13 13 13 13 13 13 13 13 13 13 12 12 12 11 11 10 10
77 76 75 73 71 70 68 68 64 63 62 60 58 56 55 54 51 48 45 44 43 41 38 36 35 34 33 31 29 27 25 24 23 23 22 22 21 20 20 20 18 18 18 18 18 17 17 17 17 17 17 17 17 17 17 17 17 17 17 17 17 17 17 17 16 16 16 16 16 16 16 16 16 16 16 16 16 16 16 16 15 16 16 16 17 17 17 18 17 17 17 17 17 17 17 17 18 18 18 18 18 18 18 18 18 18 18 18 18 18 18 18 18 18 18 18 18 18 18 18 19 19 19 20 20 20 21 21 23 24 26 28 30 32 33 34 35 36 39 41 44 47 49 51 57 60 63 66 67 69 73 76 81 84 88 90 92 95 98 101 105 105 107 108 110 112 113 114 116 116 116 116 115 115 115 115 113 108 106 109 107 99 92 89 77 76 73 59 63 56 76 48 38 30 25 27 26 21 20 23 26 26 27 26 26 24 23 22 26 28 31 33 33 30 26 24 32 32 30 28 26 28 32 35 39 44 46 46 49 55 57 55 58 52 52 45 38 47 55 48 46 52 66 81 90 96 110 126 19 11 18 7 21 7 12 17 14 14 14 14 14 14 14 14 14 15 15 15 16 16 16 17 17 17 17 18 18 18 19 19 20 20 20 20 20 20 20 20 21 21 21 21 21 21 21 21 20 20 20 20 20 20 20 20 21 22 22 23 24 24 25 25 28 30 33 35 36 40 44 48 50 54 59 64 69 75 82 87 92 95 100 104 108 112 117 121 126 128 131 135 138 141 142 143 145 146 149 150 151 150 149 148 146 145 145 143 141 138 136 134 132 130 128 123 118 113 109 106 98 96 92 87 82 77 73 71 67 63 58 53 50 47 43 40 38 35 31 29 28 28 26 24 22 22 21 20 18 17 16 16 16 15 15 15 14 14 14 13 13 13 13 13 13 13 13 13 13 13 13 13 13 13 13 13 13 13 13 13 13 13 13 13 13 13 13 13 13 13 13 13 12 12 12 11 11 10 10
78 77 76 74 73 71 70 69 67 66 64 62 60 58 57 56 55 52 49 47 47 45 42 39 37 36 35 33 31 29 27 26 25 24 24 23 22 21 21 20 19 19 19 18 18 18 17 17 17 17 17 17 17 17 17 17 17 17 17 17 17 17 17 17 16 16 16 16 16 16 16 16 16 16 16 16 16 16 16 16 15 15 16 16 16 17 17 17 17 17 17 17 17 17 17 17 18 18 18 18 18 18 18 18 18 18 18 18 18 18 18 18 18 18 18 18 18 18 18 18 19 19 19 19 20 20 20 21 23 23 25 27 29 31 32 33 33 34 36 39 42 45 47 48 53 56 60 62 64 66 70 72 77 80 84 87 89 91 95 98 102 102 104 106 108 110 111 112 115 115 115 115 115 115 115 115 113 109 109 111 107 97 88 85 79 86 75 58 80 84 96 59 44 36 28 26 25 22 23 26 27 26 24 23 23 24 25 26 32 32 33 33 31 29 27 25 30 32 33 32 30 29 29 31 44 41 43 51 56 56 55 56 72 69 70 62 47 48 55 50 45 49 66 85 91 92 108 131 48 1 22 12 15 10 11 22 14 14 14 14 14 14 14 14 14 15 15 15 16 16 16 17 17 17 17 18 18 18 19 19 20 20 20 20 20 20 20 20 21 21 21 21 21 21 21 21 20 20 20 20 20 20 20 20 21 21 22 23 23 24 25 25 27 29 32 34 35 38 43 46 48 52 57 62 67 73 79 84 88 92 97 101 105 109 114 118 123 125 129 133 136 139 141 142 145 146 149 151 151 151 150 149 147 147 146 145 143 141 138 137 135 134 131 127 122 117 113 110 102 100 96 91 86 81 77 75 71 67 61 57 54 50 47 44 41 38 34 32 31 30 28 26 23 22 22 20 19 18 17 17 16 16 15 15 15 14 14 14 14 14 14 14 14 14 14 14 14 14 14 14 14 14 14 14 13 13 13 13 13 13 13 13 13 13 13 13 13 13 13 13 12 12 12 11 11 10 10
79 78 77 76 75 73 72 72 70 69 67 65 63 61 60 59 57 54 51 50 49 47 44 42 40 39 37 35 33 31 30 29 27 26 25 24 23 22 21 21 20 20 20 19 18 18 17 17 17 17 17 17 17 17 17 17 17 17 17 17 17 17 17 17 16 16 16 16 16 16 16 16 16 16 16 16 16 16 16 16 15 15 15 16 16 16 17 17 17 17 17 17 17 17 17 17 18 18 18 18 18 18 18 18 18 18 18 18 18 18 18 18 18 18 18 18 18 18 18 18 18 18 19 19 19 20 20 20 22 23 24 25 27 29 30 31 33 34 36 38 41 43 45 46 51 54 57 60 61 63 67 70 74 77 81 84 86 89 93 96 100 101 102 105 107 109 111 112 114 114 114 115 115 115 115 115 114 111 111 112 107 95 87 84 86 89 80 74 107 107 109 70 52 45 37 33 30 28 27 28 27 27 26 26 26 28 29 30 33 31 27 25 25 27 30 32 29 32 36 37 35 33 33 33 47 44 49 61 64 58 59 66 91 93 100 88 59 48 53 52 54 57 74 94 98 96 114 141 78 1 27 20 14 14 11 21 14 14 14 14 14 14 14 14 14 15 15 15 16 16 16 17 17 17 17 18 18 18 19 19 20 20 20 20 20 20 20 20 21 21 21 21 21 21 21 21 20 20 20 20 20 20 20 20 20 21 21 22 23 24 24 25 26 28 31 33 34 37 41 44 46 49 54 59 63 69 76 80 85 89 94 98 102 107 112 116 120 123 127 131 135 139 141 142 144 146 148 150 151 151 150 150 147 147 147 146 144 142 140 138 137 136 133 129 125 120 116 113 106 104 100 95 90 85 81 79 74 70 64 60 57 53 49 47 43 40 36 34 33 31 29 27 24 23 22 21 20 19 18 18 16 16 16 15 15 15 14 14 14 14 14 14 14 14 14 14 14 14 14 14 14 14 14 14 13 13 13 13 13 13 13 13 13 13 13 13 13 13 13 13 12 12 12 11 11 10 10
80 80 79 78 77 76 75 74 73 72 71 69 67 65 63 63 59 56 53 52 51 49 46 44 42 42 40 38 36 34 33 32 29 28 27 26 25 23 22 22 22 21 21 20 19 18 17 17 17 17 17 17 17 17 17 17 17 17 17 17 17 17 17 17 16 16 16 16 16 16 16 16 16 16 16 16 16 16 16 16 14 14 15 15 15 16 16 16 17 17 17 17 17 17 17 17 18 18 18 18 18 18 18 18 18 18 18 18 18 18 18 18 18 18 18 18 18 18 18 18 18 18 18 18 19 19 20 20 21 22 23 24 26 27 28 29 33 34 36 38 40 42 44 45 49 52 55 58 59 62 65 68 71 74 79 82 84 88 92 95 99 100 102 104 107 109 111 112 113 113 113 114 115 115 115 116 115 113 113 113 106 95 88 87 94 88 91 106 136 123 123 86 48 44 39 34 32 31 28 25 25 26 28 29 30 30 29 29 31 31 30 30 30 30 31 32 33 36 38 39 37 36 37 38 48 53 66 81 84 81 90 105 113 122 134 120 78 53 54 56 61 65 79 94 97 98 117 143 93 1 23 22 16 16 13 18 14 14 14 14 14 14 14 14 14 15 15 15 16 16 16 17 17 17 17 18 18 18 19 19 20 20 20 20 20 20 20 20 21 21 21 21 21 21 21 21 20 20 20 20 20 20 20 20 20 20 21 22 22 23 24 24 26 28 30 31 32 35 39 42 43 47 51 56 60 65 72 76 81 85 91 95 100 104 110 114 118 120 124 129 134 138 141 142 143 144 147 149 151 151 150 149 147 147 146 145 144 142 140 139 138 137 134 131 127 122 118 116 109 107 104 99 93 88 84 82 76 72 67 62 59 56 52 49 45 42 37 35 33 32 29 27 25 24 23 22 21 20 19 18 17 17 16 16 16 15 15 15 15 15 15 15 15 15 15 15 15 15 15 15 15 15 15 15 13 13 13 13 13 13 13 13 13 13 13 13 13 13 13 13 12 12 12 11 11 10 10
81 81 80 79 79 78 77 77 76 75 74 72 70 68 67 66 61 59 56 54 53 52 49 46 45 44 43 41 39 37 35 35 31 30 29 27 26 24 23 22 23 22 21 20 19 18 17 17 17 17 17 17 17 17 17 17 17 17 17 17 17 17 17 17 16 16 16 16 16 16 16 16 16 16 16 16 16 16 16 16 14 14 14 15 15 15 16 16 17 17 17 17 17 17 17 17 18 18 18 18 18 18 18 18 18 18 18 18 18 18 18 18 18 18 18 18 18 18 18 18 17 17 18 18 18 19 19 19 20 21 22 23 24 25 26 27 32 33 35 37 39 41 42 43 46 49 53 55 57 59 63 66 68 71 76 79 82 86 90 93 97 98 100 103 106 108 110 111 112 112 113 113 114 115 116 116 116 114 113 113 106 96 91 93 97 87 113 143 159 142 151 109 48 47 42 34 31 31 28 22 24 25 27 29 29 29 28 27 31 35 41 45 44 39 33 29 37 37 36 34 33 35 40 44 55 68 87 102 108 115 131 148 140 149 164 151 104 70 63 62 62 67 76 83 86 93 113 132 98 2 12 17 18 15 19 15 14 14 14 14 14 14 14 14 14 15 15 15 16 16 16 17 17 17 17 18 18 18 19 19 20 20 20 20 20 20 20 20 21 21 21 21 21 21 21 21 20 20 20 20 20 20 20 20 19 20 20 21 22 23 23 24 25 27 29 30 31 33 37 40 41 44 49 53 57 62 68 73 77 81 86 91 96 101 106 110 114 116 121 126 132 136 139 140 140 142 145 147 149 149 149 148 147 147 147 146 145 143 141 140 140 139 137 133 129 125 121 119 113 111 107 102 97 92 88 86 79 75 70 65 62 59 55 52 47 44 39 36 35 33 30 28 26 25 24 23 22 21 20 19 17 17 17 16 16 16 15 15 15 15 15 15 15 15 15 15 15 15 15 15 15 15 15 15 13 13 13 13 13 13 13 13 13 13 13 13 13 13 13 13 12 12 12 11 11 10 10
82 82 81 81 80 79 79 79 79 78 76 74 72 70 69 68 65 62 59 58 57 55 52 50 47 46 45 43 41 39 38 37 32 31 30 28 27 25 24 23 23 23 22 21 19 18 17 16 17 17 17 17 17 17 17 17 17 17 17 17 17 17 17 17 16 16 16 16 16 16 16 16 16 16 16 16 16 16 16 16 13 14 14 14 15 15 15 16 17 17 17 17 17 17 17 17 18 18 18 18 18 18 18 18 18 18 18 18 18 18 18 18 18 18 18 18 18 18 18 18 17 17 17 18 18 18 19 19 20 20 21 22 23 24 25 25 30 31 33 34 36 38 39 40 43 46 49 52 53 56 59 62 64 67 72 76 79 82 87 90 94 95 97 100 103 106 108 109 111 111 112 113 114 115 116 116 116 114 114 113 106 98 96 100 93 91 139 171 170 167 192 136 78 75 64 49 41 39 35 27 29 29 28 28 28 29 30 31 36 39 44 47 48 46 42 40 45 43 40 38 40 49 61 70 88 103 118 126 134 147 162 171 165 168 181 175 134 96 78 68 63 71 74 71 75 91 110 120 111 25 7 12 21 11 24 12 14 14 14 14 14 14 14 14 14 15 15 15 16 16 16 17 17 17 17 18 18 18 19 19 20 20 20 20 20 20 20 20 21 21 21 21 21 21 21 21 20 20 20 20 20 20 20 20 19 19 20 21 22 22 23 23 24 26 28 29 30 32 35 39 39 42 46 50 54 59 65 70 71 75 81 86 90 96 101 105 109 111 116 122 128 132 136 137 138 140 143 146 147 148 148 147 148 148 149 148 147 145 144 143 143 142 140 137 133 129 125 123 118 116 112 107 102 97 93 91 83 79 74 69 66 63 59 56 51 47 42 39 38 36 33 30 26 26 25 24 23 21 21 20 18 17 17 17 16 16 16 15 15 15 15 15 15 15 15 15 15 15 15 15 15 15 15 15 13 13 13 13 13 13 13 13 13 13 13 13 13 13 13 13 12 12 12 11 11 10 10
83 82 82 81 81 80 80 80 80 79 78 76 74 72 70 69 68 65 62 60 60 58 55 52 48 47 46 44 42 40 39 38 33 32 31 29 27 25 24 23 24 23 22 21 19 18 17 16 17 17 17 17 17 17 17 17 17 17 17 17 17 17 17 17 16 16 16 16 16 16 16 16 16 16 16 16 16 16 16 16 13 13 14 14 14 15 15 15 17 17 17 17 17 17 17 17 18 18 18 18 18 18 18 18 18 18 18 18 18 18 18 18 18 18 18 18 18 18 18 18 17 17 17 17 18 18 19 19 19 20 21 21 22 23 24 24 29 29 31 32 34 36 37 38 40 43 47 49 50 53 56 59 61 65 69 73 76 80 84 88 92 93 95 98 101 104 106 107 111 111 112 113 114 115 116 116 117 114 113 112 106 99 99 104 88 95 158 185 174 186 223 156 116 109 91 68 55 50 44 35 37 34 31 29 29 31 35 37 41 40 38 38 41 47 53 57 58 56 52 52 59 74 93 106 130 143 150 149 155 170 179 178 180 178 189 187 155 117 90 72 68 77 76 67 72 94 112 116 127 50 10 11 24 8 27 9 14 14 14 14 14 14 14 14 14 15 15 15 16 16 16 17 17 17 17 18 18 18 19 19 20 20 20 20 20 20 20 20 21 21 21 21 21 21 21 21 20 20 20 20 20 20 20 20 19 19 20 21 21 22 23 23 24 26 28 29 29 31 35 38 38 41 45 49 53 58 64 68 67 71 77 82 87 92 98 102 105 108 113 119 124 129 133 134 137 139 141 144 146 147 147 146 150 150 150 150 149 148 146 145 145 144 142 139 136 131 128 126 121 119 115 110 105 100 96 94 86 82 76 72 69 65 62 59 53 50 45 42 40 38 35 33 27 26 25 24 23 22 21 20 18 18 17 17 17 16 16 16 16 16 16 16 16 16 16 16 16 16 16 16 16 16 16 16 13 13 13 13 13 13 13 13 13 13 13 13 13 13 13 13 12 12 12 11 11 10 10
83 83 83 83 83 83 83 83 81 81 81 80 78 76 74 73 69 69 67 65 63 60 57 55 55 53 50 48 47 45 42 40 39 38 36 34 32 30 29 28 26 25 24 22 21 20 20 20 17 17 17 18 18 18 18 18 18 18 17 17 16 16 16 16 16 16 16 16 16 16 16 16 16 16 16 16 16 16 16 16 13 13 13 14 15 15 16 16 16 16 16 16 16 16 16 16 18 18 18 18 18 18 18 18 17 17 17 17 17 17 17 17 18 18 18 18 18 18 18 18 18 18 18 18 18 18 18 18 19 19 20 20 20 21 21 21 24 25 26 28 30 32 34 34 39 42 46 48 49 52 55 58 61 63 67 69 71 75 80 84 86 87 90 94 98 102 105 106 108 109 111 113 114 115 115 115 115 132 102 117 114 95 122 105 97 139 179 193 195 200 200 194 168 118 121 94 50 50 47 49 50 45 37 34 35 39 43 45 46 51 57 61 64 69 78 84 75 79 85 89 97 116 141 160 174 178 182 183 182 181 184 187 192 182 177 186 174 124 85 84 87 89 89 87 88 99 116 129 141 77 2 23 17 13 17 16 14 14 14 14 14 14 15 15 15 15 15 15 15 15 15 15 17 17 17 18 18 18 19 19 19 19 19 19 19 19 19 19 20 20 20 20 20 20 20 20 20 20 20 20 20 20 20 20 20 20 21 21 21 22 22 22 24 24 25 26 28 30 32 34 37 39 43 45 48 52 57 60 64 68 74 79 83 88 93 97 99 103 109 113 117 122 127 131 130 133 137 140 141 143 145 148 151 151 152 152 151 150 149 148 148 147 145 143 139 136 132 130 127 123 118 113 109 105 100 96 91 87 82 78 75 70 65 61 57 54 50 47 45 42 38 35 31 30 29 27 25 24 22 22 19 19 18 18 17 17 16 16 18 17 17 17 16 16 16 15 14 14 14 14 14 14 14 14 15 15 15 14 14 14 13 13 13 13 13 13 13 13 13 13 12 12 12 11 11 10 10
82 83 83 83 83 83 84 84 83 83 83 82 81 79 77 76 72 71 70 68 66 63 60 58 58 55 52 50 49 47 44 42 39 38 37 35 32 30 28 28 26 25 23 22 20 20 20 20 17 18 18 18 18 18 18 18 18 18 17 17 16 16 16 16 16 16 16 16 16 16 16 16 15 15 15 15 15 15 15 15 14 14 14 14 15 15 15 15 15 15 15 15 15 15 15 15 18 18 18 18 18 18 18 18 17 17 17 17 17 17 17 17 18 18 18 18 18 18 18 18 18 18 18 18 18 18 18 18 19 19 19 20 20 20 21 21 24 24 26 28 30 32 33 34 37 40 43 46 47 49 52 55 58 60 64 66 69 72 77 81 84 86 89 93 97 101 104 105 107 108 110 112 114 114 115 115 112 124 108 119 118 107 128 120 120 156 188 196 195 200 201 196 179 145 149 116 72 73 63 49 58 53 47 44 46 50 53 55 62 69 76 81 83 86 91 96 91 100 112 121 129 142 159 173 180 182 185 185 183 182 184 186 190 182 178 187 178 132 95 93 91 93 95 94 95 104 119 132 139 89 3 12 13 15 18 14 18 18 17 16 14 13 12 11 16 16 16 16 16 16 16 16 17 17 17 18 18 18 19 19 19 19 19 19 19 19 19 19 20 20 20 20 20 20 20 20 20 20 20 20 20 20 20 20 20 20 21 21 21 22 22 22 24 24 25 26 28 30 32 33 36 39 42 44 47 50 55 59 61 65 70 75 79 84 90 93 97 101 106 111 115 119 125 129 129 132 137 139 141 142 145 147 150 151 151 151 151 150 149 149 148 147 146 143 140 137 134 132 130 126 121 116 113 108 103 99 95 91 86 82 78 74 69 65 60 57 53 50 48 45 41 37 32 31 30 28 26 25 23 23 20 19 19 18 18 17 17 16 18 18 17 17 17 16 16 16 14 14 14 14 14 14 14 14 16 15 15 15 14 14 14 13 13 13 13 13 13 13 13 13 12 12 12 11 11 10 10
82 82 83 83 84 84 84 85 85 85 85 85 84 82 80 79 75 75 74 72 70 67 64 63 61 58 55 53 52 50 47 44 40 39 38 35 33 30 29 28 26 25 23 22 20 20 20 20 18 18 18 18 18 18 18 18 18 18 17 17 16 16 16 16 16 16 16 16 16 16 16 16 15 15 15 15 15 15 15 15 15 15 15 15 14 14 14 14 15 15 15 15 15 15 15 15 17 17 17 17 17 17 17 17 17 17 17 17 17 17 17 17 18 18 18 18 18 18 18 18 18 18 18 18 18 18 18 18 19 19 19 19 20 20 20 21 22 23 25 27 29 31 32 33 34 37 40 42 44 46 49 52 54 57 60 63 65 69 74 78 82 83 86 90 94 98 101 103 105 106 108 111 112 113 114 114 105 109 108 111 112 114 123 126 139 169 193 194 193 199 202 198 205 179 166 119 73 75 72 58 62 58 54 52 55 59 61 62 74 82 91 97 98 99 102 105 108 120 138 151 159 166 175 182 188 189 190 188 185 184 184 185 186 182 180 188 182 143 108 106 97 101 105 106 106 113 126 136 157 125 22 13 17 17 18 13 19 19 18 17 15 14 13 13 16 16 16 16 16 16 16 16 17 17 17 18 18 18 19 19 19 19 19 19 19 19 19 19 20 20 20 20 20 20 20 20 20 20 20 20 20 20 20 20 20 20 21 21 21 22 22 22 24 24 25 26 27 29 31 32 35 37 40 42 44 48 52 56 57 60 66 70 74 79 84 88 93 97 102 107 111 116 121 125 127 131 135 138 140 141 144 147 148 149 150 151 151 150 149 149 148 148 147 145 142 139 136 134 133 130 125 120 117 113 108 104 100 96 91 86 83 79 74 70 64 60 56 53 51 47 43 40 35 34 32 30 28 26 25 24 21 21 20 19 19 18 17 17 18 18 18 17 17 16 16 16 15 15 15 15 15 15 15 15 16 16 15 15 15 14 14 14 13 13 13 13 13 13 13 13 12 12 12 11 11 10 10
82 82 83 84 84 85 85 86 86 86 87 86 85 84 82 81 77 77 76 75 73 70 68 66 64 61 58 55 54 52 48 45 42 41 39 37 34 32 30 29 27 26 24 22 21 20 20 20 19 19 19 19 18 18 18 18 18 18 17 17 16 16 16 16 16 16 16 16 16 16 16 16 15 15 15 15 15 15 15 15 16 16 15 15 14 13 13 13 15 15 15 15 15 15 15 15 17 17 17 17 17 17 17 17 17 17 17 17 17 17 17 17 18 18 18 18 18 18 18 18 18 18 18 18 18 18 18 18 18 18 19 19 19 20 20 20 21 22 23 25 27 29 31 32 33 36 39 40 41 43 46 49 52 54 58 60 63 66 71 75 79 80 83 87 91 95 98 100 103 104 106 109 111 112 112 113 117 112 119 114 117 128 128 138 143 169 188 189 189 199 203 199 214 196 179 137 87 71 69 64 69 66 63 63 67 70 72 73 83 90 99 105 108 111 115 119 127 139 155 168 175 180 186 190 196 195 193 190 187 185 184 184 184 183 181 186 183 151 120 116 105 110 116 118 119 123 133 141 158 138 24 15 22 13 17 19 15 15 16 16 17 18 18 19 16 16 16 16 16 16 16 16 17 17 17 18 18 18 19 19 19 19 19 19 19 19 19 19 20 20 20 20 20 20 20 20 20 20 20 20 20 20 20 20 20 20 21 21 21 22 22 22 25 24 25 25 27 29 30 31 33 36 38 40 41 44 49 52 53 57 62 66 70 74 79 83 89 93 99 103 107 112 117 121 124 128 132 136 137 139 142 145 146 147 148 149 150 150 150 149 149 148 148 146 144 141 139 137 136 133 128 124 120 116 112 108 104 100 95 91 87 83 78 74 67 64 59 56 53 50 45 42 38 37 35 33 31 29 27 26 23 23 22 21 20 19 18 18 19 18 18 18 17 17 17 16 15 15 15 15 15 15 15 15 16 16 16 15 15 15 14 14 13 13 13 13 13 13 13 13 12 12 12 11 11 10 10
82 82 83 84 85 86 86 87 86 87 87 87 86 85 84 83 79 79 78 77 75 73 71 69 67 64 60 58 56 54 50 47 46 44 42 39 36 34 31 30 28 27 25 24 22 22 22 22 21 20 20 19 19 18 18 18 18 18 17 17 16 16 16 16 16 16 16 16 16 16 16 16 14 14 14 14 14 14 14 14 16 16 15 15 14 13 13 13 14 14 14 14 14 14 14 14 16 16 16 16 16 16 16 16 17 17 17 17 17 17 17 17 18 18 18 18 18 18 18 18 18 18 18 18 18 18 18 18 18 18 18 18 19 19 20 20 20 20 22 24 26 28 29 30 32 35 38 39 40 41 44 47 50 53 56 59 61 65 70 73 75 77 80 84 88 92 95 96 100 102 104 107 109 110 111 111 112 109 117 111 111 121 123 136 144 168 185 186 189 199 202 196 200 197 196 184 138 89 76 76 85 82 79 80 83 87 89 90 97 104 111 117 122 129 138 144 153 160 170 178 184 190 197 203 201 198 195 191 188 186 185 184 184 186 182 182 180 156 129 123 114 121 128 131 131 133 141 147 168 148 26 22 28 11 22 23 14 15 15 16 17 18 19 19 17 17 17 17 17 17 17 17 17 17 17 18 18 18 19 19 19 19 19 19 19 19 19 19 20 20 20 20 20 20 20 20 20 20 20 20 20 20 20 20 20 20 21 21 21 22 22 22 25 25 25 25 26 28 29 30 32 34 36 37 38 41 45 48 50 53 58 63 66 70 75 79 86 90 95 100 104 108 114 117 120 124 129 132 134 136 140 142 144 145 147 148 149 150 150 150 149 149 149 148 146 144 142 140 138 135 130 126 123 120 115 111 108 104 99 95 91 87 82 78 70 67 62 59 56 52 48 44 42 41 39 36 34 31 29 28 25 25 24 23 21 20 19 18 19 19 19 18 18 17 17 17 16 16 16 16 16 16 16 16 17 17 16 16 16 15 15 15 13 13 13 13 13 13 13 13 12 12 12 11 11 10 10
82 82 83 84 85 87 87 88 87 88 88 89 88 87 86 85 81 81 81 80 78 76 74 73 71 68 64 62 60 57 53 50 49 48 46 43 39 36 34 33 30 29 27 26 24 24 24 24 22 21 21 20 19 18 18 18 18 18 17 17 16 16 16 16 16 16 16 16 16 16 16 16 14 14 14 14 14 14 14 14 15 15 15 15 14 14 14 14 14 14 14 14 14 14 14 14 16 16 16 16 16 16 16 16 17 17 17 17 17 17 17 17 18 18 18 18 18 18 18 18 18 18 18 18 18 18 18 18 17 17 18 18 18 19 19 19 18 19 21 23 25 27 28 29 31 33 36 37 38 39 42 44 47 50 53 56 58 62 67 71 72 74 77 81 85 89 92 93 98 99 102 105 107 109 110 110 106 121 129 127 115 109 123 134 154 174 188 187 190 200 202 193 196 199 195 202 170 115 106 112 98 94 90 90 93 98 101 102 109 116 124 131 137 146 157 165 171 174 178 182 187 193 200 205 202 198 193 190 188 187 185 183 184 188 182 177 177 161 139 132 125 132 140 143 142 144 150 156 190 162 25 14 14 2 15 1 17 17 17 16 16 15 15 15 17 17 17 17 17 17 17 17 17 17 17 18 18 18 19 19 19 19 19 19 19 19 19 19 20 20 20 20 20 20 20 20 20 20 20 20 20 20 20 20 20 20 21 21 21 22 22 22 25 25 24 25 26 27 28 29 30 32 34 35 35 37 41 44 46 50 54 58 62 65 70 74 81 84 90 94 99 103 109 112 116 119 124 128 130 133 136 139 142 143 145 147 149 150 150 150 150 150 150 149 148 146 144 143 141 138 133 130 127 123 119 115 112 108 103 99 95 91 86 82 75 72 67 63 60 56 51 48 45 44 42 39 36 34 32 30 27 27 25 24 22 21 20 19 19 19 19 19 18 18 18 17 16 16 16 16 16 16 16 16 17 17 17 16 16 16 15 15 13 13 13 13 13 13 13 13 12 12 12 11 11 10 10
82 82 83 84 86 87 88 89 90 90 91 91 91 90 89 88 85 85 85 84 82 80 78 77 77 74 70 67 65 62 58 55 52 51 49 45 42 39 36 35 32 31 29 28 27 26 26 26 22 22 21 20 19 19 18 17 18 18 17 17 16 16 16 16 16 16 16 16 16 16 16 16 13 13 13 13 13 13 13 13 14 14 14 14 15 15 15 15 13 13 13 13 13 13 13 13 16 16 16 16 16 16 16 16 17 17 17 17 17 17 17 17 18 18 18 18 18 18 18 18 18 18 18 18 18 18 18 18 17 17 17 18 18 18 19 19 17 18 20 21 24 25 27 28 28 31 33 34 34 36 38 40 44 47 50 53 55 59 64 67 70 71 74 78 82 86 89 91 96 98 100 103 106 108 109 109 127 171 181 182 146 114 141 152 162 179 188 186 190 202 204 196 201 206 186 192 178 140 137 136 109 105 100 98 101 106 110 112 119 126 137 146 153 161 170 177 176 179 183 187 190 193 196 199 201 196 190 187 187 187 185 183 185 190 181 173 175 166 149 143 136 143 151 153 152 154 160 166 182 154 13 4 21 52 81 19 16 16 15 15 15 15 14 14 18 18 18 18 18 18 18 18 17 17 17 18 18 18 19 19 19 19 19 19 19 19 19 19 20 20 20 20 20 20 20 20 20 20 20 20 20 20 20 20 20 20 21 21 21 22 22 22 25 25 24 24 25 26 28 28 29 31 33 33 33 35 38 41 42 45 50 54 57 60 65 69 75 78 84 89 93 97 103 106 112 116 121 124 127 130 133 136 140 142 144 146 148 149 150 150 150 151 151 150 150 148 147 146 145 142 137 134 131 128 123 120 117 113 108 104 100 96 91 87 81 77 72 68 65 61 56 52 47 46 44 41 38 35 33 32 29 28 27 25 23 22 20 20 20 20 19 19 19 18 18 18 17 17 17 17 17 17 17 17 18 17 17 17 16 16 16 15 13 13 13 13 13 13 13 13 12 12 12 11 11 10 10
82 82 83 85 86 87 89 89 92 92 93 94 93 93 92 91 87 87 87 87 85 83 81 80 81 77 73 70 68 65 61 58 54 53 50 47 44 40 38 36 34 32 31 29 28 27 27 27 23 22 22 21 20 19 18 17 18 18 17 17 16 16 16 16 16 16 16 16 16 16 16 16 13 13 13 13 13 13 13 13 13 13 13 14 15 15 16 16 13 13 13 13 13 13 13 13 15 15 15 15 15 15 15 15 17 17 17 17 17 17 17 17 18 18 18 18 18 18 18 18 18 18 18 18 18 18 18 18 17 17 17 17 18 18 19 19 17 18 19 21 23 25 26 27 26 28 31 32 32 33 35 38 41 44 47 50 52 56 61 65 69 70 73 77 81 85 88 89 95 97 99 103 105 107 108 109 132 197 208 210 155 101 137 146 164 178 185 182 188 203 208 201 197 212 190 196 195 164 152 130 122 117 111 108 111 116 121 124 129 138 150 160 167 174 181 186 180 185 191 196 198 198 197 196 200 194 188 186 186 187 185 183 184 190 181 171 175 170 157 151 144 151 158 160 158 160 166 172 170 153 24 33 88 176 231 147 10 11 12 13 15 16 17 18 18 18 18 18 18 18 18 18 17 17 17 18 18 18 19 19 19 19 19 19 19 19 19 19 20 20 20 20 20 20 20 20 20 20 20 20 20 20 20 20 20 20 21 21 21 22 22 22 25 25 24 24 25 26 27 28 29 30 32 32 32 33 36 39 38 42 46 50 53 57 61 65 70 74 80 84 88 93 98 102 109 113 118 122 125 128 131 134 139 141 143 146 148 149 150 150 151 151 151 151 150 149 148 147 148 144 140 137 134 131 127 123 120 117 112 107 104 99 94 91 85 81 76 72 69 65 60 56 49 48 45 42 39 36 34 33 30 29 28 26 24 22 21 20 20 20 20 19 19 18 18 18 17 17 17 17 17 17 17 17 18 18 17 17 17 16 16 16 13 13 13 13 13 13 13 13 12 12 12 11 11 10 10
80 81 82 84 87 89 90 91 92 92 94 95 95 95 95 95 93 93 92 91 89 87 85 83 79 78 76 73 69 66 64 63 59 56 53 50 49 47 44 41 39 37 35 32 30 28 28 27 24 23 22 20 19 19 19 19 19 19 18 18 18 17 17 17 16 16 16 16 16 16 16 16 14 14 14 13 13 13 12 12 13 13 13 13 13 13 13 13 13 13 13 13 13 13 13 13 13 13 14 14 15 15 15 15 17 17 17 17 17 17 17 17 17 17 17 17 17 17 17 17 17 17 17 17 17 17 17 17 17 17 17 17 17 17 17 17 17 18 19 20 21 22 22 23 26 27 29 30 33 34 36 37 39 41 44 46 47 50 54 58 63 65 68 72 76 80 82 84 90 93 97 102 105 106 106 106 136 219 155 160 149 103 125 145 169 180 184 182 187 200 203 197 196 192 186 182 180 174 166 160 126 122 117 116 119 123 126 128 144 151 160 168 172 176 181 185 182 183 186 189 191 191 191 190 186 186 185 185 184 183 182 182 184 184 181 175 172 171 166 159 151 152 157 164 165 163 164 169 174 147 7 85 162 160 201 195 34 6 26 6 22 18 13 16 18 18 18 18 18 18 18 18 18 18 18 18 18 18 18 18 19 19 19 19 19 19 19 19 20 20 20 20 20 20 20 20 19 19 19 19 19 19 19 19 19 19 19 20 20 21 21 21 24 24 24 24 25 25 25 26 27 27 29 31 32 34 36 36 37 40 44 47 48 51 55 58 68 72 77 82 86 91 97 101 107 111 117 122 125 129 133 136 136 140 144 146 147 148 150 152 152 152 152 152 152 151 151 151 148 147 144 141 137 133 131 129 122 119 114 110 106 102 97 93 89 85 80 75 71 66 61 57 54 51 47 44 42 39 35 32 31 30 29 27 26 24 23 22 19 19 19 19 19 18 18 18 18 18 18 18 18 18 18 18 18 18 17 17 16 16 16 16 15 15 15 15 14 14 13 13 12 12 12 12 12 12 12
79 80 82 84 86 88 90 91 92 93 94 95 96 96 95 95 95 95 95 94 92 89 87 86 82 81 79 76 72 69 67 66 60 57 54 52 50 48 45 42 40 38 36 33 31 29 28 28 25 24 22 21 20 19 19 20 19 19 18 18 18 17 17 17 16 16 16 16 16 16 16 16 14 14 14 13 13 13 12 12 13 13 13 13 13 13 13 13 13 13 13 13 13 13 13 13 13 13 14 14 15 15 15 15 17 17 17 17 17 17 17 17 17 17 17 17 17 17 17 17 17 17 17 17 17 17 17 17 17 17 17 17 17 17 17 17 17 18 19 19 20 21 22 22 26 27 28 30 32 34 35 36 39 41 43 45 46 49 53 57 60 62 65 69 73 77 80 81 84 87 91 95 99 100 100 100 129 214 170 147 133 105 129 147 173 182 186 183 187 199 202 195 194 194 194 192 187 179 168 161 137 133 129 128 131 135 138 140 147 154 163 170 174 176 179 182 180 182 185 188 190 191 190 190 186 186 186 185 184 183 183 182 183 184 181 176 174 175 170 163 157 155 157 160 160 159 162 168 185 127 39 124 169 174 197 171 90 9 17 15 18 16 21 13 18 18 18 18 18 18 18 18 18 18 18 18 18 18 18 18 19 19 19 19 19 19 19 19 20 20 20 20 20 20 20 20 19 19 19 19 19 19 19 19 19 19 19 20 20 21 21 21 23 24 24 24 25 25 25 25 26 27 28 30 32 34 35 36 36 39 43 46 47 50 54 56 61 65 70 75 79 84 90 93 100 104 110 115 118 122 126 129 135 138 142 145 146 147 149 152 152 152 152 152 151 151 151 151 149 147 145 142 138 135 132 131 129 125 120 116 113 109 104 100 92 88 83 78 74 70 64 60 56 53 49 46 43 40 36 33 32 31 30 28 26 24 23 22 20 20 19 19 19 19 19 18 18 18 18 18 18 18 18 18 18 18 17 17 16 16 16 16 15 15 15 15 14 14 13 13 12 12 12 12 12 12 12
78 79 81 83 86 88 90 91 92 93 94 96 97 97 97 96 98 97 97 96 95 93 91 89 86 85 82 79 76 73 71 69 63 60 57 54 53 50 47 44 41 40 37 34 32 30 29 29 26 25 23 22 20 20 20 20 19 19 18 18 18 17 17 17 16 16 16 16 16 16 16 16 14 14 14 13 13 13 12 12 13 13 13 13 13 13 13 13 13 13 13 13 13 13 13 13 13 13 14 14 15 15 15 15 17 17 17 17 17 17 17 17 17 17 17 17 17 17 17 17 17 17 17 17 17 17 17 17 17 17 17 17 17 17 17 17 18 18 18 19 20 21 21 22 25 26 27 29 31 33 34 35 37 39 42 43 44 47 51 54 56 58 61 65 69 73 76 77 83 86 90 94 97 99 100 100 113 192 185 140 126 115 131 143 174 182 184 182 185 195 198 193 192 192 191 187 180 172 167 164 146 143 139 138 141 144 147 148 154 160 168 174 177 177 178 178 178 180 183 186 189 190 190 189 187 186 186 185 184 184 183 183 182 183 181 177 176 177 174 167 162 158 157 157 156 154 158 166 195 108 94 168 177 187 179 138 150 25 7 22 17 13 26 12 18 18 18 18 18 18 18 18 18 18 18 18 18 18 18 18 19 19 19 19 19 19 19 19 20 20 20 20 20 20 20 20 19 19 19 19 19 19 19 19 19 19 19 20 20 21 21 21 23 23 23 24 24 25 25 25 26 26 28 29 31 32 33 34 35 38 41 44 45 47 51 54 59 63 68 73 77 82 87 91 97 102 108 112 116 120 124 127 133 136 140 143 144 145 148 150 151 151 151 151 151 151 151 151 150 148 146 143 140 137 135 133 130 126 121 118 114 111 106 102 97 93 88 83 79 74 69 65 59 56 52 48 46 43 39 35 34 33 31 30 27 26 24 23 21 21 20 20 20 19 19 19 18 18 18 18 18 18 18 18 18 18 17 17 16 16 16 16 15 15 15 15 14 14 13 13 12 12 12 12 12 12 12
77 78 80 82 85 87 89 90 92 93 95 96 98 98 98 98 99 99 98 98 96 95 93 92 89 88 85 82 79 76 74 72 67 64 60 57 56 53 49 46 44 42 39 36 34 32 30 30 28 27 25 23 21 20 20 20 19 19 18 18 18 17 17 17 16 16 16 16 16 16 16 16 14 14 14 13 13 13 12 12 13 13 13 13 13 13 13 13 13 13 13 13 13 13 13 13 13 13 14 14 15 15 15 15 17 17 17 17 17 17 17 17 17 17 17 17 17 17 17 17 17 17 17 17 17 17 17 17 17 17 17 17 17 17 17 17 18 18 18 19 19 20 20 21 23 24 26 28 30 32 33 34 36 38 40 41 42 44 48 51 54 55 58 62 66 70 73 74 82 84 88 92 96 98 100 100 98 154 182 147 137 132 130 139 173 178 180 179 183 191 194 192 191 188 182 172 163 161 165 169 159 155 151 149 151 153 154 154 161 166 172 178 180 179 177 175 176 178 182 185 187 189 189 188 187 187 186 186 185 184 183 183 182 183 181 177 176 177 173 167 163 159 158 158 156 153 157 163 193 109 141 185 181 185 144 116 168 53 7 19 20 14 20 16 18 18 18 18 18 18 18 18 18 18 18 18 18 18 18 18 19 19 19 19 19 19 19 19 19 19 19 19 19 19 19 19 19 19 19 19 19 19 19 19 19 19 19 20 20 21 21 21 23 23 23 23 24 24 25 25 25 26 27 28 29 31 32 32 33 36 39 41 42 44 48 51 57 61 66 70 74 78 84 87 94 98 104 109 113 117 122 125 129 133 137 140 141 143 146 148 150 150 150 151 151 151 151 151 151 149 148 145 142 140 138 137 131 128 123 119 116 113 108 105 101 97 91 87 83 78 73 69 63 60 55 52 49 46 42 38 36 35 34 31 29 27 25 24 22 22 22 21 20 20 19 19 18 18 18 18 18 18 18 18 18 18 17 17 16 16 16 16 15 15 15 15 14 14 13 13 12 12 12 12 12 12 12
75 76 78 81 84 87 89 90 93 94 95 97 99 99 100 99 99 99 99 98 97 96 94 93 91 90 88 85 81 78 76 75 71 68 64 61 59 56 52 49 46 45 42 38 35 33 32 31 29 28 26 24 22 21 20 20 19 19 18 18 18 17 17 17 16 16 16 16 16 16 16 16 14 14 14 13 13 13 12 12 13 13 13 13 13 13 13 13 13 13 13 13 13 13 13 13 13 13 14 14 15 15 15 15 17 17 17 17 17 17 17 17 17 17 17 17 17 17 17 17 17 17 17 17 17 17 17 17 17 17 17 17 17 17 17 17 18 18 18 18 19 19 19 19 22 23 24 26 28 30 32 32 34 36 38 39 39 42 45 48 51 53 56 60 64 67 70 72 77 78 82 86 89 93 95 96 99 118 154 156 149 148 134 144 174 177 179 180 184 191 195 195 192 190 184 175 168 166 171 176 172 169 164 162 163 164 163 163 167 170 174 179 181 180 177 174 176 178 182 185 187 188 188 187 188 187 187 186 185 184 184 184 183 184 181 176 174 175 170 164 162 160 160 162 160 156 157 163 181 130 164 174 181 172 116 109 146 83 12 9 24 16 8 23 18 18 18 18 18 18 18 18 18 18 18 18 18 18 18 18 19 19 19 19 19 19 19 19 19 19 19 19 19 19 19 19 19 19 19 19 19 19 19 19 19 19 19 20 20 21 21 21 22 22 23 23 23 24 24 24 24 25 26 27 28 29 30 30 31 33 36 38 39 41 44 47 50 54 59 63 66 70 75 79 86 90 96 102 106 110 115 118 126 129 134 137 139 140 143 146 149 149 149 150 151 151 151 152 152 151 149 147 145 143 141 141 137 134 129 126 123 120 115 112 104 100 95 90 86 81 76 72 68 64 60 56 53 49 45 41 39 38 36 34 31 28 27 26 24 24 23 22 21 20 20 19 18 18 18 18 18 18 18 18 18 18 17 17 16 16 16 16 15 15 15 15 14 14 13 13 12 12 12 12 12 12 12
73 75 77 80 83 86 89 90 93 94 96 98 100 101 101 101 100 100 100 100 99 98 96 95 94 93 91 88 84 81 79 78 75 71 67 64 62 59 55 51 49 47 44 40 37 35 33 32 31 29 27 25 23 21 21 21 19 19 18 18 18 17 17 17 16 16 16 16 16 16 16 16 14 14 14 13 13 13 12 12 13 13 13 13 13 13 13 13 13 13 13 13 13 13 13 13 13 13 14 14 15 15 15 15 17 17 17 17 17 17 17 17 17 17 17 17 17 17 17 17 17 17 17 17 17 17 17 17 17 17 17 17 17 17 17 17 18 18 18 18 18 18 18 18 21 21 23 25 27 29 30 31 32 34 36 37 37 39 43 46 48 50 53 57 61 65 67 69 76 77 80 84 88 92 95 96 107 99 120 163 151 161 145 154 180 180 181 183 186 191 195 197 191 193 194 192 188 183 180 179 175 172 168 167 167 168 168 167 172 172 174 177 180 181 178 176 178 180 183 185 187 187 187 186 188 188 187 186 186 185 184 184 183 184 181 176 174 174 170 163 166 164 164 165 163 158 159 163 170 155 167 159 182 163 119 109 127 97 14 6 24 17 5 26 18 18 18 18 18 18 18 18 18 18 18 18 18 18 18 18 19 19 19 19 19 19 19 19 18 18 18 18 18 18 18 18 19 19 19 19 19 19 19 19 19 19 19 20 20 21 21 21 22 22 22 22 23 23 24 24 24 24 25 25 26 27 28 28 28 31 34 36 36 38 41 44 48 51 56 60 63 67 72 76 82 87 93 99 103 108 112 116 122 126 131 134 136 138 141 144 148 148 149 149 150 151 152 152 153 152 151 149 147 146 145 144 138 135 131 128 125 122 118 115 108 104 99 94 90 85 80 76 72 68 64 60 57 53 48 44 41 40 38 35 33 30 28 27 26 25 24 23 22 21 20 19 18 18 18 18 18 18 18 18 18 18 17 17 16 16 16 16 15 15 15 15 14 14 13 13 12 12 12 12 12 12 12
72 74 76 79 83 86 88 90 93 94 96 99 100 102 102 102 102 102 103 103 102 101 100 99 98 97 95 91 88 85 83 82 78 74 70 67 64 61 57 53 51 49 46 42 38 36 34 33 32 31 28 26 23 22 21 21 19 19 18 18 18 17 17 17 16 16 16 16 16 16 16 16 14 14 14 13 13 13 12 12 13 13 13 13 13 13 13 13 13 13 13 13 13 13 13 13 13 13 14 14 15 15 15 15 17 17 17 17 17 17 17 17 17 17 17 17 17 17 17 17 17 17 17 17 17 17 17 17 17 17 17 17 17 17 17 17 18 18 18 18 18 18 18 17 20 20 22 24 26 28 29 30 31 33 35 35 35 37 40 43 44 46 49 53 57 61 64 65 75 76 79 82 87 91 94 96 105 96 99 175 151 174 156 153 184 182 181 182 184 185 189 192 186 187 190 193 193 188 181 176 171 168 167 167 170 172 172 172 174 173 172 175 179 181 180 178 181 182 185 186 187 187 186 185 188 188 188 187 186 185 185 184 182 183 181 177 176 177 173 167 175 171 168 167 162 158 160 166 167 169 161 158 185 166 154 108 136 94 8 14 18 17 13 21 18 18 18 18 18 18 18 18 18 18 18 18 18 18 18 18 19 19 19 19 19 19 19 19 18 18 18 18 18 18 18 18 19 19 19 19 19 19 19 19 19 19 19 20 20 21 21 21 21 21 22 22 23 23 23 23 23 23 24 24 25 26 26 26 27 29 32 34 34 36 39 41 46 50 54 58 61 65 70 73 80 84 91 97 101 106 111 114 120 124 128 132 134 136 139 142 147 147 148 149 150 151 152 152 153 153 152 151 149 148 147 147 139 136 132 129 127 124 120 117 112 108 103 98 94 90 84 80 75 71 67 63 59 55 50 47 43 42 40 37 34 31 29 28 27 26 25 24 22 21 20 20 18 18 18 18 18 18 18 18 18 18 17 17 16 16 16 16 15 15 15 15 14 14 13 13 12 12 12 12 12 12 12
72 73 75 79 82 86 88 90 93 94 97 99 101 102 103 103 104 105 105 105 104 103 102 101 101 100 97 94 91 88 86 84 79 76 71 68 65 62 58 54 52 50 46 43 39 36 35 34 33 31 29 26 24 22 21 21 19 19 18 18 18 17 17 17 16 16 16 16 16 16 16 16 14 14 14 13 13 13 12 12 13 13 13 13 13 13 13 13 13 13 13 13 13 13 13 13 13 13 14 14 15 15 15 15 17 17 17 17 17 17 17 17 17 17 17 17 17 17 17 17 17 17 17 17 17 17 17 17 17 17 17 17 17 17 17 17 18 18 18 18 18 17 17 17 19 20 21 23 25 27 29 29 30 32 34 34 34 36 39 42 41 43 46 50 54 58 61 62 69 70 72 76 80 85 89 91 95 97 93 188 154 183 161 143 185 181 179 179 179 178 180 184 180 178 176 177 180 180 176 171 172 170 170 172 176 180 181 181 175 172 171 173 178 182 181 180 183 184 186 187 188 187 185 184 189 188 188 187 186 185 185 185 181 183 181 178 178 180 177 171 184 178 171 166 161 157 160 167 169 172 155 164 189 173 188 106 156 85 4 24 12 16 24 15 18 18 18 18 18 18 18 18 18 18 18 18 18 18 18 18 19 19 19 19 19 19 19 19 18 18 18 18 18 18 18 18 19 19 19 19 19 19 19 19 19 19 19 20 20 21 21 21 21 21 22 22 22 23 23 23 23 23 23 24 25 25 25 26 26 29 31 33 33 35 37 40 39 43 47 51 54 58 62 66 72 77 84 89 94 99 104 107 119 122 127 131 133 135 139 141 147 147 148 149 150 151 152 152 154 153 153 152 150 149 149 148 146 143 139 136 134 131 127 124 116 112 106 102 98 93 88 84 77 73 68 64 61 56 52 48 44 43 41 38 35 32 29 28 27 27 26 24 23 21 20 20 18 18 18 18 18 18 18 18 18 18 17 17 16 16 16 16 15 15 15 15 14 14 13 13 12 12 12 12 12 12 12
69 70 73 77 81 85 88 89 91 93 95 98 100 101 102 103 104 104 104 104 104 102 101 100 101 100 99 97 94 91 89 87 81 80 76 72 68 63 60 59 55 52 47 44 42 40 37 35 34 31 28 27 27 26 24 23 22 21 20 19 18 17 16 16 17 16 16 16 15 15 15 14 14 14 14 13 13 13 12 12 13 13 13 13 13 13 13 13 13 13 13 13 13 13 13 13 12 12 13 13 13 14 14 14 17 17 17 17 17 17 17 17 17 17 17 17 17 17 17 17 17 17 17 17 17 17 17 17 17 17 17 17 17 17 17 17 17 17 17 18 18 18 19 19 20 21 21 22 23 24 24 24 27 27 28 29 32 34 37 38 43 44 46 48 51 54 56 57 67 68 71 74 78 81 83 85 94 97 102 179 161 168 178 132 185 179 169 175 191 193 191 201 207 207 205 201 194 186 179 175 177 180 184 187 188 187 184 182 181 179 178 179 182 184 185 184 186 188 190 192 192 191 189 187 192 190 187 185 183 183 183 184 188 184 179 176 176 178 180 181 187 182 175 165 154 150 154 162 175 151 163 173 164 186 190 140 151 68 15 12 15 22 26 14 18 18 18 18 18 18 18 18 18 18 18 18 18 18 18 18 18 18 18 18 18 18 18 18 18 18 18 18 18 18 18 18 18 18 18 18 18 18 18 18 18 18 18 19 19 19 20 20 21 21 21 21 21 21 21 21 24 24 24 24 25 25 25 26 26 26 28 29 31 33 34 35 38 42 46 50 53 56 61 64 70 74 80 85 90 95 101 105 111 115 120 124 127 131 136 140 142 145 149 151 151 152 154 156 151 151 152 152 151 150 148 148 147 144 141 139 137 133 128 125 117 114 109 105 101 96 90 86 81 77 73 69 66 62 58 54 48 47 45 41 38 35 32 31 30 29 27 25 24 23 23 23 21 21 20 19 18 18 17 17 18 18 17 17 16 16 16 16 15 15 15 15 14 14 13 13 13 13 13 13 13 13 13
66 68 71 74 79 82 85 87 91 92 94 97 99 101 102 102 104 105 105 105 105 104 102 102 102 102 101 99 96 93 90 89 84 82 79 75 70 66 63 61 58 55 50 47 45 43 40 37 35 32 29 27 27 27 25 23 22 22 21 20 18 17 16 16 17 16 16 16 15 15 15 14 14 14 14 13 13 13 12 12 13 13 13 13 13 13 13 13 13 13 13 13 13 13 13 13 12 12 13 13 14 14 14 14 17 17 17 17 17 17 17 17 17 17 17 17 17 17 17 17 17 17 17 17 17 17 17 17 17 17 17 17 17 17 17 17 17 17 17 18 18 18 19 19 20 20 21 22 23 23 24 24 26 27 27 29 31 34 36 38 41 42 44 47 50 52 54 55 63 65 68 71 75 79 81 83 75 83 124 175 177 166 173 137 178 178 173 178 192 193 195 208 202 202 201 201 199 198 197 196 189 191 193 195 196 194 192 191 186 184 183 184 187 190 190 189 187 189 191 193 193 192 190 189 185 184 183 183 183 183 184 185 185 182 179 177 177 178 179 180 185 180 172 163 156 156 164 173 169 172 190 186 163 172 180 155 152 65 12 14 17 20 24 16 18 18 18 18 18 18 18 18 18 18 18 18 18 18 18 18 18 18 18 18 18 18 18 18 18 18 18 18 18 18 18 18 18 18 18 18 18 18 18 18 18 18 18 19 19 19 20 20 21 21 21 21 21 21 21 21 23 24 24 24 25 25 25 25 25 26 27 29 31 32 34 34 37 40 44 48 50 54 58 62 66 71 76 82 86 91 97 101 108 111 116 120 124 128 133 137 140 143 146 148 149 149 151 153 152 152 152 152 152 151 149 149 147 144 141 139 138 134 130 126 120 117 113 109 105 100 94 90 84 81 76 72 69 65 61 57 51 50 47 44 40 37 35 33 31 30 28 26 24 23 23 23 21 21 20 19 19 18 17 17 18 18 17 17 16 16 16 16 15 15 15 15 14 14 13 13 13 13 13 13 13 13 13
63 65 67 71 75 79 82 84 89 91 93 96 99 100 101 102 105 106 106 107 106 105 104 103 104 104 103 101 99 96 93 92 88 86 83 78 74 70 66 65 62 58 54 50 48 46 43 41 37 34 31 29 28 28 26 24 23 22 22 20 19 18 17 17 17 16 16 16 15 15 15 14 14 14 14 13 13 13 12 12 13 13 13 13 13 13 13 13 13 13 13 13 13 13 13 13 13 13 13 13 14 14 15 15 17 17 17 17 17 17 17 17 17 17 17 17 17 17 17 17 17 17 17 17 17 17 17 17 17 17 17 17 17 17 17 17 17 17 17 18 18 18 19 19 20 20 21 21 22 23 24 24 26 26 27 28 30 32 35 36 38 39 41 44 47 50 52 53 59 60 63 67 72 76 79 81 84 93 162 171 187 165 169 159 172 178 178 183 195 196 198 212 202 202 201 201 202 204 207 208 198 198 199 199 198 197 196 195 189 188 186 188 191 193 193 193 193 195 197 198 199 198 197 196 189 188 188 188 188 188 188 189 185 184 182 180 179 179 181 181 187 181 170 160 156 161 171 179 164 174 182 176 165 168 179 184 153 60 7 16 19 16 21 19 18 18 18 18 18 18 18 18 18 18 18 18 18 18 18 18 18 18 18 18 18 18 18 18 18 18 18 18 18 18 18 18 18 18 18 18 18 18 18 18 18 18 18 19 19 19 20 20 21 21 21 21 21 21 21 21 23 23 23 24 24 25 25 25 25 25 27 28 30 31 32 33 34 37 41 44 46 49 54 57 62 66 71 76 81 86 91 95 102 106 111 115 119 123 129 132 137 140 144 145 145 146 148 149 152 153 153 153 153 152 151 150 148 145 143 141 139 137 132 129 125 122 117 114 110 105 99 95 89 85 80 76 73 69 64 61 55 53 51 47 43 40 37 36 32 31 29 27 25 24 24 24 21 21 20 20 19 18 18 17 18 18 17 17 16 16 16 16 15 15 15 15 14 14 13 13 13 13 13 13 13 13 13
61 62 65 69 73 77 80 82 87 89 91 95 97 99 100 101 106 106 107 108 107 107 106 105 106 106 105 103 101 99 96 95 90 88 85 81 76 72 69 67 65 61 57 53 51 48 45 42 40 36 33 31 30 29 27 25 24 23 22 21 20 19 18 18 17 16 16 16 15 15 15 14 14 14 14 13 13 13 12 12 13 13 13 13 13 13 13 13 13 13 13 13 13 13 13 13 13 13 14 14 14 15 15 15 17 17 17 17 17 17 17 17 17 17 17 17 17 17 17 17 17 17 17 17 17 17 17 17 17 17 17 17 17 17 17 17 17 17 17 18 18 18 19 19 19 20 20 21 22 23 23 23 25 25 26 27 29 31 33 34 35 36 38 41 44 47 49 50 55 57 60 65 69 74 77 79 79 86 157 136 144 137 139 165 171 180 182 186 197 197 195 203 204 203 202 200 199 199 198 198 196 196 195 194 193 192 191 191 188 186 185 186 189 192 192 191 195 196 197 199 200 199 199 198 197 196 195 194 192 191 189 188 193 192 188 184 182 182 184 186 190 183 170 157 155 162 171 174 165 149 129 139 161 160 164 190 155 57 6 18 21 14 18 21 18 18 18 18 18 18 18 18 18 18 18 18 18 18 18 18 18 18 18 18 18 18 18 18 18 18 18 18 18 18 18 18 18 18 18 18 18 18 18 18 18 18 18 19 19 19 20 20 21 21 21 21 21 21 21 21 23 23 23 23 24 24 25 25 24 25 26 27 28 29 30 31 31 34 37 40 42 44 48 51 58 62 67 72 76 81 86 90 97 101 107 111 115 119 125 129 135 138 141 143 143 144 146 148 152 153 154 154 154 153 152 152 149 147 144 143 142 139 135 132 128 125 121 117 114 109 104 100 93 89 84 80 77 72 67 64 58 56 53 49 45 42 39 37 34 33 31 28 26 25 25 24 22 22 21 20 19 19 18 18 18 18 17 17 16 16 16 16 15 15 15 15 14 14 13 13 13 13 13 13 13 13 13
60 61 64 68 72 76 79 80 85 87 90 93 96 98 100 100 106 106 107 108 108 108 107 106 107 107 106 105 103 101 99 97 92 90 87 83 78 74 71 69 68 64 59 55 52 50 46 44 42 39 35 33 32 31 28 26 25 24 23 22 21 20 19 18 17 16 16 16 15 15 15 14 14 14 14 13 13 13 12 12 13 13 13 13 13 13 13 13 13 13 13 13 13 13 13 13 14 14 14 14 15 15 16 16 17 17 17 17 17 17 17 17 17 17 17 17 17 17 17 17 17 17 17 17 17 17 17 17 17 17 17 17 17 17 17 17 17 17 17 18 18 18 19 19 19 19 20 20 21 22 23 23 24 24 25 25 27 29 31 32 33 34 36 39 41 44 46 47 53 55 58 63 68 72 75 77 72 81 143 116 100 111 105 147 173 183 183 183 190 186 176 178 186 187 189 190 190 189 186 185 189 189 189 189 188 188 188 188 185 183 182 183 186 189 189 189 190 190 192 193 194 194 195 195 196 196 194 192 191 189 189 188 201 199 196 190 185 184 188 192 187 181 168 156 156 165 169 166 149 112 80 104 139 125 120 160 156 59 6 18 21 14 18 21 18 18 18 18 18 18 18 18 18 18 18 18 18 18 18 18 18 18 18 18 18 18 18 18 18 18 18 18 18 18 18 18 18 18 18 18 18 18 18 18 18 18 18 19 19 19 20 20 21 21 21 21 21 21 21 21 22 22 23 23 23 24 24 24 23 24 24 25 27 28 28 29 28 31 34 36 38 40 43 46 54 58 63 68 72 76 81 85 93 97 102 107 111 116 122 125 132 135 139 141 142 143 146 148 152 152 153 154 154 154 153 152 150 148 146 145 145 143 139 136 129 127 123 119 116 112 107 102 96 92 87 83 79 75 70 66 60 58 55 51 47 43 40 38 36 35 32 30 28 26 25 25 22 22 21 21 20 19 18 18 18 18 17 17 16 16 16 16 15 15 15 15 14 14 13 13 13 13 13 13 13 13 13
57 59 62 66 70 74 77 78 83 85 88 92 95 97 99 99 105 106 107 108 108 108 107 107 108 107 107 106 104 102 100 99 95 93 90 85 81 77 73 72 71 67 62 58 55 52 48 45 45 41 37 35 34 32 30 28 26 25 24 23 22 21 20 19 17 16 16 16 15 15 15 14 14 14 14 13 13 13 12 12 13 13 13 13 13 13 13 13 13 13 13 13 13 13 13 13 14 14 14 15 15 16 16 16 17 17 17 17 17 17 17 17 17 17 17 17 17 17 17 17 17 17 17 17 17 17 17 17 17 17 17 17 17 17 17 17 17 17 17 18 18 18 19 19 18 19 19 20 21 22 22 23 24 23 24 24 25 27 29 30 31 32 34 37 40 43 45 46 52 53 56 60 65 69 72 74 81 90 153 127 92 89 75 95 169 183 182 174 170 157 141 139 142 147 155 163 169 173 174 175 177 178 181 183 184 185 185 185 181 179 178 179 182 185 185 185 187 188 188 189 191 192 193 193 191 190 188 187 187 188 190 191 197 199 199 195 190 187 190 193 182 180 170 161 163 171 169 159 112 86 67 90 112 93 95 141 157 63 10 18 20 17 20 19 18 18 18 18 18 18 18 18 18 18 18 18 18 18 18 18 18 18 18 18 18 18 18 18 18 18 18 18 18 18 18 18 18 18 18 18 18 18 18 18 18 18 18 19 19 19 20 20 21 21 21 21 21 21 21 21 22 22 22 22 23 23 24 24 23 23 23 24 25 26 27 27 26 29 32 34 35 36 39 42 50 54 59 63 67 71 76 80 88 92 98 103 107 112 118 122 128 131 136 139 141 142 145 148 150 151 152 153 153 153 153 152 151 149 147 147 147 146 142 139 131 128 125 122 119 115 109 105 100 96 91 86 82 78 72 69 62 61 57 53 49 44 41 40 38 37 34 31 29 27 26 26 23 22 22 21 20 20 19 19 18 18 17 17 16 16 16 16 15 15 15 15 14 14 13 13 13 13 13 13 13 13 13
54 56 59 63 67 71 74 75 81 83 87 90 94 96 98 99 104 104 106 107 107 107 107 106 107 107 107 106 105 103 101 100 98 96 93 89 84 80 77 75 75 71 65 61 58 55 51 49 46 43 39 36 35 33 31 28 26 26 25 24 23 21 21 20 17 16 16 16 15 15 15 14 14 14 14 13 13 13 12 12 13 13 13 13 13 13 13 13 13 13 13 13 13 13 13 13 14 15 15 15 16 16 16 16 17 17 17 17 17 17 17 17 17 17 17 17 17 17 17 17 17 17 17 17 17 17 17 17 17 17 17 17 17 17 17 17 17 17 17 18 18 18 19 19 18 18 19 20 21 21 22 22 23 23 23 23 24 26 28 28 31 32 34 36 39 42 44 45 49 51 54 57 61 65 67 69 70 75 155 130 101 68 63 43 158 180 182 163 141 117 100 99 96 101 111 123 135 145 152 155 158 161 166 171 175 176 177 177 174 172 171 172 175 177 178 177 180 180 181 182 183 185 186 187 180 178 174 172 172 174 178 180 182 189 197 199 195 190 188 189 184 185 179 172 174 178 168 151 112 103 92 92 95 92 109 144 157 69 15 16 18 20 23 15 18 18 18 18 18 18 18 18 18 18 18 18 18 18 18 18 18 18 18 18 18 18 18 18 18 18 18 18 18 18 18 18 18 18 18 18 18 18 18 18 18 18 18 19 19 19 20 20 21 21 21 21 21 21 21 21 21 21 22 22 23 23 23 23 22 22 23 23 24 25 25 25 26 28 31 32 33 34 37 39 45 49 54 58 61 66 71 74 83 87 93 98 102 108 113 117 122 126 131 135 138 141 144 147 149 149 151 152 152 152 152 152 152 150 149 149 149 148 145 142 133 131 127 124 122 118 112 109 105 101 96 91 87 82 76 72 66 64 61 56 52 47 44 42 40 38 35 32 30 28 27 26 23 23 22 21 21 20 19 19 18 18 17 17 16 16 16 16 15 15 15 15 14 14 13 13 13 13 13 13 13 13 13
52 53 56 60 64 68 71 73 81 83 86 90 93 96 98 99 103 104 105 106 107 107 106 106 107 107 107 106 105 103 101 100 101 99 96 92 87 83 80 78 78 74 68 64 61 58 54 51 47 44 40 37 36 34 31 29 27 26 25 24 23 22 21 20 17 16 16 16 15 15 15 14 14 14 14 13 13 13 12 12 13 13 13 13 13 13 13 13 13 13 13 13 13 13 13 13 15 15 15 15 16 16 16 17 17 17 17 17 17 17 17 17 17 17 17 17 17 17 17 17 17 17 17 17 17 17 17 17 17 17 17 17 17 17 17 17 17 17 17 18 18 18 19 19 18 18 19 19 20 21 22 22 23 23 22 23 24 25 27 28 30 32 34 36 39 42 44 45 48 49 51 55 58 61 64 65 59 60 162 137 132 81 97 51 148 177 182 155 121 88 72 75 69 73 81 92 105 118 128 133 140 144 151 158 163 166 166 166 166 164 163 164 167 170 170 170 167 167 167 168 170 172 173 175 167 163 157 152 150 152 156 158 168 180 194 201 198 191 186 184 191 194 189 181 181 181 165 142 152 146 124 96 88 105 130 145 157 73 19 16 17 23 25 13 18 18 18 18 18 18 18 18 18 18 18 18 18 18 18 18 18 18 18 18 18 18 18 18 18 18 18 18 18 18 18 18 18 18 18 18 18 18 18 18 18 18 18 19 19 19 20 20 21 21 21 21 21 21 21 21 21 21 22 22 22 23 23 23 22 22 22 23 23 24 24 25 26 28 31 32 32 33 36 38 42 45 50 54 58 62 67 70 79 83 89 94 99 104 110 114 119 123 128 132 136 139 143 146 148 148 150 151 152 152 151 151 152 150 149 149 150 149 146 144 135 133 129 126 124 120 115 111 108 104 99 94 90 85 79 75 69 67 63 59 54 50 46 45 41 39 36 33 30 28 27 27 23 23 22 22 21 20 19 19 18 18 17 17 16 16 16 16 15 15 15 15 14 14 13 13 13 13 13 13 13 13 13
47 50 55 58 61 65 70 73 75 78 83 86 88 91 95 99 98 100 103 105 104 104 106 107 108 108 107 106 105 104 103 103 102 101 98 94 89 86 83 81 79 76 71 68 65 62 58 54 50 47 44 41 40 38 35 32 29 27 24 24 24 24 21 19 20 19 18 17 16 15 14 13 14 14 14 13 13 13 12 12 13 13 13 13 13 13 13 13 12 12 13 13 13 14 14 14 14 15 15 15 16 16 16 17 17 17 17 17 17 17 17 17 17 17 17 17 17 17 17 17 17 17 17 17 17 17 17 17 17 17 17 17 17 17 17 17 17 17 17 17 17 17 17 17 18 18 18 19 19 19 20 20 20 21 21 22 23 24 24 24 28 29 31 33 35 37 39 40 45 46 47 50 52 54 56 57 73 60 123 159 162 111 102 115 176 178 167 142 115 100 94 93 73 75 73 66 63 74 98 118 122 126 136 144 141 136 144 157 154 156 156 155 158 162 161 156 155 160 164 164 163 159 152 145 129 129 111 107 125 125 125 145 147 150 162 183 199 202 193 185 192 191 192 194 194 188 178 169 141 160 165 92 98 124 142 168 135 45 2 19 27 23 26 26 20 9 9 21 24 16 17 26 19 17 16 17 19 21 20 19 30 23 16 16 21 24 22 18 17 17 17 17 17 17 17 17 18 18 18 18 18 18 18 18 18 18 18 19 19 20 20 20 19 19 19 20 20 21 21 21 21 21 21 21 21 21 21 21 22 22 22 22 22 22 22 22 24 25 26 27 29 30 31 32 40 43 47 50 53 57 63 67 74 79 86 91 94 98 105 110 114 118 124 128 132 135 139 142 145 146 147 149 150 151 151 150 151 151 151 151 150 148 147 146 137 137 135 133 128 123 118 115 113 109 103 99 95 90 85 81 74 70 65 61 58 54 49 45 45 42 38 35 34 32 30 27 26 24 22 22 22 22 20 18 19 18 18 17 16 15 15 14 15 15 15 15 14 14 13 13 13 13 13 13 13 13 13
44 48 52 56 59 63 67 71 73 76 80 83 86 89 93 96 97 100 103 105 104 105 106 108 109 108 107 107 106 105 104 104 104 102 100 96 92 88 85 84 81 78 74 71 68 65 60 57 53 50 46 44 43 41 37 34 30 28 26 25 25 24 22 20 20 19 19 17 16 15 14 14 14 14 14 14 13 13 12 12 13 13 13 13 13 13 13 13 12 12 13 13 13 14 14 14 14 15 15 15 16 16 16 17 17 17 17 17 17 17 17 17 17 17 17 17 17 17 17 17 17 17 17 17 17 17 17 17 17 17 17 17 17 17 17 17 17 17 17 17 17 17 17 17 18 18 18 19 19 19 20 20 20 20 21 22 23 23 24 24 27 28 29 32 34 36 37 38 44 45 46 49 51 53 55 56 67 55 87 165 162 141 126 132 186 183 171 152 136 128 122 117 116 113 105 92 78 69 67 68 92 98 113 131 142 142 137 133 138 142 144 144 147 151 149 143 150 146 139 132 127 122 114 106 98 90 78 82 100 106 104 108 117 133 156 176 185 188 190 193 189 195 202 202 197 189 184 181 136 138 146 97 121 161 175 173 136 96 58 23 1 1 7 1 26 35 31 16 18 30 25 7 19 19 18 18 17 17 18 18 0 9 21 26 23 18 16 16 17 17 17 17 17 17 17 17 18 18 18 18 18 18 18 18 18 18 18 19 19 19 20 20 19 19 19 20 20 21 21 21 21 21 21 21 21 21 21 21 22 22 22 22 22 22 22 22 24 25 26 27 28 30 31 31 37 39 43 46 49 53 59 63 67 72 78 83 87 92 98 102 110 114 120 125 128 132 136 139 143 144 145 147 149 149 149 149 151 151 151 151 150 148 147 146 141 140 139 136 132 126 122 119 116 112 107 102 98 93 88 84 77 74 69 64 61 57 52 48 47 44 40 37 35 34 31 29 27 25 23 22 23 23 21 18 19 18 18 17 16 16 15 15 15 15 15 15 14 14 13 13 13 13 13 13 13 13 13
42 45 49 53 56 59 64 67 70 73 77 80 82 86 90 93 97 100 103 105 105 105 106 108 109 109 108 108 107 106 105 105 105 104 101 98 94 91 88 87 84 81 77 74 72 69 64 61 57 54 50 48 46 44 40 37 32 30 28 27 27 26 23 21 21 20 19 18 17 16 15 14 15 15 14 14 13 13 13 13 13 13 13 13 13 13 13 13 12 12 13 13 13 14 14 14 14 15 15 15 16 16 16 17 17 17 17 17 17 17 17 17 17 17 17 17 17 17 17 17 17 17 17 17 17 17 17 17 17 17 17 17 17 17 17 17 17 17 17 17 17 17 17 17 18 18 18 19 19 19 20 20 20 20 21 21 22 23 24 24 25 26 28 30 32 33 35 36 42 42 44 47 49 51 53 54 62 60 61 173 163 171 168 172 194 187 172 155 144 137 125 114 110 98 82 69 63 63 65 66 73 84 98 110 121 128 127 122 131 135 137 137 139 140 136 129 120 114 107 104 102 97 88 81 80 71 73 86 98 113 118 109 118 130 147 162 174 184 192 197 184 197 209 208 197 188 187 190 156 132 152 142 154 164 168 150 206 206 200 175 144 119 76 21 1 6 19 23 12 2 13 33 12 17 22 25 25 22 20 18 26 27 26 20 14 13 18 23 17 17 17 17 17 17 17 17 18 18 18 18 18 18 18 18 17 18 18 18 19 19 19 19 19 19 19 20 20 21 21 21 21 21 21 21 21 21 21 21 22 22 22 22 22 22 22 22 24 24 25 26 27 28 29 30 32 35 39 41 44 48 54 57 66 70 75 80 85 90 95 99 105 109 115 120 124 128 132 135 140 141 143 145 147 148 148 149 150 151 151 151 150 149 147 146 144 144 143 140 136 131 126 124 120 116 111 106 102 97 92 88 82 78 73 69 65 61 56 52 50 46 42 39 37 36 33 30 28 26 24 23 24 23 21 19 19 19 18 17 17 16 15 15 15 15 15 15 14 14 13 13 13 13 13 13 13 13 13
40 43 48 51 53 57 61 64 67 71 75 78 80 83 88 91 96 99 102 104 104 105 106 108 109 109 109 108 108 107 107 107 105 104 102 99 96 93 91 90 86 83 79 76 74 71 67 64 60 57 53 50 49 46 42 39 35 33 30 29 29 28 25 23 22 21 20 19 18 17 16 15 15 15 15 14 14 14 13 13 13 13 13 13 13 13 13 13 12 12 13 13 13 14 14 14 14 15 15 15 16 16 16 17 17 17 17 17 17 17 17 17 17 17 17 17 17 17 17 17 17 17 17 17 17 17 17 17 17 17 17 17 17 17 17 17 18 18 18 18 18 18 18 18 18 18 18 19 19 19 20 20 19 20 20 21 22 23 23 23 24 25 26 28 29 31 32 33 39 40 42 44 46 49 50 51 56 64 54 164 168 181 201 199 188 183 171 153 138 124 106 92 63 48 27 10 7 8 13 19 51 72 93 102 107 116 122 123 133 135 135 133 134 136 132 126 106 102 99 95 86 70 54 46 46 52 79 94 93 116 141 138 147 143 141 151 172 191 196 193 182 195 206 206 195 185 184 188 186 145 178 193 176 148 163 156 113 100 106 134 163 180 188 188 185 105 31 11 13 8 8 18 34 26 16 10 10 13 16 17 16 14 14 19 25 24 16 9 17 17 17 17 17 17 17 17 18 18 18 18 18 18 18 18 17 17 17 18 18 19 19 19 19 19 19 20 20 21 21 21 21 21 21 21 21 21 21 21 21 21 21 21 21 21 21 21 23 23 24 25 26 27 27 28 29 32 35 38 40 44 49 53 63 66 71 76 82 87 92 95 101 105 111 116 120 124 129 132 138 139 142 144 146 148 149 149 150 150 151 151 150 149 148 147 147 146 145 143 139 134 130 127 123 120 114 110 105 101 95 92 86 82 77 72 68 64 59 55 52 48 44 40 39 37 34 31 30 28 26 25 25 24 22 20 20 19 19 18 17 16 16 15 15 15 15 15 14 14 13 13 13 13 13 13 13 13 13
39 43 47 50 52 55 59 62 66 69 74 77 79 82 86 90 94 97 100 102 103 104 106 107 109 109 108 108 108 108 107 107 104 103 102 99 96 94 92 91 87 84 81 78 76 74 70 67 62 59 55 52 50 47 43 40 38 36 33 32 31 30 27 24 22 22 21 20 19 18 17 16 16 16 15 15 14 14 14 14 13 13 13 13 13 13 13 13 12 12 13 13 13 14 14 14 14 15 15 15 16 16 16 17 17 17 17 17 17 17 17 17 17 17 17 17 17 17 17 17 17 17 17 17 17 17 17 17 17 17 17 17 17 17 17 17 18 18 18 18 18 18 18 18 18 18 18 19 19 19 20 20 19 19 20 20 21 22 23 23 23 24 25 26 28 29 30 31 36 37 39 41 43 46 47 48 48 56 50 132 187 189 208 183 177 180 175 157 133 110 91 77 44 43 37 26 14 11 14 20 38 54 74 90 103 113 118 118 119 122 122 122 127 133 134 130 124 114 101 84 58 28 10 7 6 28 68 73 55 75 113 122 142 144 145 152 170 188 193 188 187 194 200 200 193 185 181 181 174 150 189 204 181 160 186 161 30 21 25 46 62 65 80 105 156 206 244 224 156 79 22 0 0 0 0 12 26 33 28 21 32 26 19 16 18 19 17 15 17 17 17 17 17 17 17 17 18 18 18 18 18 18 18 18 16 17 17 17 18 18 18 19 19 19 19 20 20 21 21 21 21 21 21 21 21 21 21 21 21 21 21 21 21 21 21 21 22 22 23 23 24 25 25 26 27 30 33 36 38 42 46 50 56 58 62 68 74 80 84 86 97 101 108 113 117 121 126 129 136 137 140 143 146 148 149 149 149 150 150 150 150 149 148 148 147 147 146 144 140 136 132 129 126 122 117 112 108 104 98 94 89 85 80 75 71 66 61 57 54 50 45 42 40 37 34 32 32 30 27 26 26 25 23 21 20 20 19 18 18 17 16 16 15 15 15 15 14 14 13 13 13 13 13 13 13 13 13
38 41 45 48 50 53 56 60 64 67 71 75 77 80 84 87 91 94 98 100 101 102 104 106 107 107 107 107 107 107 107 107 104 104 102 100 98 96 94 94 89 87 83 80 79 76 73 70 65 62 58 55 53 50 45 42 41 38 35 34 33 32 29 26 23 23 22 21 20 18 18 17 16 16 16 15 15 14 14 14 13 13 13 13 13 13 13 13 12 12 13 13 13 14 14 14 14 15 15 15 16 16 16 17 17 17 17 17 17 17 17 17 17 17 17 17 17 17 17 17 17 17 17 17 17 17 17 17 17 17 17 17 17 17 17 17 18 18 18 18 18 18 18 18 18 18 18 19 19 19 20 20 18 19 19 20 21 22 22 23 23 24 25 26 27 28 29 30 33 34 36 38 41 43 45 46 47 51 47 93 208 211 206 160 180 188 186 164 131 102 81 69 38 42 41 32 20 20 32 45 73 54 40 46 68 89 105 114 103 107 110 113 120 129 131 128 118 99 77 59 38 18 11 15 14 52 82 69 43 51 76 85 108 134 156 163 166 175 183 186 192 194 195 195 191 187 182 180 132 151 194 195 182 175 176 93 20 24 13 14 39 53 49 46 45 14 14 81 174 230 232 216 157 131 94 60 36 16 0 0 18 18 17 14 13 16 22 28 17 17 17 17 17 17 17 17 18 18 18 18 18 18 18 18 16 16 16 17 17 18 18 18 19 19 19 20 20 21 21 21 21 21 21 21 21 21 21 21 20 20 20 20 20 20 20 20 21 21 22 22 23 23 23 24 26 28 31 34 36 39 44 47 53 54 57 64 72 78 81 82 92 97 103 109 113 118 123 126 132 134 137 140 144 146 148 148 148 149 150 150 150 150 149 148 148 148 147 145 142 137 133 131 130 126 120 116 112 107 102 98 93 89 84 79 74 69 64 60 57 54 49 45 43 40 37 34 34 32 29 28 28 26 24 21 21 20 20 19 18 17 17 16 15 15 15 15 14 14 13 13 13 13 13 13 13 13 13
35 38 42 45 46 49 53 56 61 64 68 71 74 77 81 84 88 92 96 98 99 100 102 104 106 106 106 106 106 106 106 106 106 105 104 102 101 99 98 97 92 90 86 84 82 80 77 74 69 66 62 59 56 53 48 45 43 41 37 36 35 33 30 27 24 24 23 22 20 19 18 18 16 16 16 16 15 15 15 14 13 13 13 13 13 13 13 13 12 12 13 13 13 14 14 14 14 15 15 15 16 16 16 17 17 17 17 17 17 17 17 17 17 17 17 17 17 17 17 17 17 17 17 17 17 17 17 17 17 17 17 17 17 17 17 17 19 19 19 19 19 19 19 19 18 18 18 19 19 19 20 20 18 18 19 20 21 21 22 22 24 24 25 26 27 28 29 29 31 32 34 36 39 41 43 44 43 59 48 56 194 221 203 176 184 192 191 171 142 117 100 91 115 114 104 83 60 49 55 65 86 51 21 18 29 51 87 121 117 122 124 124 125 126 121 113 86 61 40 35 35 33 35 43 54 92 107 95 94 103 105 102 110 141 167 170 166 171 180 183 190 191 192 190 187 185 183 183 136 167 200 197 188 176 170 82 27 65 90 118 165 170 114 64 40 32 43 57 39 23 67 135 178 196 220 232 217 176 127 93 16 11 10 18 28 31 22 12 17 17 17 17 17 17 17 17 18 18 18 18 18 18 18 18 16 16 16 17 17 17 18 18 19 19 19 20 20 21 21 21 21 21 21 21 21 21 21 21 20 20 20 20 20 20 20 20 21 21 21 21 22 22 22 22 24 26 29 31 33 36 41 44 52 52 54 61 70 76 79 79 87 92 99 104 109 114 118 122 127 129 132 136 140 143 145 145 148 149 150 150 150 150 149 149 149 149 149 147 144 140 136 134 134 130 125 120 116 111 106 102 98 94 88 83 78 73 68 63 62 58 53 49 47 44 41 38 36 33 30 29 28 27 24 22 21 21 20 19 18 18 17 17 15 15 15 15 14 14 13 13 13 13 13 13 13 13 13
33 36 40 42 44 46 50 53 58 62 66 69 71 74 79 82 87 90 94 97 98 99 101 103 105 105 105 105 105 106 106 106 108 107 106 104 103 101 100 100 95 92 89 87 85 83 80 77 72 69 65 61 59 55 51 48 44 42 39 37 36 34 31 28 24 24 23 22 21 20 19 18 17 16 16 16 15 15 15 15 13 13 13 13 13 13 13 13 12 12 13 13 13 14 14 14 14 15 15 15 16 16 16 17 17 17 17 17 17 17 17 17 17 17 17 17 17 17 17 17 17 17 17 17 17 17 17 17 17 17 17 17 17 17 17 17 19 19 19 19 19 19 19 19 18 18 18 19 19 19 20 20 18 18 19 19 20 21 22 22 24 25 25 26 27 28 29 29 30 31 33 35 38 40 42 43 32 66 48 29 157 209 196 207 176 185 188 178 161 149 141 135 142 147 146 131 105 81 68 64 43 29 24 28 26 33 77 128 147 151 150 144 137 127 111 97 71 42 21 24 34 34 32 33 58 95 105 111 149 174 164 152 144 162 173 170 170 180 184 180 184 187 189 186 182 180 183 187 181 190 201 203 196 179 210 176 189 218 225 230 254 254 228 214 164 128 80 44 27 24 30 38 32 59 102 144 178 205 225 238 195 128 46 3 7 23 24 14 17 17 17 17 17 17 17 17 18 18 18 18 18 18 18 18 15 16 16 16 17 17 17 18 19 19 19 20 20 21 21 21 21 21 21 21 21 21 21 21 20 20 20 20 20 20 20 20 20 21 21 21 21 21 21 21 22 24 27 29 31 34 38 42 45 44 47 53 63 70 72 71 84 88 95 101 106 110 115 119 123 125 129 133 137 140 142 143 148 148 149 150 150 150 150 149 151 151 150 149 146 142 138 136 137 133 128 123 119 114 109 105 101 97 91 86 81 76 70 66 66 62 57 53 50 47 44 41 36 34 31 30 29 28 25 22 21 21 20 19 19 18 17 17 15 15 15 15 14 14 13 13 13 13 13 13 13 13 13
30 33 36 38 40 43 47 51 55 58 63 66 68 71 75 79 82 86 91 94 96 98 101 104 103 104 106 108 108 107 106 105 108 108 106 105 104 102 101 100 96 94 91 90 88 86 81 78 73 70 66 63 61 58 54 51 47 44 41 38 36 34 30 27 27 27 26 24 22 20 19 18 18 18 17 16 15 14 13 12 14 14 14 13 13 13 12 12 12 12 13 13 13 14 14 14 17 17 17 17 17 17 17 17 17 17 17 17 17 17 17 17 17 17 17 17 17 17 17 17 17 17 17 17 17 17 17 17 17 17 17 17 17 17 17 17 17 17 17 18 18 18 19 19 19 19 19 19 19 19 19 19 20 20 20 20 20 20 20 20 20 20 21 23 24 26 27 27 28 30 32 35 37 39 40 40 34 48 41 33 117 188 171 181 177 186 184 191 161 143 170 156 169 165 151 129 113 103 90 77 69 51 38 48 56 49 71 118 169 168 172 175 163 134 102 82 63 43 27 29 43 55 62 66 82 107 133 148 159 170 170 162 161 165 171 177 180 182 181 181 178 190 182 189 167 177 165 168 189 186 192 188 174 187 227 253 248 254 254 250 251 250 251 254 251 234 220 213 196 163 131 114 64 44 30 33 47 73 116 154 235 254 212 135 1 8 15 26 4 27 22 6 26 22 0 23 16 16 16 16 16 16 16 16 16 16 16 16 17 17 18 18 18 18 18 19 19 19 20 20 21 21 21 21 21 21 21 21 21 21 21 20 20 19 19 19 18 18 18 18 18 18 18 18 21 23 24 25 25 27 30 33 41 43 46 50 55 60 65 67 77 82 89 96 101 105 110 113 122 123 126 130 134 138 141 142 144 144 144 146 147 150 152 153 149 149 149 148 147 146 144 143 139 137 133 128 122 117 113 111 106 102 96 91 86 81 75 71 71 67 61 57 54 51 47 44 43 40 35 33 31 30 27 25 22 22 21 20 19 19 18 17 15 15 15 14 14 14 13 13 14 14 14 13 13 13 12
28 31 33 35 37 40 45 48 52 55 60 63 65 68 72 76 79 83 88 91 93 95 98 101 103 104 105 106 106 106 106 106 109 108 107 105 104 102 101 100 99 96 94 92 91 88 84 81 76 73 69 66 64 61 57 54 50 47 44 41 39 37 33 30 29 28 27 25 23 21 20 19 19 18 17 16 15 14 13 13 14 14 14 14 13 13 12 12 12 12 13 13 14 14 14 14 17 17 17 17 17 17 17 17 17 17 17 17 17 17 17 17 17 17 17 17 17 17 17 17 17 17 17 17 17 17 17 17 17 17 17 17 17 17 17 17 17 17 17 18 18 18 19 19 19 19 19 19 19 19 19 19 20 20 20 20 20 20 20 20 20 20 21 23 24 25 26 27 25 27 30 33 35 37 38 38 49 51 67 46 68 145 153 120 160 178 177 183 170 161 180 168 168 165 153 135 122 114 104 92 79 72 61 54 42 37 80 149 180 179 184 189 180 147 107 80 84 72 61 60 66 77 92 105 112 129 148 159 166 171 172 170 169 171 175 178 180 181 181 180 192 183 172 181 168 150 131 136 148 160 167 164 181 230 251 239 243 247 243 246 254 254 240 233 239 254 254 251 245 254 254 254 254 246 219 189 159 125 88 60 56 118 191 231 222 96 11 15 31 7 10 31 2 8 47 11 16 16 16 16 16 16 16 16 16 16 16 16 17 17 18 18 18 18 18 19 19 19 20 20 21 21 21 21 21 21 21 21 21 21 21 20 20 19 19 19 18 18 18 18 18 18 18 18 20 22 24 24 24 26 29 32 39 40 43 47 52 57 62 64 73 78 85 92 97 101 106 109 118 120 123 127 132 136 139 141 143 143 144 146 148 150 152 153 149 149 149 149 148 146 145 144 141 139 135 130 125 120 117 115 110 105 100 95 90 85 79 75 73 69 64 59 56 53 49 46 45 42 37 35 33 32 29 27 22 22 21 20 19 18 17 17 16 15 15 15 14 14 14 13 14 14 14 13 13 13 12
26 28 31 33 34 37 42 45 48 52 56 59 61 64 69 72 75 79 84 87 89 91 94 97 102 102 102 103 103 105 106 107 109 109 107 106 104 102 101 100 101 99 97 95 94 92 88 84 80 77 73 70 68 65 62 59 55 52 48 45 43 40 36 33 31 30 29 27 25 23 21 20 19 19 18 17 16 15 14 13 15 15 14 14 13 13 13 13 13 13 13 13 14 14 15 15 17 17 17 17 17 17 17 17 17 17 17 17 17 17 17 17 17 17 17 17 17 17 17 17 17 17 17 17 17 17 17 17 17 17 17 17 17 17 17 17 17 17 17 18 18 18 19 19 19 19 19 19 19 19 19 19 20 20 20 20 20 20 20 20 20 20 21 22 24 25 26 26 23 24 27 30 33 35 36 36 48 27 37 35 37 82 132 166 152 183 183 181 181 177 181 172 164 160 149 135 124 116 107 98 87 85 77 69 60 60 108 177 192 188 190 197 193 167 132 107 85 77 75 83 95 104 113 120 136 143 155 166 170 169 172 178 179 179 179 180 180 180 180 180 194 177 176 180 173 129 126 155 144 150 164 167 158 171 199 215 219 231 226 203 170 122 82 70 113 151 184 196 207 226 234 228 239 250 254 251 252 253 237 214 147 106 82 67 158 207 195 104 0 0 16 25 28 22 7 11 16 16 16 16 16 16 16 16 16 16 16 16 17 17 18 18 18 18 18 19 19 19 20 20 21 21 21 21 21 21 21 21 21 21 21 20 20 19 19 19 18 18 18 18 18 18 18 18 20 22 23 23 23 25 28 31 35 37 39 43 48 53 58 60 68 73 80 86 91 95 101 104 113 115 119 124 129 134 137 139 142 143 144 146 148 150 152 152 149 149 150 149 149 147 146 145 144 142 138 134 129 124 121 119 114 110 104 99 95 90 84 80 77 73 67 63 60 56 52 49 48 44 40 37 35 33 31 28 23 22 21 20 19 18 17 16 16 16 15 15 15 14 14 14 14 14 14 13 13 13 12
25 27 30 31 32 35 39 43 45 49 53 56 58 61 66 69 72 76 81 84 86 88 91 94 100 100 99 99 101 103 106 107 110 109 108 106 104 103 102 101 103 101 98 97 96 94 90 87 83 80 76 74 72 69 65 62 58 55 51 48 46 43 39 36 34 33 31 29 27 24 23 22 20 20 19 18 17 16 15 14 15 15 15 14 14 14 13 13 13 13 14 14 14 15 15 15 17 17 17 17 17 17 17 17 17 17 17 17 17 17 17 17 17 17 17 17 17 17 17 17 17 17 17 17 17 17 17 17 17 17 17 17 17 17 17 17 17 17 17 18 18 18 19 19 19 19 19 19 19 19 19 19 20 20 20 20 20 20 20 20 20 20 21 22 23 24 25 25 22 23 26 29 31 33 34 35 39 53 51 54 64 40 51 129 132 178 187 179 184 182 175 173 166 160 149 136 125 116 106 99 92 86 82 95 114 123 147 185 196 190 188 192 192 181 167 158 117 97 80 83 97 108 113 114 136 137 148 163 168 164 169 181 184 183 182 180 180 180 182 182 181 177 187 173 157 96 117 175 185 173 165 133 71 36 57 90 96 100 85 54 25 1 1 21 25 20 24 42 61 76 95 112 127 145 162 169 182 209 238 253 254 233 203 138 68 86 146 164 168 68 17 3 8 15 8 31 16 16 16 16 16 16 16 16 16 16 16 16 17 17 18 18 18 18 18 19 19 19 20 20 21 21 21 21 21 21 21 21 21 21 21 20 20 19 19 19 18 18 18 18 18 18 18 18 19 21 22 22 22 23 26 29 33 34 37 40 45 50 54 56 64 68 74 80 85 90 96 100 108 111 115 120 126 131 136 138 140 141 143 145 148 150 151 151 149 150 150 150 150 149 147 147 145 143 140 136 132 128 124 123 118 114 108 103 99 94 89 85 81 77 71 66 63 59 55 52 50 46 41 38 36 34 31 29 24 23 22 21 19 18 17 16 16 16 16 15 15 15 14 14 14 14 14 13 13 13 12
25 27 29 30 31 34 38 41 43 46 51 54 56 59 63 67 70 74 79 82 84 86 89 92 97 97 97 97 99 102 105 107 109 108 107 106 105 104 103 103 103 101 99 98 98 96 92 89 86 83 79 76 74 72 68 65 61 58 54 51 48 45 40 37 37 36 34 32 29 26 25 24 21 21 20 19 18 16 16 15 16 16 15 15 14 14 14 14 14 14 14 14 15 15 16 16 17 17 17 17 17 17 17 17 17 17 17 17 17 17 17 17 17 17 17 17 17 17 17 17 17 17 17 17 17 17 17 17 17 17 17 17 17 17 17 17 17 17 17 18 18 18 19 19 19 19 19 19 19 19 19 19 20 20 20 20 20 20 20 20 20 21 21 22 22 23 23 24 23 24 26 29 31 32 33 33 23 58 39 21 38 33 28 52 92 148 180 175 180 181 171 178 175 167 157 147 138 127 119 114 106 102 102 126 159 170 173 186 193 191 191 191 188 183 183 188 183 156 123 102 96 101 113 124 132 134 146 162 167 163 168 179 184 182 180 179 179 180 182 183 174 180 185 154 127 52 63 123 164 150 118 67 27 24 26 11 19 17 9 11 24 27 31 47 15 16 29 46 48 35 23 21 25 28 37 45 49 56 78 102 141 187 224 251 239 154 87 96 130 205 92 16 21 6 28 17 16 16 16 16 16 16 16 16 16 16 16 16 17 17 18 18 18 18 18 19 19 19 20 20 21 21 21 21 21 21 21 21 21 21 21 20 20 19 19 19 18 18 18 18 18 18 18 18 18 20 21 21 20 21 24 27 31 32 35 38 43 47 51 53 60 64 69 74 79 85 91 96 104 107 111 117 123 129 133 135 136 138 141 144 147 148 149 149 150 150 151 151 151 150 149 148 145 144 141 138 134 130 127 126 121 117 112 107 103 99 93 90 85 81 75 70 66 62 58 54 52 48 43 40 38 35 32 30 26 25 24 23 21 19 18 17 17 17 16 16 16 15 15 15 14 14 14 13 13 13 12
24 26 28 29 30 32 36 39 40 43 48 51 53 56 60 64 67 71 76 79 81 83 86 89 93 93 94 96 99 101 104 105 107 107 107 106 106 106 105 105 105 103 101 100 100 98 95 92 89 86 83 80 78 75 71 68 65 62 57 54 51 47 43 40 40 39 37 34 31 28 26 25 22 22 21 20 19 17 16 16 16 16 16 15 15 14 14 14 14 14 14 15 15 16 16 16 17 17 17 17 17 17 17 17 17 17 17 17 17 17 17 17 17 17 17 17 17 17 17 17 17 17 17 17 17 17 17 17 17 17 17 17 17 17 17 17 17 17 17 18 18 18 19 19 19 19 19 19 19 19 19 19 20 20 20 20 20 20 20 20 20 21 21 21 22 22 23 23 24 25 26 28 29 30 30 30 42 34 23 35 53 92 126 104 69 120 176 181 178 179 168 177 175 167 159 155 149 140 134 133 129 134 136 148 169 175 178 192 190 193 198 197 188 178 178 184 194 190 180 160 134 119 126 141 139 144 155 166 168 167 170 176 180 179 178 177 177 178 179 180 180 182 171 150 120 38 19 72 31 9 4 5 13 28 33 21 41 41 35 31 28 12 4 17 89 101 92 58 35 36 39 33 39 23 18 29 34 29 29 37 23 19 47 90 218 254 241 171 114 101 197 119 12 35 8 7 16 16 16 16 16 16 16 16 16 16 16 16 17 17 18 18 18 18 18 19 19 19 20 20 21 21 21 21 21 21 21 21 21 21 21 20 20 19 19 19 18 18 18 18 18 18 18 18 18 19 20 20 19 19 22 25 29 30 32 35 39 44 48 50 55 59 64 69 73 80 86 91 100 102 107 112 118 124 128 130 132 135 138 142 145 146 147 147 150 150 151 152 152 151 150 150 147 145 143 140 136 133 131 130 124 121 116 111 108 103 98 95 90 86 80 74 70 66 62 58 55 51 46 43 40 38 34 32 29 28 27 25 23 21 19 19 17 17 17 16 16 16 15 15 14 14 14 13 13 13 12
21 23 25 26 27 29 33 36 36 40 44 47 49 52 57 60 63 67 72 75 77 79 82 85 89 91 93 96 99 101 103 103 105 105 106 106 107 107 108 108 108 106 104 103 103 102 98 95 94 91 87 84 82 79 75 72 69 66 61 58 55 51 46 43 42 41 39 36 33 30 28 26 23 22 22 20 19 18 17 17 16 16 16 16 15 15 15 14 14 15 15 15 16 16 16 16 17 17 17 17 17 17 17 17 17 17 17 17 17 17 17 17 17 17 17 17 17 17 17 17 17 17 17 17 17 17 17 17 17 17 17 17 17 17 17 17 17 17 17 18 18 18 19 19 19 19 19 19 19 19 19 19 20 20 20 20 20 20 20 20 21 21 21 21 21 22 22 22 24 24 25 26 26 26 25 25 20 37 46 63 62 73 94 62 50 87 162 183 177 180 168 173 172 164 159 159 156 148 144 146 146 156 156 157 165 170 178 195 189 191 195 196 188 178 174 177 174 184 195 193 174 152 144 146 146 156 164 165 165 170 173 173 178 177 176 175 174 173 173 173 183 177 154 158 123 39 10 85 179 137 118 116 86 41 17 12 2 2 3 21 52 87 139 193 237 253 253 241 222 215 201 183 151 132 108 89 70 48 24 10 40 23 49 40 25 75 198 254 247 183 106 164 120 0 15 37 16 16 16 16 16 16 16 16 16 16 16 16 17 17 18 18 18 18 18 19 19 19 20 20 21 21 21 21 21 21 21 21 21 21 21 20 20 19 19 19 18 18 18 18 18 18 18 18 17 18 19 19 18 18 21 23 25 26 28 32 36 40 43 46 50 53 58 63 67 74 81 86 95 97 101 107 112 118 122 124 129 132 136 140 143 144 145 144 150 151 152 152 152 152 151 151 149 148 146 143 140 137 135 134 129 125 120 116 113 108 103 100 96 92 85 80 76 72 67 64 60 56 51 47 44 42 38 36 31 31 29 27 25 23 21 20 18 17 17 17 16 16 16 15 14 14 14 13 13 13 12
19 21 23 24 24 26 30 33 33 37 41 44 46 49 54 57 60 64 69 72 74 76 79 82 87 89 93 97 100 101 102 102 104 104 105 106 107 108 109 110 110 108 106 106 106 104 101 98 97 94 90 87 85 82 78 75 72 69 64 61 57 54 49 46 43 42 40 37 33 31 28 27 23 23 22 21 20 18 18 17 17 16 16 16 15 15 15 15 15 15 15 15 16 16 16 17 17 17 17 17 17 17 17 17 17 17 17 17 17 17 17 17 17 17 17 17 17 17 17 17 17 17 17 17 17 17 17 17 17 17 17 17 17 17 17 17 17 17 17 18 18 18 19 19 19 19 19 19 19 19 19 19 20 20 20 20 20 20 20 20 21 21 21 21 21 21 21 21 23 23 24 24 24 23 22 21 41 146 128 61 45 49 55 37 20 47 136 174 172 182 172 173 176 167 162 164 162 154 150 153 151 159 157 156 166 173 180 194 188 186 186 188 186 180 179 182 188 181 177 179 179 169 156 149 147 159 164 159 159 169 174 171 177 176 175 173 172 170 169 168 178 170 142 160 111 25 6 116 252 237 229 222 211 204 185 156 159 154 154 175 205 218 228 248 251 240 238 249 253 253 247 245 234 244 242 221 199 183 162 143 119 124 67 65 37 62 52 95 198 221 232 178 137 90 10 0 16 16 16 16 16 16 16 16 16 16 16 16 17 17 18 18 18 18 18 19 19 19 20 20 21 21 21 21 21 21 21 21 21 21 21 20 20 19 19 19 18 18 18 18 18 18 18 18 17 18 19 18 17 17 20 22 23 24 26 29 33 37 40 42 46 50 54 58 63 70 77 82 92 94 98 103 108 113 117 119 127 130 134 139 142 143 143 143 150 151 152 153 153 153 152 151 151 150 148 146 143 140 138 137 132 128 124 119 116 112 107 104 101 96 90 84 80 76 71 67 63 59 54 50 48 45 41 39 33 32 31 28 26 24 22 21 18 18 17 17 17 16 16 16 14 14 14 13 13 13 12
19 20 21 23 25 26 28 28 33 34 35 38 42 45 49 51 58 61 64 67 69 73 78 82 84 86 90 92 93 95 99 102 100 102 104 106 108 109 109 109 107 108 108 108 107 106 105 104 98 96 93 91 89 86 81 78 76 73 68 64 60 56 51 47 46 43 40 37 35 33 29 26 26 26 24 23 21 19 18 17 18 17 16 15 14 14 14 14 17 17 17 17 17 17 17 17 17 17 17 17 17 17 17 17 17 17 17 17 17 17 17 17 17 17 17 17 17 17 17 17 17 17 17 17 17 17 17 17 18 18 18 18 18 18 18 18 19 19 19 19 19 19 19 19 19 19 19 20 20 21 21 21 20 20 20 20 20 20 20 20 21 18 13 11 18 28 27 19 18 22 25 15 27 7 5 105 225 207 62 35 29 49 26 41 28 36 125 154 177 171 161 171 165 167 169 171 170 166 162 160 154 169 170 151 166 185 177 194 182 183 184 183 180 177 176 176 179 178 174 171 173 175 168 159 159 162 165 166 167 168 171 173 176 176 176 174 172 171 172 174 165 146 147 147 93 25 27 77 216 251 247 230 241 238 228 243 234 238 242 246 249 249 238 225 240 249 253 249 249 254 253 247 236 231 236 247 248 239 240 250 223 231 231 212 172 118 59 18 76 106 192 247 209 145 87 31 20 13 7 13 26 5 34 6 15 15 15 15 15 15 15 15 18 18 18 18 18 18 18 18 20 20 20 20 20 20 20 20 20 20 19 19 19 18 18 18 17 17 17 17 17 17 17 17 16 16 17 18 18 19 19 20 22 21 21 22 25 30 36 39 46 48 50 55 59 65 69 71 83 91 96 98 103 111 117 118 124 129 134 138 140 141 143 145 148 149 150 151 152 152 152 152 152 151 149 147 144 142 140 139 134 131 127 124 121 117 111 107 102 98 93 88 84 80 74 70 65 61 57 53 50 47 42 39 37 35 31 29 28 26 22 19 19 19 18 18 17 17 16 16 15 15 15 14 14 14 13
19 19 21 22 24 26 27 28 32 33 34 37 40 44 47 49 55 58 61 64 66 70 75 79 81 84 87 89 91 93 96 99 99 101 103 105 107 108 109 109 107 108 108 108 107 106 105 104 101 98 95 94 92 89 84 81 79 76 71 67 63 59 54 51 49 46 43 40 38 36 32 29 27 27 25 24 22 20 19 18 19 18 16 15 14 14 14 15 17 17 17 17 17 17 17 17 17 17 17 17 17 17 17 17 17 17 17 17 17 17 17 17 17 17 17 17 17 17 17 17 17 17 17 17 17 17 17 17 18 18 18 18 18 18 18 18 19 19 19 19 19 19 19 19 19 19 19 20 20 21 21 21 20 20 20 20 20 20 20 20 16 13 21 33 28 9 5 14 19 29 42 10 8 104 202 242 231 138 29 30 18 38 36 36 22 29 128 134 169 159 163 160 162 164 168 171 172 170 167 165 159 151 159 143 172 185 185 191 185 186 185 182 177 173 171 171 172 175 174 171 170 170 166 160 164 166 168 169 168 168 169 171 171 171 171 169 168 167 167 168 165 146 146 133 74 22 25 50 194 226 237 236 246 243 236 244 234 242 244 237 229 228 231 232 192 132 66 45 74 125 168 192 231 239 245 243 238 237 239 240 252 249 248 254 254 242 197 155 76 67 53 112 225 240 127 22 1 31 23 29 1 25 2 21 16 16 16 16 16 16 16 16 18 18 18 18 18 18 18 18 20 20 20 20 20 20 20 20 20 20 19 19 19 18 18 18 17 17 17 17 17 17 17 17 16 16 17 17 18 18 19 19 22 21 20 21 25 30 35 38 43 45 47 51 56 62 66 68 78 85 91 93 98 106 112 113 121 125 131 135 137 138 141 143 147 148 149 151 152 152 152 152 152 151 150 147 145 143 141 140 137 134 130 127 124 120 114 110 106 102 97 92 88 83 78 74 68 65 60 57 53 50 45 42 39 36 33 30 29 27 23 20 20 19 19 18 18 17 17 16 16 15 15 15 14 14 14
18 19 20 21 23 24 26 26 30 31 33 35 38 42 45 47 51 54 57 60 62 66 71 75 77 80 83 86 87 90 93 96 98 99 102 104 106 108 108 108 107 107 108 108 108 107 106 105 103 101 98 97 95 92 88 84 83 79 75 71 68 64 59 55 54 51 47 44 42 39 35 32 29 28 27 25 23 21 20 19 19 19 17 16 15 15 15 15 17 17 17 17 17 17 17 17 17 17 17 17 17 17 17 17 17 17 17 17 17 17 17 17 17 17 17 17 17 17 17 17 17 17 17 17 17 17 17 17 18 18 18 18 18 18 18 18 19 19 19 19 19 19 19 19 19 19 19 20 20 21 21 21 20 20 20 20 20 20 20 20 16 20 23 23 19 18 23 29 19 18 0 66 201 255 253 255 225 56 0 26 13 30 50 36 25 35 141 123 158 149 168 152 162 165 169 172 173 171 168 166 161 137 151 144 172 191 195 185 184 184 183 179 174 171 169 170 171 174 173 167 163 162 161 158 168 170 172 171 169 167 168 169 167 166 165 164 163 161 160 160 160 139 142 122 56 21 27 26 23 65 125 179 213 222 218 213 232 208 191 204 221 193 110 33 1 1 20 38 29 8 5 18 72 119 169 196 212 229 237 234 235 248 254 251 244 245 252 254 187 162 92 21 56 180 225 166 24 1 32 20 16 23 10 17 16 16 16 16 16 16 16 16 18 18 18 18 18 18 18 18 20 20 20 20 20 20 20 20 20 20 19 19 19 18 18 18 17 17 17 17 17 17 17 17 16 17 17 17 18 18 18 18 21 21 20 21 24 28 33 36 39 41 43 47 52 57 62 64 71 78 84 87 92 100 106 107 116 120 126 130 133 135 137 139 145 146 148 150 151 151 152 152 152 152 150 148 146 144 143 142 141 138 134 131 128 124 119 115 111 107 102 97 93 89 83 79 73 70 65 61 58 54 49 46 42 39 35 33 31 29 25 22 21 21 20 19 19 18 17 17 16 16 15 15 15 14 14
17 18 19 20 21 23 24 24 28 29 30 32 35 39 42 44 48 50 54 56 59 62 67 71 74 77 80 83 85 87 91 94 96 97 100 103 105 107 107 108 107 107 108 109 108 108 107 106 105 103 100 99 97 95 90 87 86 82 78 74 71 68 63 60 57 54 50 47 45 42 38 34 32 31 29 27 25 22 21 20 20 19 18 17 16 16 16 16 17 17 17 17 17 17 17 17 17 17 17 17 17 17 17 17 17 17 17 17 17 17 17 17 17 17 17 17 17 17 17 17 17 17 17 17 17 17 17 17 18 18 18 18 18 18 18 18 19 19 19 19 19 19 19 19 19 19 19 20 20 21 21 21 20 20 20 20 20 20 20 20 24 20 21 27 25 16 14 19 0 62 152 233 244 245 254 230 186 11 0 24 22 30 53 42 27 48 148 129 135 142 161 147 165 167 170 172 171 168 165 162 155 141 148 145 148 195 198 181 178 180 180 178 174 172 172 173 173 171 164 154 151 154 156 154 166 168 171 171 168 167 166 167 165 164 162 161 161 159 157 155 151 128 141 125 52 21 32 23 35 15 6 8 17 44 75 88 59 72 72 44 10 1 6 20 46 32 24 33 45 47 38 31 19 6 1 22 78 132 151 145 192 202 215 228 242 252 254 251 254 228 212 154 49 39 130 196 138 10 12 18 26 15 33 10 16 16 16 16 16 16 16 16 18 18 18 18 18 18 18 18 20 20 20 20 20 20 20 20 20 20 19 19 19 18 18 18 17 17 17 17 17 17 17 17 17 17 17 17 17 17 17 17 21 20 20 21 23 26 30 32 36 37 40 44 49 54 58 61 66 74 80 82 88 96 103 104 111 115 122 126 129 132 135 137 142 144 146 148 150 151 151 151 152 152 151 149 148 147 145 145 143 141 137 134 132 128 123 119 116 112 107 102 98 93 88 84 78 74 69 65 62 57 53 49 46 43 39 36 34 32 28 25 23 23 22 21 20 19 18 18 16 16 16 15 15 15 14
17 17 18 19 20 21 22 22 26 27 28 30 32 36 38 40 45 48 51 54 56 60 65 68 71 74 78 81 83 86 90 93 94 95 98 101 104 106 107 107 107 107 108 109 109 109 108 107 106 103 101 100 99 96 92 89 88 84 80 77 74 71 66 63 60 57 53 49 47 44 39 36 34 33 31 29 26 24 22 21 21 20 19 18 17 17 17 17 17 17 17 17 17 17 17 17 17 17 17 17 17 17 17 17 17 17 17 17 17 17 17 17 17 17 17 17 17 17 17 17 17 17 17 17 17 17 17 17 18 18 18 18 18 18 18 18 19 19 19 19 19 19 19 19 19 19 19 20 20 21 21 21 20 20 20 20 20 20 20 20 33 26 13 7 19 32 19 0 134 181 226 255 249 247 254 245 117 5 11 16 29 26 40 40 19 49 138 141 108 135 146 146 161 163 166 168 168 165 162 159 148 152 138 127 105 188 193 183 177 179 181 180 176 173 172 172 169 161 147 136 136 145 151 152 159 163 166 168 167 165 165 166 167 164 162 162 162 160 155 151 145 123 143 134 60 21 32 30 42 31 29 30 27 28 24 10 19 27 34 34 31 29 24 18 15 20 14 1 2 14 15 6 20 30 39 33 9 1 10 35 44 59 79 102 133 174 211 232 247 251 249 242 195 104 62 92 184 91 1 29 10 16 18 21 17 17 17 17 17 17 17 17 18 18 18 18 18 18 18 18 20 20 20 20 20 20 20 20 20 20 19 19 19 18 18 18 17 17 17 17 17 17 17 17 17 17 17 16 16 16 16 16 20 19 19 20 22 25 27 29 33 34 37 41 46 51 55 58 63 71 77 80 85 94 101 102 107 112 118 123 127 130 133 136 140 141 143 146 149 150 151 151 153 152 151 151 150 149 148 148 145 143 140 137 135 131 126 123 120 116 111 106 102 98 92 88 82 78 73 68 65 60 55 51 50 46 43 40 38 35 31 28 25 25 24 23 21 20 19 18 17 17 16 16 16 15 15
16 16 17 18 18 19 20 20 24 24 25 27 30 33 35 37 42 44 48 50 53 56 61 65 68 71 75 78 81 84 88 91 92 94 96 100 102 105 106 106 107 107 108 109 110 109 109 108 107 105 103 102 101 99 95 92 91 87 83 80 78 74 70 67 64 60 56 52 50 46 42 38 37 36 34 31 28 25 23 22 22 21 20 19 18 18 18 18 17 17 17 17 17 17 17 17 17 17 17 17 17 17 17 17 17 17 17 17 17 17 17 17 17 17 17 17 17 17 17 17 17 17 17 17 17 17 17 17 18 18 18 18 18 18 18 18 19 19 19 19 19 19 19 19 19 19 19 20 20 21 21 21 20 20 20 20 20 20 20 20 27 6 18 38 5 0 71 205 230 255 242 244 254 252 224 232 52 15 19 8 27 19 26 30 20 40 124 152 100 131 134 145 151 153 158 162 163 162 160 159 144 151 125 105 92 180 187 186 181 184 186 185 180 174 169 167 162 155 140 126 125 135 146 151 154 158 163 165 165 164 164 164 167 164 161 161 161 159 153 147 141 129 144 131 62 20 26 29 1 10 14 14 20 26 21 12 22 24 22 14 9 11 14 14 1 45 109 170 220 228 171 102 27 7 3 25 45 41 27 20 21 34 36 17 1 11 45 75 173 221 253 248 243 225 151 61 99 112 27 11 31 9 6 25 17 17 17 17 17 17 17 17 18 18 18 18 18 18 18 18 20 20 20 20 20 20 20 20 20 20 19 19 19 18 18 18 17 17 17 17 17 17 17 17 17 17 16 16 16 15 15 15 19 19 19 20 21 23 24 26 30 31 34 38 43 48 52 55 58 66 72 75 81 90 97 98 102 107 114 120 124 127 131 134 137 139 141 145 147 149 151 151 153 152 152 152 151 151 150 150 148 146 143 140 138 135 130 127 125 121 116 111 107 102 97 93 86 82 77 72 69 64 59 55 53 50 46 43 41 37 33 30 27 27 25 24 22 21 20 19 17 17 17 16 16 16 15
15 15 16 17 17 18 18 19 22 23 24 25 27 30 33 34 37 40 43 46 48 52 57 61 64 67 72 75 77 81 85 88 90 92 95 98 102 104 105 106 106 107 108 109 110 110 110 109 110 108 106 105 104 102 98 95 94 91 87 84 82 79 75 72 68 65 60 56 53 50 45 42 39 37 35 32 29 27 24 23 23 22 21 19 18 18 18 19 17 17 17 17 17 17 17 17 17 17 17 17 17 17 17 17 17 17 17 17 17 17 17 17 17 17 17 17 17 17 17 17 17 17 17 17 17 17 17 17 18 18 18 18 18 18 18 18 19 19 19 19 19 19 19 19 19 19 19 20 20 21 21 21 20 20 20 20 20 20 20 20 19 33 17 1 63 178 244 244 245 247 254 250 245 250 172 60 23 26 18 11 20 15 30 22 32 25 113 149 108 117 121 130 144 147 152 156 158 157 155 154 143 134 124 105 143 191 190 182 181 185 190 190 185 177 171 167 168 167 156 136 123 126 139 149 153 157 162 165 164 163 162 162 164 161 157 158 159 156 148 142 132 135 137 108 53 24 22 20 84 121 119 88 69 48 21 12 4 8 14 26 48 74 92 98 176 220 254 254 254 254 254 254 178 129 65 17 1 6 23 37 30 27 26 33 45 49 35 16 1 5 108 204 231 254 254 219 111 106 76 13 38 10 20 14 18 18 18 18 18 18 18 18 18 18 18 18 18 18 18 18 20 20 20 20 20 20 20 20 20 20 19 19 19 18 18 18 17 17 17 17 17 17 17 17 17 17 16 16 15 15 14 14 18 18 19 19 20 21 22 23 25 27 29 33 38 44 48 50 51 59 66 69 75 84 91 92 97 102 109 115 120 124 128 130 135 137 140 143 147 149 150 151 153 153 153 153 152 152 152 152 152 150 147 145 143 140 135 131 130 126 121 116 112 107 102 98 91 87 82 77 73 68 63 59 56 53 49 45 43 40 35 32 29 28 27 25 23 22 20 20 18 17 17 17 16 16 16
15 15 16 16 17 17 18 18 22 22 23 24 26 29 31 33 34 37 40 43 45 49 54 58 61 64 69 72 75 78 82 86 90 91 94 98 101 103 105 105 106 107 108 110 110 110 110 110 112 110 108 107 107 105 101 98 97 94 90 87 85 82 78 75 71 68 63 59 56 53 48 44 40 38 36 33 30 27 25 24 23 22 21 20 19 19 19 19 17 17 17 17 17 17 17 17 17 17 17 17 17 17 17 17 17 17 17 17 17 17 17 17 17 17 17 17 17 17 17 17 17 17 17 17 17 17 17 17 18 18 18 18 18 18 18 18 19 19 19 19 19 19 19 19 19 19 19 20 20 21 21 21 20 20 20 20 20 20 20 20 17 0 30 138 224 243 247 255 255 252 250 246 254 169 32 11 23 33 16 20 17 18 42 20 41 10 104 136 113 98 105 105 145 147 151 153 153 151 148 146 141 118 133 122 208 210 197 177 177 183 190 193 189 182 175 171 180 185 178 152 126 120 133 146 155 159 164 166 165 162 161 161 162 158 154 154 156 153 145 137 121 137 129 84 43 29 22 12 149 223 249 227 215 189 156 150 142 143 147 163 194 226 244 248 248 243 237 235 239 244 249 251 254 246 217 176 143 117 85 56 20 14 2 1 2 21 37 43 50 22 1 26 111 189 234 254 254 150 99 60 1 31 32 6 18 18 18 18 18 18 18 18 18 18 18 18 18 18 18 18 20 20 20 20 20 20 20 20 20 20 19 19 19 18 18 18 17 17 17 17 17 17 17 17 17 17 16 16 15 14 14 14 18 18 19 19 20 21 21 22 22 24 26 30 35 40 45 47 46 54 61 64 70 79 86 87 93 99 106 112 117 121 125 128 134 136 139 143 146 149 150 151 153 153 153 153 153 153 153 153 155 152 149 148 146 143 138 135 134 130 125 120 116 111 106 102 95 91 85 80 76 71 66 62 58 54 50 47 44 41 36 33 30 29 28 26 24 22 21 20 18 18 17 17 17 16 16
16 16 16 17 17 17 18 18 22 22 23 24 25 27 27 28 33 34 35 38 42 46 49 51 56 58 62 67 72 77 80 82 86 87 90 93 97 100 102 104 103 105 106 108 110 110 111 110 111 111 110 109 108 106 104 102 101 100 98 94 90 86 83 80 75 71 66 62 59 55 51 47 45 42 37 35 33 32 29 27 26 25 23 22 20 20 19 19 19 19 18 18 17 17 17 17 17 17 17 17 17 17 17 17 17 17 17 17 17 17 17 17 17 17 17 17 17 17 17 17 17 17 17 18 18 18 19 19 19 19 19 19 19 19 19 19 18 18 18 19 19 19 20 20 18 20 18 14 16 25 27 22 16 21 17 16 27 29 20 13 0 110 192 241 255 255 255 249 254 234 254 254 146 48 40 50 1 1 43 16 19 13 16 35 29 16 76 138 121 102 106 94 133 142 152 153 145 138 141 147 141 137 120 157 221 215 170 170 181 173 179 194 196 184 179 186 173 178 178 164 140 126 131 143 147 153 161 166 166 163 158 156 165 158 159 166 159 141 132 136 125 149 122 79 32 18 35 6 134 220 245 243 251 242 241 242 239 240 242 244 242 241 249 254 237 234 233 235 240 244 243 242 240 244 250 253 250 240 227 218 187 182 170 148 112 65 17 1 25 28 40 42 21 26 103 194 251 254 163 63 36 18 25 11 18 17 16 15 15 16 17 18 19 19 19 19 19 19 19 19 19 19 19 20 20 21 21 21 19 19 18 18 18 17 17 17 17 17 17 17 17 17 17 17 16 16 16 16 16 16 16 16 15 16 16 17 18 19 20 21 20 22 25 29 33 36 39 41 49 53 58 62 66 72 78 83 89 94 102 108 113 116 119 121 129 134 139 143 145 147 149 152 147 149 152 153 152 152 153 154 151 151 149 148 146 144 143 142 134 130 125 122 119 115 110 107 101 98 93 88 84 78 72 67 65 61 56 52 49 45 40 36 36 33 29 25 22 21 22 22 21 20 19 18 17 17 18
15 16 16 16 17 17 17 18 21 22 22 24 25 26 27 27 31 32 34 36 40 44 47 49 53 55 59 64 69 74 77 79 83 85 87 90 94 97 100 101 103 104 106 108 109 110 110 110 110 110 110 110 108 107 105 104 101 100 98 95 92 87 84 82 78 74 69 65 62 58 54 50 48 45 40 38 36 34 32 30 27 26 24 22 21 20 20 20 19 19 18 18 18 17 17 17 17 17 17 17 17 17 17 17 17 17 17 17 17 17 17 17 17 17 17 17 17 17 17 17 17 17 17 18 18 18 19 19 19 19 19 19 19 19 19 19 18 18 18 19 19 19 20 20 14 16 24 23 15 20 23 13 32 11 19 31 21 18 20 7 178 237 255 250 243 243 255 249 247 254 241 135 47 38 36 1 40 30 10 0 15 34 16 17 24 18 64 129 118 104 100 100 113 136 154 150 138 134 139 143 134 138 134 162 212 212 184 180 167 167 175 185 185 177 177 183 194 177 164 159 147 132 134 148 152 153 154 155 156 158 160 162 163 162 161 155 145 135 132 133 132 148 111 65 27 14 26 5 118 209 238 237 244 236 235 237 239 237 237 237 234 233 241 251 236 232 229 230 234 239 241 241 231 235 241 248 251 250 246 242 254 254 253 250 240 221 199 183 69 21 1 13 41 40 24 15 86 198 254 141 49 1 12 37 18 17 16 15 15 16 17 18 19 19 19 19 19 19 19 19 19 19 19 20 20 21 21 21 19 19 18 18 18 17 17 17 17 17 17 17 17 17 17 17 16 16 16 16 16 16 16 16 15 16 16 17 18 19 20 20 21 22 25 28 31 35 37 38 46 49 54 58 62 67 74 78 85 90 98 104 109 112 116 118 126 131 136 140 142 144 147 149 147 150 153 153 153 153 154 155 153 152 151 149 147 146 144 144 137 134 129 126 123 119 114 111 105 102 97 92 88 82 76 71 66 62 57 53 50 46 41 37 37 35 32 28 26 24 24 24 22 21 20 18 18 18 18
15 15 16 16 16 17 17 17 20 21 21 23 24 25 26 26 29 30 31 34 37 41 44 46 50 52 55 60 65 69 73 75 80 81 84 87 91 94 97 99 102 103 105 107 109 110 110 110 109 109 110 110 109 108 107 106 103 102 100 97 94 90 86 84 82 78 74 70 66 63 58 54 52 49 44 41 40 38 35 33 29 28 26 24 22 21 21 21 19 19 19 18 18 18 17 17 17 17 17 17 17 17 17 17 17 17 17 17 17 17 17 17 17 17 17 17 17 17 17 17 17 17 17 18 18 18 19 19 19 19 19 19 19 19 19 19 18 18 18 19 19 19 20 20 18 13 26 27 12 17 27 15 9 29 22 7 3 17 110 243 252 255 253 255 252 253 254 254 254 239 117 13 18 28 31 75 193 160 60 35 20 16 3 32 18 20 45 113 116 110 90 104 97 127 152 149 136 132 135 136 128 128 129 147 182 201 188 167 165 167 171 174 177 180 183 186 175 147 135 149 154 142 138 148 144 144 145 147 151 156 160 163 161 166 157 136 125 130 131 125 125 129 85 43 25 20 27 20 97 197 233 232 238 232 232 233 241 237 235 233 229 228 235 244 237 233 228 227 230 236 240 243 238 237 238 241 246 248 248 247 243 243 244 248 253 254 251 247 251 202 132 66 21 9 31 59 30 34 136 254 150 19 7 8 18 17 17 16 16 17 17 18 19 19 19 19 19 19 19 19 19 19 19 20 20 21 21 21 19 19 18 18 18 17 17 17 17 17 17 17 17 17 17 17 16 16 16 16 16 16 16 16 15 16 16 17 18 18 19 19 21 22 24 27 29 32 33 34 40 44 48 52 56 62 68 72 80 85 92 99 103 107 111 114 123 126 132 135 138 140 144 146 147 150 153 154 154 154 155 156 155 154 153 151 150 148 147 146 142 139 135 131 128 125 120 117 111 107 102 98 93 88 81 77 71 67 62 58 54 50 45 41 39 38 36 33 30 28 26 25 23 22 21 19 18 18 18
15 15 15 16 16 16 17 17 19 19 20 21 22 24 24 25 27 27 29 31 34 37 40 42 48 49 53 57 62 66 69 71 77 79 81 85 89 93 96 97 100 101 104 106 108 109 110 110 108 109 110 110 111 110 109 109 105 104 103 100 97 93 90 88 85 82 77 73 70 66 61 58 55 52 47 44 42 40 37 34 32 30 28 26 24 23 22 22 20 20 19 19 18 18 18 18 17 17 17 17 17 17 17 17 17 17 17 17 17 17 17 17 17 17 17 17 17 17 17 17 17 17 17 18 18 18 19 19 19 19 19 19 19 19 19 19 18 18 18 19 19 19 20 20 27 13 21 24 10 20 34 22 27 21 27 22 51 167 255 255 252 241 241 255 253 247 254 248 220 111 21 16 30 33 97 199 244 215 71 6 9 18 14 13 17 22 25 90 115 118 84 99 99 115 137 149 146 135 129 128 143 130 130 141 166 202 204 169 176 172 166 166 176 186 182 172 133 125 130 149 160 152 141 137 131 134 140 148 155 159 159 158 160 162 145 116 110 126 130 117 120 108 62 29 28 27 27 30 77 188 233 231 237 232 233 233 243 240 238 237 233 229 232 238 237 235 232 230 232 237 241 243 244 240 236 237 240 243 242 241 251 249 247 250 253 254 252 250 241 247 241 208 152 87 31 1 37 30 56 136 231 60 8 32 18 18 17 17 17 17 18 18 19 19 19 19 19 19 19 19 19 19 19 20 20 21 21 21 19 19 18 18 18 17 17 17 17 17 17 17 17 17 17 17 16 16 16 16 16 16 16 16 15 16 16 17 17 18 18 18 21 22 23 25 27 28 29 30 36 40 44 48 52 57 63 67 75 80 87 93 98 102 107 110 120 123 128 132 134 137 141 145 147 150 153 154 154 154 156 157 157 156 155 154 152 151 150 150 147 143 139 136 133 130 126 122 116 112 107 103 99 93 86 82 78 74 69 64 60 56 51 47 41 40 39 36 33 30 27 25 24 23 22 20 19 19 19
14 14 15 15 15 16 16 16 17 18 19 20 21 22 23 24 25 26 27 29 31 35 37 39 46 48 51 55 59 63 67 68 75 77 80 84 88 92 95 96 99 100 102 105 107 109 109 110 109 109 110 111 112 111 111 110 107 107 105 103 100 96 93 91 88 85 80 76 73 69 64 60 58 54 49 46 44 41 38 36 34 33 30 28 26 24 23 23 20 20 20 19 19 19 18 18 17 17 17 17 17 17 17 17 17 17 17 17 17 17 17 17 17 17 17 17 17 17 17 17 17 17 17 18 18 18 19 19 19 19 19 19 19 19 19 19 18 18 18 19 19 19 20 20 28 15 18 23 17 22 27 17 22 16 13 91 221 255 244 238 255 255 255 255 243 249 253 210 100 16 28 50 18 92 215 235 210 237 129 3 1 16 37 9 19 22 14 64 112 124 89 91 108 101 115 145 157 141 125 123 136 124 131 137 145 183 207 187 184 175 166 170 183 182 157 128 112 133 150 156 160 161 151 136 139 140 145 152 159 162 160 158 156 150 126 101 103 123 126 113 128 92 52 29 29 29 21 25 56 180 234 232 235 233 235 233 241 239 241 243 240 233 230 232 234 234 234 234 235 236 239 241 238 234 232 235 242 248 248 247 238 237 237 240 244 243 237 231 251 246 242 246 249 224 163 106 21 13 51 43 173 174 13 11 18 18 18 18 18 18 18 18 19 19 19 19 19 19 19 19 19 19 19 20 20 21 21 21 19 19 18 18 18 17 17 17 17 17 17 17 17 17 17 17 16 16 16 16 16 16 16 16 16 16 16 16 17 17 17 17 20 21 22 23 24 25 26 26 34 37 41 45 48 53 59 63 71 76 82 88 93 98 104 108 117 121 125 128 131 135 140 144 146 149 152 154 154 154 156 158 158 157 157 156 154 153 153 152 149 146 142 139 137 134 129 126 120 117 112 108 103 98 91 87 82 78 73 68 64 59 53 49 43 42 41 38 34 31 28 26 26 25 23 21 20 19 19
14 14 14 15 15 15 16 16 16 16 17 18 20 21 22 22 24 25 26 27 30 33 35 37 44 45 48 52 56 60 63 65 72 74 77 81 86 90 93 95 97 99 101 104 106 108 109 109 110 110 111 112 112 112 111 111 109 109 107 105 102 99 96 95 91 88 83 79 76 72 67 64 61 57 52 48 46 43 40 38 37 35 33 30 27 26 25 24 21 20 20 20 19 19 19 19 17 17 17 17 17 17 17 17 17 17 17 17 17 17 17 17 17 17 17 17 17 17 17 17 17 17 17 18 18 18 19 19 19 19 19 19 19 19 19 19 18 18 18 19 19 19 20 20 20 19 19 24 27 21 12 12 7 13 119 241 255 235 252 255 243 255 251 248 254 254 185 69 21 27 27 25 80 199 254 234 233 217 135 30 21 1 19 22 22 21 13 37 101 123 106 93 103 92 103 138 158 149 135 132 127 124 140 143 129 148 186 199 182 175 172 178 181 160 120 87 92 124 146 145 150 166 166 152 160 156 153 154 158 162 162 161 148 132 109 97 103 116 121 118 128 67 41 32 29 35 27 28 37 172 235 232 233 232 235 231 235 235 239 245 243 236 230 230 231 233 234 234 234 234 236 238 242 237 233 237 245 251 251 248 237 237 239 244 247 245 238 232 226 235 239 239 242 248 246 238 178 78 2 38 22 193 88 2 17 18 19 19 19 19 18 17 19 19 19 19 19 19 19 19 19 19 19 20 20 21 21 21 19 19 18 18 18 17 17 17 17 17 17 17 17 17 17 17 16 16 16 16 16 16 16 16 16 16 16 16 16 16 16 16 18 19 20 21 22 23 23 24 31 34 38 42 45 49 55 59 66 71 77 82 88 94 100 104 115 117 121 125 128 132 138 142 144 147 151 152 153 153 155 157 158 158 157 156 156 155 154 154 152 148 145 142 140 137 133 130 126 122 117 113 108 103 96 92 84 80 74 69 65 60 54 50 47 45 43 39 35 32 30 28 28 26 24 22 21 20 19
13 14 14 14 15 15 15 16 15 15 16 17 19 20 21 21 24 24 25 27 29 32 34 36 40 42 45 48 52 56 59 60 69 70 74 78 83 87 91 92 96 97 100 103 106 108 109 109 111 112 113 113 113 112 111 111 111 110 109 107 105 101 99 97 96 92 87 83 80 76 72 68 65 61 56 52 49 47 43 41 38 37 34 31 29 27 26 25 21 21 20 20 20 19 19 19 17 17 17 17 17 17 17 17 17 17 17 17 17 17 17 17 17 17 17 17 17 17 17 17 17 17 17 18 18 18 19 19 19 19 19 19 19 19 19 19 18 18 18 19 19 19 20 20 12 28 21 19 31 19 11 35 51 171 254 255 255 255 251 245 248 255 247 251 239 167 63 1 25 41 24 69 200 254 227 211 164 79 12 1 29 20 1 3 23 18 20 13 84 114 130 106 84 93 110 132 152 163 162 157 156 146 152 155 133 121 144 173 163 159 161 162 146 115 87 76 68 92 113 125 141 162 166 156 163 159 155 157 161 163 161 157 136 114 99 103 106 105 114 130 126 43 32 36 24 37 37 33 24 168 237 234 233 232 236 231 234 233 237 244 245 239 234 234 234 235 236 234 232 233 237 241 251 243 235 235 241 247 247 245 242 240 239 240 242 241 236 231 225 229 232 232 236 243 248 248 245 250 160 86 47 106 134 1 17 18 19 20 20 19 18 17 19 19 19 19 19 19 19 19 19 19 19 20 20 21 21 21 19 19 18 18 18 17 17 17 17 17 17 17 17 17 17 17 16 16 16 16 16 16 16 16 16 16 16 16 16 15 15 15 16 17 18 19 20 21 22 22 28 31 35 38 41 46 51 55 61 65 71 77 82 88 95 100 111 113 117 120 124 128 135 139 142 145 149 151 151 152 154 156 158 158 157 157 156 155 155 155 155 152 148 145 143 141 137 134 131 128 123 118 114 108 102 97 89 85 79 74 69 64 58 54 52 50 45 41 37 34 33 33 29 27 25 23 21 20 20
13 13 14 14 14 15 15 15 14 15 16 17 18 19 20 21 24 24 25 27 29 32 34 35 38 39 42 45 49 53 56 57 66 68 71 76 80 85 88 90 95 97 100 103 105 107 108 109 112 113 113 114 113 112 111 111 112 111 110 108 106 103 100 98 99 95 90 87 83 79 75 71 68 64 59 55 52 49 46 43 39 38 35 32 29 27 26 26 21 21 21 20 20 20 19 19 17 17 17 17 17 17 17 17 17 17 17 17 17 17 17 17 17 17 17 17 17 17 17 17 17 17 17 18 18 18 19 19 19 19 19 19 19 19 19 19 18 18 18 19 19 19 20 20 12 37 22 10 28 19 21 69 209 238 255 254 240 250 255 251 251 255 248 245 175 50 12 46 42 5 72 201 254 246 201 148 6 6 18 22 11 36 5 18 22 16 28 6 71 106 147 120 67 100 125 131 147 175 187 180 175 144 131 135 117 84 81 104 137 135 137 129 100 68 65 81 62 72 91 117 141 154 150 140 149 149 153 161 167 166 158 150 126 102 95 109 108 97 110 140 138 38 33 39 17 30 33 25 20 169 241 237 235 235 238 232 236 234 237 243 245 242 240 240 240 240 238 235 232 235 241 247 246 237 228 228 237 246 249 249 249 244 239 238 240 242 240 238 229 228 227 227 230 234 240 244 244 244 254 179 39 61 154 72 17 18 20 21 21 20 18 17 19 19 19 19 19 19 19 19 19 19 19 20 20 21 21 21 19 19 18 18 18 17 17 17 17 17 17 17 17 17 17 17 16 16 16 16 16 16 16 16 16 16 16 16 15 15 15 15 15 16 16 18 19 20 21 22 26 29 33 36 39 43 49 53 57 61 67 73 78 85 92 97 108 110 114 117 120 126 132 137 141 144 148 150 150 151 153 155 158 158 157 157 156 156 155 155 157 154 150 148 146 143 140 137 135 132 127 122 118 112 106 101 95 91 85 80 75 70 64 60 56 53 48 42 38 36 36 36 29 28 26 24 22 20 20
13 13 13 13 13 13 13 13 16 16 16 17 17 17 18 18 20 20 21 23 25 28 30 32 36 37 39 43 47 51 54 56 63 64 67 71 76 80 83 85 89 93 97 101 102 104 107 109 109 111 113 114 113 112 113 114 111 111 111 110 109 107 105 104 99 97 94 89 84 80 76 75 71 68 63 60 57 54 49 46 43 40 36 33 33 31 29 27 24 24 23 21 20 19 18 17 19 19 18 18 17 17 17 17 18 18 18 18 18 18 18 18 19 19 19 19 19 19 19 19 19 19 19 19 19 19 19 19 20 20 21 21 21 22 22 22 17 22 22 16 17 23 24 19 30 12 31 20 23 19 58 226 254 247 251 255 255 244 246 255 252 254 236 138 38 20 31 27 1 79 208 248 245 227 113 1 11 21 17 11 17 19 17 19 19 23 15 12 44 99 133 137 93 85 119 118 131 183 189 177 154 167 167 155 148 109 141 139 133 106 96 72 81 64 77 80 70 71 70 85 113 124 122 127 141 145 148 151 158 160 146 129 111 115 93 115 101 86 146 160 131 37 40 1 0 1 6 1 2 155 246 234 223 226 226 236 228 232 236 238 241 244 249 250 242 242 243 244 245 246 245 245 245 250 235 220 234 250 249 246 246 245 240 235 237 243 245 241 232 231 230 230 232 236 240 242 243 250 237 247 124 3 186 141 1 27 12 30 35 5 22 24 20 20 20 20 20 20 20 20 20 20 20 20 20 20 20 20 19 19 18 18 17 17 17 17 18 18 17 17 16 16 16 16 16 16 16 16 16 16 16 16 16 16 16 16 16 16 16 16 15 15 15 16 18 20 21 23 27 30 33 35 36 40 44 48 55 59 64 68 73 79 86 90 100 104 110 115 119 124 129 133 139 142 145 147 148 151 154 157 157 157 156 156 156 155 155 155 155 153 151 151 151 149 146 143 138 135 131 127 122 116 109 103 100 96 90 84 79 74 68 64 60 56 51 47 44 41 37 35 30 29 26 23 21 21 21
13 13 13 13 13 13 13 13 15 16 16 16 17 17 17 18 20 20 21 22 24 27 29 31 33 34 36 39 43 47 51 53 59 61 64 68 73 77 81 83 87 91 95 98 100 102 105 108 109 111 114 114 113 112 113 115 112 112 112 111 110 108 106 105 102 100 97 93 88 83 80 78 74 71 67 63 60 57 52 49 46 43 39 36 35 34 32 29 25 25 24 22 21 19 18 18 19 19 18 18 18 17 17 17 18 18 18 18 18 18 18 18 19 19 19 19 19 19 19 19 19 19 19 19 19 19 19 19 20 20 21 21 21 22 22 22 18 22 21 17 17 22 24 20 9 37 30 26 0 65 230 244 254 255 242 242 255 255 245 255 243 215 79 4 25 29 26 23 74 208 227 248 229 92 18 18 41 12 17 19 2 3 22 8 6 28 27 7 19 72 118 131 104 89 109 104 108 152 174 184 140 166 168 155 176 182 212 189 147 164 157 147 153 152 169 150 43 55 71 88 95 88 93 115 125 124 135 155 160 143 125 118 102 116 98 108 96 97 161 172 106 12 28 113 136 125 132 132 137 210 240 229 234 233 221 226 233 225 220 222 226 229 235 240 249 241 228 214 205 200 198 197 217 233 230 220 227 237 240 243 248 247 242 236 236 240 240 237 232 231 229 229 231 234 238 240 251 232 242 240 207 15 138 204 34 8 25 18 29 9 19 20 20 20 20 20 20 20 20 20 20 20 20 20 20 20 20 20 19 19 18 18 18 17 17 17 18 18 17 17 16 16 16 16 16 16 16 16 16 16 16 16 16 16 16 16 16 16 16 16 15 15 15 16 17 19 21 22 24 27 30 31 33 36 41 44 51 55 60 64 69 75 81 86 97 100 106 111 115 120 126 130 133 136 141 144 146 149 154 157 156 156 156 157 157 157 157 157 156 155 153 153 153 151 148 145 141 138 134 130 126 120 112 107 104 99 94 88 83 78 72 68 63 59 53 49 46 43 40 37 33 31 28 25 24 23 23
13 13 13 13 13 13 13 13 15 15 16 16 16 17 17 17 19 19 20 21 23 26 28 29 30 30 32 35 39 43 46 48 54 56 59 64 69 74 78 80 84 88 93 96 98 100 103 106 108 111 113 114 113 113 114 115 113 114 114 113 112 110 108 107 106 104 101 97 92 88 85 83 79 75 71 67 64 61 56 53 50 47 42 40 39 37 35 32 27 26 25 24 22 20 19 19 19 19 19 18 18 18 17 17 18 18 18 18 18 18 18 18 19 19 19 19 19 19 19 19 19 19 19 19 19 19 19 19 20 20 21 21 21 22 22 22 19 21 21 18 18 22 23 21 26 26 9 0 90 229 255 245 255 249 246 251 253 252 250 247 168 55 21 36 41 5 1 97 198 215 254 220 62 3 28 30 15 2 66 155 135 42 4 26 11 20 19 9 20 62 108 135 140 87 95 138 164 162 142 144 165 161 133 106 123 149 198 200 194 184 149 160 150 145 172 189 176 133 93 83 86 83 81 86 103 108 124 144 148 133 116 109 100 121 104 98 93 117 179 178 88 17 63 238 248 234 241 245 240 243 228 228 246 241 229 241 201 177 159 162 167 167 173 184 172 160 144 133 131 137 147 154 168 216 244 239 224 216 227 249 248 249 244 237 234 238 239 237 232 230 229 228 229 232 235 237 232 241 247 221 249 76 71 231 116 9 33 13 26 20 25 22 20 20 20 20 20 20 20 20 20 20 20 20 20 20 20 20 19 19 19 18 18 18 17 17 18 18 17 17 16 16 16 16 16 16 16 16 16 16 16 16 16 16 16 16 16 16 16 16 15 15 15 16 17 19 20 21 21 23 26 28 29 32 36 40 46 50 54 59 63 69 75 80 91 95 101 106 110 115 121 125 127 131 136 140 143 147 152 156 155 155 156 157 158 159 160 161 159 157 155 155 155 154 151 148 144 141 138 134 130 125 118 113 109 105 99 94 89 83 77 73 67 63 57 53 50 46 42 39 37 35 32 29 27 26 26
13 13 13 13 13 13 13 13 15 15 15 16 16 16 17 17 18 18 19 20 22 24 26 27 27 28 30 32 36 40 43 45 50 52 56 61 67 72 76 78 82 86 90 94 96 99 102 105 107 110 112 113 113 112 114 115 115 115 115 115 114 112 111 110 109 107 104 100 96 92 89 87 82 79 74 71 68 64 60 56 53 50 45 42 41 39 37 34 30 29 27 26 24 22 21 20 20 20 19 19 18 18 18 18 18 18 18 18 18 18 18 18 19 19 19 19 19 19 19 19 19 19 19 19 19 19 19 19 20 20 21 21 21 22 22 22 20 21 20 19 20 22 23 22 17 38 0 83 228 255 252 247 253 240 253 249 236 255 243 147 26 35 15 41 36 44 149 203 240 243 215 74 1 23 20 25 9 129 199 214 190 78 2 22 18 13 17 24 26 38 83 132 123 113 131 156 161 154 156 173 130 96 70 67 69 72 122 173 163 151 149 178 169 172 153 171 182 176 174 167 148 133 124 116 107 118 128 131 130 127 117 104 109 124 102 89 100 148 191 165 48 14 115 254 238 236 244 247 247 239 228 235 247 239 236 253 227 189 162 164 171 167 168 179 185 180 169 155 147 149 162 173 182 182 177 192 227 242 237 232 249 250 246 237 233 237 242 243 232 231 229 227 228 230 233 234 224 253 232 231 241 152 10 206 207 53 18 17 22 22 30 22 21 21 21 21 21 21 21 21 20 20 20 20 20 20 20 20 20 20 19 19 18 18 18 18 18 18 17 17 16 16 16 16 16 16 16 16 16 16 16 16 16 16 16 16 16 16 16 16 15 15 15 15 16 18 19 20 19 21 24 25 27 29 34 37 42 46 50 54 59 64 70 75 86 90 95 101 105 111 117 121 125 129 134 137 141 145 149 153 153 154 156 158 160 161 163 164 161 160 158 158 159 157 154 152 147 144 141 138 134 129 123 118 114 110 104 99 94 89 83 78 72 67 61 56 52 49 44 41 40 38 34 31 29 28 28
13 13 13 13 13 13 13 13 14 14 15 15 15 16 16 16 18 18 18 19 20 22 24 25 27 27 29 31 34 38 41 43 48 50 54 59 64 70 74 76 79 83 88 92 95 97 101 103 105 108 111 112 111 111 113 114 115 115 115 115 115 113 112 111 110 108 106 102 98 94 91 90 85 81 77 73 71 67 63 59 56 52 47 44 43 41 38 36 32 31 30 28 25 23 22 21 20 20 20 19 19 19 18 18 18 18 18 18 18 18 18 18 19 19 19 19 19 19 19 19 19 19 19 19 19 19 19 19 20 20 21 21 21 22 22 22 22 20 20 21 21 21 22 24 28 0 76 209 255 255 255 240 239 254 250 233 247 255 164 29 24 38 31 2 96 201 206 249 238 236 65 1 46 22 1 10 139 217 221 205 209 120 14 8 9 17 27 25 11 13 50 91 49 93 111 107 121 144 138 107 89 92 89 80 78 100 113 125 163 167 184 159 150 204 158 153 145 164 195 206 199 201 190 160 125 120 122 128 125 111 104 106 114 116 96 89 122 178 188 134 22 0 165 238 223 228 233 239 234 238 239 240 239 232 234 246 233 192 159 159 165 159 155 161 175 181 182 169 149 140 146 157 183 160 130 135 177 210 227 240 250 253 250 240 233 236 242 246 234 232 229 227 227 228 230 232 244 238 211 252 236 196 1 151 254 134 5 26 18 13 28 15 21 21 21 21 21 21 21 21 20 20 20 20 20 20 20 20 20 20 20 19 19 19 18 18 18 18 17 17 16 16 16 16 16 16 16 16 16 16 16 16 16 16 16 16 16 16 16 16 16 15 15 15 16 17 18 19 19 21 23 25 26 28 32 35 40 43 47 51 55 60 66 71 81 85 91 96 101 107 113 117 125 129 133 136 138 142 146 149 152 153 155 157 160 162 164 165 163 161 160 160 161 160 157 155 149 146 143 141 138 133 127 122 119 115 109 104 99 93 87 83 76 72 65 60 55 51 46 43 42 39 36 32 30 28 28
13 13 13 13 13 13 13 13 14 14 14 15 15 15 16 16 17 17 17 17 19 20 22 23 26 27 28 30 33 36 39 41 45 47 51 56 61 66 70 72 75 79 85 89 91 94 98 101 102 105 108 110 109 110 111 113 114 115 115 115 115 114 113 112 111 110 107 103 100 96 94 92 88 85 80 77 74 71 66 63 59 55 50 47 45 43 40 37 35 34 32 30 27 25 23 22 21 20 20 20 19 19 19 19 18 18 18 18 18 18 18 18 19 19 19 19 19 19 19 19 19 19 19 19 19 19 19 19 20 20 21 21 21 22 22 22 23 20 19 22 23 21 22 25 18 12 201 255 240 255 241 227 237 255 248 250 255 154 37 25 49 23 8 115 208 219 238 228 204 90 1 21 35 1 20 107 243 210 195 209 182 90 22 21 9 16 14 8 20 44 54 48 96 67 8 8 64 131 184 199 201 118 90 135 139 122 125 196 202 173 161 107 93 147 152 191 179 164 169 180 194 226 232 201 138 106 99 119 117 90 89 113 103 99 95 107 150 192 164 90 22 2 200 235 246 242 239 247 237 241 241 236 235 240 241 235 243 205 170 164 168 163 156 154 159 175 189 184 166 152 154 161 160 169 164 148 136 140 180 232 243 252 254 246 236 235 239 241 236 234 231 228 227 227 229 230 239 226 221 232 229 224 63 63 241 215 32 33 24 11 27 15 22 22 22 22 22 22 22 22 20 20 20 20 20 20 20 20 21 20 20 20 19 19 19 19 18 18 17 17 16 16 16 16 16 16 16 16 16 16 16 16 16 16 16 16 16 16 16 16 16 15 15 15 15 16 17 18 19 21 23 24 25 27 31 34 37 40 45 48 52 57 63 67 75 80 86 92 97 103 109 113 123 127 131 134 136 139 143 146 151 152 154 156 159 162 163 164 164 162 161 162 163 162 159 157 151 149 147 145 142 138 132 128 124 120 114 109 104 98 93 88 82 77 71 65 60 55 50 46 44 42 38 35 32 30 30
13 13 13 13 13 13 13 13 13 14 14 14 15 15 15 16 16 16 16 17 18 19 21 22 24 25 26 28 31 34 37 38 43 45 48 52 57 61 65 67 70 74 80 84 87 90 94 97 100 102 106 107 107 108 110 111 113 114 115 115 115 114 113 112 113 112 109 106 102 99 96 95 92 89 85 81 78 75 70 67 63 59 54 51 49 46 43 40 36 35 34 31 28 26 24 23 21 21 20 20 20 19 19 19 18 18 18 18 18 18 18 18 19 19 19 19 19 19 19 19 19 19 19 19 19 19 19 19 20 20 21 21 21 22 22 22 24 19 19 23 24 20 21 26 35 182 255 255 251 222 245 229 246 252 244 230 169 47 0 51 20 10 109 171 178 226 234 194 86 12 15 16 13 18 76 237 225 234 214 149 69 17 11 26 21 10 8 25 50 67 68 63 21 77 125 197 232 209 207 215 207 207 150 67 62 167 178 159 136 123 125 126 114 99 159 226 133 134 174 206 202 219 243 244 184 149 115 102 93 84 91 107 84 86 109 138 174 185 122 41 13 32 215 229 242 233 237 231 240 237 237 235 236 247 249 236 240 207 170 156 158 158 150 143 170 183 195 192 176 158 150 149 181 175 163 158 159 154 167 196 225 241 253 252 243 239 238 238 238 236 232 229 227 227 229 230 226 233 233 215 227 244 141 1 146 251 83 20 31 15 26 22 22 22 22 22 22 22 22 22 20 20 20 20 20 20 20 20 21 21 20 20 20 19 19 19 18 18 17 17 16 16 16 16 16 16 16 16 16 16 16 16 16 16 16 16 16 16 16 16 16 15 15 14 15 16 17 17 17 19 21 22 23 25 29 32 34 37 41 45 48 53 59 63 70 74 80 86 92 98 104 108 117 121 126 130 133 137 141 145 150 151 153 155 158 160 162 163 164 163 162 162 163 163 160 158 155 153 151 149 147 143 137 133 130 126 120 114 109 104 98 94 89 84 77 70 65 60 55 51 48 46 42 38 35 33 33
13 13 13 13 13 13 13 13 13 13 14 14 14 15 15 15 16 16 16 16 17 18 20 21 23 23 24 26 29 32 35 36 41 43 46 50 54 58 61 63 67 71 76 80 84 87 91 93 98 101 104 106 106 107 108 110 113 113 114 114 114 114 113 112 115 113 111 108 104 101 99 97 95 92 88 84 81 78 73 70 66 62 57 53 51 49 46 43 37 36 34 32 29 27 25 24 21 21 21 20 20 20 19 19 18 18 18 18 18 18 18 18 19 19 19 19 19 19 19 19 19 19 19 19 19 19 19 19 20 20 21 21 21 22 22 22 25 19 19 24 24 20 21 27 190 255 255 234 255 255 230 226 248 239 234 152 36 26 52 14 2 99 182 194 178 184 155 72 1 21 28 19 1 62 188 221 221 204 139 111 124 71 8 17 23 12 33 70 63 33 55 112 174 241 234 216 215 214 220 204 216 217 165 73 30 93 75 56 67 115 127 143 122 67 160 199 129 103 141 205 222 231 243 241 250 234 169 94 69 91 101 87 72 81 124 163 185 170 87 5 10 86 242 237 232 232 252 230 239 234 239 241 236 241 245 236 249 220 181 161 162 166 160 150 149 160 173 177 172 161 153 148 184 173 157 154 160 164 189 228 205 228 250 254 250 244 241 239 240 237 233 230 228 228 229 229 241 239 222 241 248 248 171 1 49 246 118 0 29 14 21 24 22 22 22 22 22 22 22 22 20 20 20 20 20 20 20 20 21 21 21 20 20 20 19 19 18 18 17 17 16 16 16 16 16 16 16 16 16 16 16 16 16 16 16 16 16 16 16 16 16 15 15 14 15 15 16 17 16 18 20 21 21 23 27 30 32 35 39 42 46 50 56 60 66 70 76 82 88 94 100 105 112 116 121 126 131 136 141 145 150 151 153 155 157 159 161 162 164 162 162 162 164 163 161 158 158 156 154 152 150 146 141 137 134 130 124 118 113 108 102 98 93 88 81 75 69 64 58 55 51 48 45 40 37 36 35
13 13 13 13 13 13 13 13 13 13 13 13 13 13 13 13 15 15 16 16 17 18 18 19 21 21 22 24 26 29 31 33 39 42 46 48 50 52 56 58 64 68 73 77 80 84 88 92 90 93 98 101 103 106 109 111 111 112 113 114 115 115 114 114 113 113 112 112 110 108 106 105 99 96 92 88 86 82 78 74 69 66 61 58 55 52 47 44 41 38 35 33 33 31 28 25 23 22 21 20 20 20 20 20 21 21 20 20 20 19 19 19 19 19 19 20 20 20 21 21 20 20 20 20 20 20 20 20 22 21 20 20 22 23 21 20 6 33 24 20 26 6 25 199 255 241 255 254 239 236 226 230 248 253 133 35 30 27 21 14 61 180 201 194 196 169 57 6 14 13 22 11 42 160 234 212 186 109 153 216 229 184 116 3 25 49 72 55 44 112 196 221 231 234 230 216 211 218 218 210 216 197 193 72 25 33 20 28 15 176 126 150 133 43 117 116 104 127 157 180 195 211 235 250 249 246 242 191 107 77 87 81 90 94 125 176 169 121 27 34 1 176 234 235 236 228 249 241 239 240 241 241 241 240 238 237 234 246 180 167 160 167 161 151 143 153 164 174 183 181 162 140 168 177 156 143 156 155 169 219 247 220 217 238 249 250 247 239 240 237 232 228 226 227 229 231 242 242 223 240 240 244 213 70 2 223 168 4 19 19 25 21 22 22 22 22 22 22 22 22 22 22 22 22 22 22 22 22 21 22 23 23 22 20 18 17 18 18 19 19 19 18 16 16 15 15 15 15 14 14 13 13 14 15 15 15 16 16 16 17 16 16 16 16 16 16 16 16 16 17 18 19 21 22 23 24 32 35 38 41 44 48 53 57 63 65 69 74 81 87 93 96 102 109 116 119 125 134 141 142 145 147 150 154 157 159 161 161 161 162 164 165 165 163 162 161 159 159 158 156 152 148 144 142 138 134 129 125 120 114 107 103 99 94 88 82 77 71 65 61 55 53 48 44 40 38 37
13 13 13 13 13 13 13 13 13 13 13 13 13 13 13 13 14 15 15 16 17 18 18 19 21 21 22 23 25 28 30 32 36 39 43 45 47 49 53 56 61 65 70 74 77 81 85 89 89 93 98 101 103 105 108 111 111 112 113 114 115 115 115 114 113 113 113 112 110 109 107 106 102 98 94 91 88 85 81 77 72 68 64 60 57 54 49 46 43 41 37 35 35 33 29 27 24 23 22 21 20 20 20 21 21 21 21 20 20 20 19 19 19 19 20 20 20 21 21 21 20 20 20 20 20 20 20 20 22 20 19 19 21 23 22 21 33 7 17 23 12 13 190 243 255 247 255 255 255 230 205 240 245 126 20 3 33 29 8 20 168 214 195 187 183 97 1 17 21 15 1 41 169 213 184 217 99 118 199 238 198 198 173 81 29 66 55 84 187 224 211 239 221 233 227 227 231 215 194 204 199 199 189 78 29 55 42 51 111 183 142 151 78 105 137 92 126 120 123 141 165 192 219 240 251 250 247 244 204 131 82 79 95 88 147 166 134 67 13 29 62 205 242 238 242 231 243 232 239 240 241 241 241 239 238 237 235 243 195 163 159 168 162 154 142 144 150 163 180 186 170 149 164 177 158 141 148 145 154 193 242 241 235 228 232 251 253 233 238 235 232 229 228 229 230 232 234 236 222 238 235 242 232 121 1 215 182 5 24 22 21 23 22 22 22 22 22 22 22 22 22 22 22 22 22 22 22 22 20 20 21 21 20 19 19 18 18 18 19 19 19 18 16 16 15 15 15 15 14 14 13 13 14 15 15 15 16 16 16 17 16 16 16 16 16 16 16 16 16 17 18 19 21 22 23 23 29 32 35 38 40 44 49 53 60 62 65 71 77 84 89 92 99 106 113 116 122 131 138 139 143 145 148 152 155 158 159 160 161 162 164 165 165 164 163 162 161 161 161 159 156 151 148 145 141 138 133 128 124 118 111 107 102 98 92 86 81 75 69 64 58 55 51 46 43 40 39
13 13 13 13 13 13 13 13 13 13 13 13 13 13 13 13 14 14 15 16 17 17 18 18 20 20 21 22 24 27 29 30 33 36 39 42 43 46 49 52 57 61 65 69 73 76 81 85 88 92 96 100 102 104 107 109 111 111 113 114 115 115 115 115 113 113 113 112 111 110 108 107 105 101 97 94 92 89 85 81 75 71 67 63 61 57 53 49 46 43 40 38 37 35 31 29 26 25 23 22 21 21 21 21 21 21 21 21 20 20 20 19 19 20 20 20 21 21 21 21 20 20 20 20 20 20 20 20 23 20 18 18 20 23 24 23 29 14 14 25 9 169 255 255 255 240 248 242 237 249 233 214 139 14 32 42 18 9 27 152 223 200 200 158 76 15 16 15 11 19 49 147 201 216 202 91 61 189 230 223 200 201 172 194 137 64 126 233 235 230 244 229 232 220 212 213 213 209 202 193 179 155 159 117 52 15 55 176 229 175 177 131 116 140 156 146 125 130 144 159 164 169 194 225 244 244 237 253 252 186 98 81 102 117 156 141 97 19 23 15 138 232 242 237 246 236 241 230 239 239 240 240 240 239 238 237 236 238 217 160 157 168 163 158 146 140 137 149 172 185 174 156 160 177 162 139 137 132 134 158 236 247 245 229 227 244 250 241 237 235 232 229 229 229 231 232 231 232 224 237 229 238 251 185 1 208 194 2 27 26 18 28 23 23 23 23 23 23 23 23 23 23 23 23 23 23 23 23 25 24 23 23 22 22 23 23 18 18 19 19 19 18 16 16 15 15 15 15 14 14 13 13 14 15 15 15 16 16 16 17 16 16 16 16 16 16 16 16 17 17 18 19 20 21 22 23 25 28 31 34 36 40 45 48 56 57 61 66 72 78 84 87 95 102 109 112 117 127 133 135 139 141 145 149 153 156 158 159 161 162 164 166 166 166 164 163 164 164 164 162 160 156 152 150 146 142 137 133 128 123 116 112 108 103 97 91 86 80 74 69 62 59 55 50 45 43 41
13 13 13 13 13 13 13 13 13 13 13 13 13 13 13 13 14 14 15 15 16 17 18 18 19 20 20 21 23 25 27 28 30 33 37 39 41 43 47 50 54 57 62 66 69 73 78 81 86 89 94 97 99 101 104 107 109 110 112 114 115 115 115 115 113 113 114 113 112 111 109 108 107 104 100 97 95 92 88 85 77 74 69 66 63 60 55 52 48 46 42 40 38 36 33 30 28 27 25 23 22 22 22 22 22 22 21 21 21 20 20 20 20 20 20 21 21 21 22 22 21 21 21 21 21 21 21 21 23 20 18 18 20 23 24 24 31 25 25 12 151 255 252 241 249 252 255 252 245 218 135 73 0 36 19 45 10 8 167 236 213 189 175 74 1 7 54 1 17 57 153 213 196 192 141 7 148 238 226 198 204 180 156 233 157 234 239 217 238 232 209 227 223 191 197 197 168 180 183 131 108 137 156 100 99 109 170 228 175 183 201 89 183 221 159 123 124 139 166 184 176 165 181 211 238 252 250 250 252 244 181 136 116 161 144 107 71 16 37 28 191 242 236 232 245 239 242 239 239 239 239 239 239 238 237 237 236 233 236 163 157 168 166 162 155 144 135 141 159 171 168 159 159 177 167 140 129 124 123 134 221 235 243 243 239 233 239 253 243 239 232 227 226 227 231 234 237 233 227 237 226 232 254 227 51 217 198 0 24 28 17 31 23 23 23 23 23 23 23 23 23 23 23 23 23 23 23 23 28 27 24 22 21 22 23 23 18 18 19 19 19 18 16 16 15 15 15 15 14 14 13 13 14 15 15 15 16 16 16 17 16 16 16 16 16 16 16 16 17 17 18 19 20 21 21 22 23 25 28 31 33 36 41 45 52 54 57 62 68 74 79 82 91 98 105 108 113 123 129 131 136 139 143 147 151 155 157 158 160 162 164 166 167 167 166 165 165 166 166 165 162 159 156 154 149 146 141 137 133 128 121 117 112 108 102 96 91 85 79 74 66 63 58 53 48 45 43
13 13 13 13 13 13 13 13 13 13 13 13 13 13 13 13 13 13 14 15 16 16 17 17 19 19 19 20 21 23 25 26 29 31 35 37 39 41 45 48 51 54 59 63 66 70 75 79 82 86 91 94 96 98 101 104 107 108 110 112 113 114 114 114 113 114 114 114 113 112 111 110 108 105 101 98 96 94 90 87 80 77 72 69 66 62 58 55 51 48 44 42 40 38 34 31 30 29 27 25 24 23 23 23 22 22 22 22 21 21 20 20 20 20 21 21 22 22 22 22 21 21 21 21 21 21 21 21 23 20 18 18 21 23 23 23 32 25 16 128 255 248 251 250 248 255 255 237 201 100 4 11 21 41 21 0 48 165 214 220 220 184 92 1 27 27 19 12 80 139 207 205 228 139 8 115 240 218 212 194 184 170 198 217 232 217 235 246 229 210 217 221 182 173 174 167 140 118 106 94 146 161 158 112 195 196 199 142 156 177 120 62 152 216 129 140 136 133 143 164 176 180 192 209 230 246 253 251 245 252 248 199 147 159 130 75 48 37 18 101 223 246 235 231 239 236 240 245 239 239 238 238 237 237 237 237 237 233 245 176 159 166 169 165 158 149 140 140 147 154 159 162 161 176 170 145 128 122 122 126 188 224 245 247 245 234 232 248 250 243 233 225 222 225 231 235 242 232 228 236 228 233 251 242 141 241 190 7 21 28 19 29 24 24 24 24 24 24 24 24 24 24 24 24 24 24 24 24 27 25 23 20 18 18 19 19 18 18 19 19 19 18 16 16 15 15 15 15 14 14 13 13 14 15 15 15 16 16 16 17 16 16 16 16 16 16 16 16 17 17 18 18 19 20 20 20 22 25 28 30 31 35 39 43 49 50 54 58 64 70 74 77 86 94 101 104 109 119 125 126 133 136 140 145 150 154 156 158 158 160 163 165 167 167 166 166 165 165 166 165 163 161 158 156 152 149 145 141 137 132 126 121 117 112 106 100 95 89 83 78 70 67 62 56 50 47 45
13 13 13 13 13 13 13 13 13 13 13 13 13 13 13 13 13 13 14 14 15 16 17 17 18 18 18 19 20 22 23 24 26 29 33 35 36 39 42 45 48 51 56 60 63 67 72 75 78 82 87 90 92 94 97 100 105 106 108 110 111 112 113 113 114 114 115 115 114 113 112 112 110 107 103 101 99 97 93 90 84 81 76 73 70 67 62 59 55 52 48 45 43 41 37 34 32 30 28 26 25 24 24 23 23 23 22 22 22 21 21 21 21 21 21 22 22 22 23 23 22 22 22 22 22 22 22 22 23 21 20 21 22 23 21 19 6 10 108 255 242 250 255 250 255 241 253 185 58 5 10 21 27 14 6 71 172 220 228 234 199 100 17 17 43 1 1 71 164 210 212 218 158 35 69 215 230 198 196 179 197 196 224 224 221 229 232 223 218 226 214 177 166 172 122 92 101 67 74 166 211 169 151 173 231 119 113 124 159 155 169 191 212 171 124 158 133 142 160 179 192 201 215 228 219 221 252 253 239 246 252 229 190 127 109 53 26 43 15 193 239 246 240 233 235 234 234 242 240 239 238 237 236 237 237 238 237 236 241 196 164 164 171 166 157 152 146 142 140 142 152 163 162 170 172 156 134 123 124 126 149 221 248 234 238 245 235 229 251 244 233 224 221 225 231 236 240 229 229 234 233 238 246 244 221 254 166 28 21 27 24 23 24 24 24 24 24 24 24 24 24 24 24 24 24 24 24 24 26 26 24 23 23 22 22 23 18 18 19 19 19 18 16 16 15 15 15 15 14 14 13 13 14 15 15 15 16 16 16 17 16 16 16 16 16 16 16 16 17 17 18 18 18 19 19 19 21 24 27 28 30 33 37 41 45 47 50 54 59 65 70 72 81 89 95 98 104 113 120 121 129 131 136 141 147 151 154 155 156 158 161 164 166 166 166 166 165 165 166 166 165 162 160 158 156 153 149 145 141 136 130 126 121 117 111 105 100 94 88 83 75 72 66 60 54 50 48
13 13 13 13 13 13 13 13 13 13 13 13 13 13 13 13 12 13 13 14 15 16 16 17 17 17 17 18 19 20 22 23 23 25 29 31 33 35 39 42 43 47 52 56 59 63 67 71 75 78 83 87 88 91 94 96 102 103 105 108 109 110 111 111 114 114 115 115 115 114 113 113 113 110 106 104 103 101 97 94 90 86 82 78 75 72 67 64 60 57 53 50 48 45 41 38 33 32 30 28 26 25 24 24 23 23 23 22 22 22 21 21 21 21 22 22 22 23 23 23 22 22 22 22 22 22 22 22 22 22 22 23 24 22 19 15 21 76 255 255 245 251 255 239 255 246 223 109 1 9 27 6 15 0 99 185 229 236 194 228 104 24 7 43 11 5 74 157 210 228 203 177 54 49 218 220 192 200 184 183 219 218 215 234 226 223 214 224 226 188 156 170 149 137 85 54 72 84 116 180 164 192 168 187 200 128 155 197 147 168 216 172 150 130 147 145 146 178 210 223 222 223 227 229 229 231 248 253 253 249 249 252 230 136 62 39 20 25 100 230 231 232 235 230 232 237 234 238 240 239 237 236 235 236 237 238 237 242 232 216 168 161 174 165 161 155 150 145 139 135 144 157 159 162 171 167 143 124 123 124 125 205 235 221 235 248 235 229 245 240 233 227 226 228 233 237 237 230 233 233 235 241 240 241 249 238 126 51 23 25 32 21 24 24 24 24 24 24 24 24 24 24 24 24 24 24 24 24 18 19 21 23 24 25 26 26 18 18 19 19 19 18 16 16 15 15 15 15 14 14 13 13 14 15 15 15 16 16 16 17 16 16 16 16 16 16 16 16 17 17 17 18 18 18 18 18 20 22 25 26 28 31 35 38 41 42 45 49 54 60 64 67 75 82 89 92 97 107 113 115 123 126 131 137 142 147 150 152 153 155 159 162 164 166 166 165 165 166 167 167 166 164 162 161 160 157 153 150 146 141 136 131 126 122 116 110 105 99 93 88 82 78 72 65 59 55 52
13 13 13 13 13 13 13 13 13 13 13 13 13 13 13 13 12 13 13 14 15 15 16 16 17 17 17 17 18 20 21 22 20 23 26 29 30 33 36 39 40 44 49 52 56 60 64 68 73 76 81 84 86 89 92 94 100 102 104 106 108 109 110 110 114 115 115 116 116 115 114 113 115 112 109 107 106 103 100 97 93 90 86 82 79 76 71 68 64 61 56 53 51 48 44 41 34 33 30 28 26 25 24 24 23 23 23 23 22 22 21 21 21 21 22 22 23 23 23 23 22 22 22 22 22 22 22 22 22 22 23 25 25 22 17 13 74 242 255 241 255 255 243 255 239 254 114 0 38 54 9 77 129 168 203 246 235 229 204 68 12 40 28 15 7 82 156 220 219 216 189 52 54 200 231 227 207 184 181 221 214 217 213 223 217 220 219 203 187 187 173 141 104 78 90 91 84 137 152 77 171 233 178 205 228 231 233 230 214 226 217 210 167 204 173 195 192 208 221 228 236 241 226 204 232 247 237 235 253 252 243 253 250 178 14 30 28 5 211 218 214 214 224 224 232 243 239 240 240 239 237 235 235 236 237 238 236 246 224 228 171 159 175 165 167 159 152 148 139 133 137 148 155 155 171 175 148 124 120 120 120 183 213 219 241 241 231 246 238 236 233 230 230 232 235 237 237 233 239 233 234 241 234 237 242 211 92 63 24 24 39 22 25 25 25 25 25 25 25 25 25 25 25 25 25 25 25 25 3 6 10 14 17 19 20 20 18 18 19 19 19 18 16 16 15 15 15 15 14 14 13 13 14 15 15 15 16 16 16 17 16 16 16 16 16 16 16 16 17 17 17 18 18 18 18 18 18 21 23 25 26 29 33 36 37 39 42 46 51 56 61 63 70 78 84 87 93 103 109 110 119 122 127 133 139 144 147 149 152 154 157 161 164 165 165 165 166 167 168 169 168 166 164 163 164 161 157 153 150 145 139 135 130 126 120 114 108 103 96 92 86 83 76 69 63 58 56
14 14 14 14 14 14 14 14 14 14 14 14 14 14 14 14 14 14 14 14 14 14 14 14 16 16 17 17 18 19 20 20 22 23 25 27 29 32 33 34 37 41 45 49 51 55 59 62 68 71 76 80 83 87 92 95 95 98 102 105 106 108 111 113 114 115 115 116 116 117 117 117 116 114 112 111 111 108 105 102 98 94 88 84 81 78 74 71 66 63 59 56 52 48 42 38 36 35 34 32 30 27 26 25 26 25 23 22 22 22 22 23 22 22 22 22 22 22 22 22 23 23 23 23 23 23 23 23 27 22 9 29 28 29 0 86 211 255 241 248 255 242 255 240 249 160 24 31 31 9 137 248 229 210 209 230 230 176 77 1 12 42 2 14 111 197 236 216 218 194 56 57 204 241 204 195 173 195 217 223 221 217 212 209 219 184 204 200 168 166 142 95 84 97 118 139 148 139 118 101 232 231 232 231 225 213 206 205 222 210 221 209 220 217 238 229 230 233 236 239 245 247 239 227 211 230 245 248 250 253 252 244 231 246 76 13 17 120 249 226 219 212 213 225 237 241 240 240 241 240 238 236 235 235 236 237 234 242 242 223 189 165 163 172 168 164 158 153 149 146 141 138 153 156 163 166 158 140 125 119 115 145 216 233 237 229 251 238 239 234 229 228 232 235 236 235 239 228 233 245 245 244 241 232 232 184 120 77 14 28 36 21 23 24 24 23 22 23 26 29 7 41 22 25 32 14 1 58 104 162 90 30 28 4 1 1 9 23 13 17 15 32 16 17 13 21 9 4 20 16 7 19 16 16 16 16 16 16 16 16 16 16 15 15 15 15 16 16 18 18 18 18 18 18 18 18 20 21 22 24 26 27 29 29 34 37 39 42 45 50 56 60 65 70 77 84 90 96 102 106 113 118 124 130 135 141 147 152 151 154 158 160 161 162 166 168 169 169 169 169 168 166 165 164 166 165 162 158 153 148 144 141 137 133 126 120 114 107 101 96 92 88 82 74 68 63 60
14 14 14 14 14 14 14 14 14 14 14 14 14 14 14 14 14 14 14 14 14 14 14 14 16 16 16 17 18 19 19 20 22 23 24 26 29 31 32 33 36 40 44 47 50 53 57 61 66 70 74 78 81 85 90 94 94 98 102 105 106 108 110 113 114 114 114 115 116 116 117 117 116 114 112 111 111 109 105 102 99 95 90 86 83 80 75 72 67 64 61 57 54 50 44 40 39 38 37 34 32 30 28 27 26 25 24 23 22 22 23 23 22 22 22 22 22 22 22 22 23 23 23 23 23 23 23 23 21 13 43 16 12 17 56 205 255 238 255 255 244 249 247 255 205 56 30 30 18 133 237 225 216 217 210 193 138 43 2 34 31 0 12 132 219 224 236 243 162 66 8 160 234 214 195 191 196 212 224 224 214 204 195 190 183 180 175 168 166 120 64 81 87 124 162 170 155 147 161 181 228 226 226 228 224 218 215 216 204 208 223 220 220 228 248 249 244 247 249 249 252 251 244 234 220 228 235 239 244 247 245 239 242 249 151 13 71 195 229 251 224 215 211 220 233 238 239 239 240 239 238 236 235 235 236 237 235 240 241 228 197 168 162 171 167 164 160 156 152 148 142 138 147 153 164 172 167 151 135 128 112 131 189 224 231 230 247 244 241 235 229 227 231 235 237 236 241 230 232 235 228 228 232 227 242 122 153 48 17 30 31 20 28 30 31 30 27 25 25 26 42 7 47 1 1 154 117 193 254 214 215 193 207 185 154 113 52 22 4 3 13 1 16 21 13 6 28 27 1 13 34 9 16 16 16 16 16 16 16 16 16 16 15 15 15 15 16 16 18 18 18 18 18 18 18 18 20 20 22 23 25 27 28 29 32 34 37 39 42 47 53 57 62 67 74 80 86 92 98 103 110 114 120 126 131 137 143 148 150 153 156 159 160 162 165 167 168 169 169 169 168 167 165 165 167 166 164 160 156 151 147 144 141 137 130 124 118 112 105 100 94 91 84 77 70 65 62
14 14 14 14 14 14 14 14 14 14 14 14 14 14 14 14 14 14 14 14 14 14 14 14 15 16 16 17 18 18 19 19 21 22 23 25 27 29 30 31 35 38 42 45 47 50 55 58 63 67 71 75 78 82 87 91 93 96 101 104 105 107 110 112 113 113 114 114 115 116 117 117 116 114 113 112 112 110 106 103 100 97 92 89 86 83 78 75 71 68 64 60 57 53 47 43 43 42 40 38 35 33 31 30 28 27 26 24 23 23 23 24 23 23 23 23 23 23 23 23 23 23 23 23 23 23 23 23 12 29 28 1 26 5 231 249 252 255 245 255 255 252 246 217 87 34 32 37 125 243 252 250 228 122 64 43 9 18 36 9 1 32 165 254 224 242 247 120 31 8 38 230 246 199 178 202 221 228 230 221 205 191 180 173 163 172 179 143 113 105 89 90 160 179 198 203 198 201 218 235 215 212 211 214 215 212 213 216 205 201 192 193 196 236 252 252 248 252 254 253 252 251 247 240 233 226 226 237 249 252 252 252 242 233 216 88 158 250 224 246 233 219 210 215 227 234 237 238 239 238 237 236 236 236 237 237 237 236 239 235 209 175 162 168 167 165 162 160 157 152 145 139 143 150 164 176 174 159 142 134 120 121 156 215 227 232 236 246 243 236 229 227 231 235 238 238 240 237 242 240 228 230 239 237 205 156 116 42 36 29 11 32 22 24 25 23 21 19 20 21 15 28 67 61 29 201 216 206 222 221 215 203 239 206 249 251 194 178 109 116 22 9 11 25 14 27 23 11 13 19 17 14 16 16 16 16 16 16 16 16 16 16 15 15 15 15 16 16 18 18 18 18 18 18 18 18 20 20 21 23 24 26 27 28 30 32 35 37 39 43 49 53 57 62 69 75 80 87 93 97 105 109 115 121 126 132 138 143 147 150 154 157 159 161 164 166 167 168 168 169 168 167 166 166 169 168 166 163 159 154 151 149 147 142 136 130 124 118 111 107 101 97 91 83 77 72 69
14 14 14 14 14 14 14 14 14 14 14 14 14 14 14 14 14 14 14 14 14 14 14 14 15 15 16 16 17 18 19 19 20 21 22 23 25 27 28 29 32 35 39 42 44 47 51 54 59 63 67 71 74 78 83 87 90 94 98 102 103 105 108 111 111 111 112 113 114 115 116 117 117 115 113 113 113 111 108 105 103 100 96 93 91 87 82 79 75 72 68 64 61 57 51 47 45 44 42 40 37 35 33 32 30 29 27 26 24 24 24 24 23 23 23 23 23 23 23 23 23 23 23 23 23 23 23 23 17 41 1 22 40 181 255 252 249 251 248 255 244 255 247 87 23 37 34 108 236 254 229 223 83 1 1 39 15 5 22 5 95 207 244 225 242 224 121 16 1 14 118 238 224 202 197 217 230 231 228 215 198 186 176 169 165 153 157 120 71 75 119 174 236 229 224 226 233 238 236 234 220 216 216 221 223 221 221 222 205 200 178 182 180 234 249 251 245 251 254 253 251 251 249 247 227 211 206 221 235 237 234 234 242 216 218 192 208 237 246 226 241 224 211 212 221 228 232 235 237 237 237 237 237 237 238 238 238 234 239 242 222 185 165 166 167 166 165 165 162 156 148 142 144 149 161 173 174 160 146 138 136 123 136 209 227 235 224 241 245 238 230 228 231 236 238 238 238 241 249 244 231 234 240 234 144 145 83 38 35 26 14 42 22 22 21 20 22 29 37 44 73 81 72 26 34 125 66 97 90 68 194 199 201 236 205 178 215 250 227 253 156 132 82 31 18 25 11 16 37 16 2 25 16 16 16 16 16 16 16 16 16 16 15 15 15 15 16 16 18 18 18 18 18 18 18 18 19 20 21 22 23 25 26 26 29 31 33 35 36 40 46 50 54 58 64 69 75 81 88 93 100 104 110 116 122 127 134 138 142 146 152 156 158 160 162 165 166 167 168 168 168 168 167 167 169 168 166 164 161 157 154 152 151 147 141 135 129 123 117 113 107 103 97 90 83 78 75
14 14 14 14 14 14 14 14 14 14 14 14 14 14 14 14 14 14 14 14 14 14 14 14 14 15 15 16 17 18 18 18 19 19 20 22 23 25 26 26 29 32 36 39 41 43 47 50 55 58 63 67 70 74 79 82 87 90 95 99 101 103 106 109 109 110 111 112 114 115 116 116 117 115 114 114 114 113 109 107 105 103 100 98 95 91 86 82 79 76 72 69 65 61 55 51 47 46 44 41 38 35 33 32 32 31 29 27 26 25 25 25 24 24 24 24 24 24 24 24 23 23 23 23 23 23 23 23 24 19 13 60 190 255 249 249 247 255 255 230 254 242 107 43 32 9 97 214 249 254 212 91 9 35 16 1 13 26 66 142 202 239 224 218 217 102 1 33 47 2 154 228 195 207 233 224 228 226 218 203 190 183 176 169 155 184 142 70 89 133 166 233 242 242 239 235 233 229 226 224 214 210 211 217 219 216 213 213 191 196 187 197 191 237 250 253 248 254 255 254 252 253 251 246 231 215 207 218 229 227 220 218 237 226 202 221 204 220 246 231 245 230 216 214 219 223 227 231 235 236 236 237 238 238 238 238 239 234 238 244 231 199 173 165 168 168 168 169 166 161 152 146 147 148 157 168 171 163 153 148 144 125 124 195 226 237 218 234 246 239 232 230 232 237 238 238 237 239 243 234 223 231 233 218 171 114 157 53 23 22 31 18 33 31 29 30 37 52 70 82 81 84 5 23 120 98 58 89 96 169 160 180 208 210 189 209 211 194 210 228 254 248 254 191 86 13 4 38 27 9 19 23 16 16 16 16 16 16 16 16 16 16 15 15 15 15 16 16 18 18 18 18 18 18 18 18 19 19 20 21 22 23 24 25 29 31 33 34 35 38 43 47 51 55 60 65 70 76 83 89 96 100 106 112 117 123 129 134 138 143 149 154 156 158 161 163 165 166 167 168 169 169 168 168 167 167 166 164 162 159 156 155 154 150 144 138 133 127 121 117 110 106 100 93 86 81 78
14 14 14 14 14 14 14 14 14 14 14 14 14 14 14 14 14 14 14 14 14 14 14 14 14 14 15 16 16 17 18 18 17 18 19 20 21 22 23 24 27 30 33 36 37 40 43 46 51 54 59 63 66 70 75 78 83 86 91 95 97 100 103 106 108 109 110 111 113 114 115 116 117 116 114 114 115 114 111 108 107 105 103 102 100 96 90 86 83 80 76 73 69 65 59 55 50 49 47 44 40 37 35 34 34 33 31 29 27 26 26 26 24 24 24 24 24 24 24 24 23 23 23 23 23 23 23 23 23 1 45 219 245 252 254 251 239 255 255 245 251 142 8 33 15 85 219 254 254 233 104 7 23 26 17 54 140 184 186 198 242 238 239 171 65 10 5 26 10 10 178 205 213 223 230 227 222 218 206 193 185 182 177 171 174 137 97 93 164 230 229 230 230 232 233 232 229 224 218 215 204 198 196 200 201 196 189 187 186 164 151 172 200 245 253 249 250 254 254 252 249 248 242 235 223 215 212 220 229 231 229 227 208 234 211 201 203 235 216 237 245 235 225 222 220 218 221 226 233 234 236 238 239 239 239 239 239 236 237 241 235 213 184 165 170 170 171 171 169 164 157 151 148 147 152 164 171 169 163 161 142 125 119 171 219 235 222 232 246 240 234 232 235 238 238 236 236 235 234 229 230 243 238 209 135 172 142 61 20 23 32 14 30 30 29 31 39 54 71 83 41 17 4 109 114 46 129 49 139 139 181 202 165 201 166 205 186 150 171 208 247 252 254 239 218 104 11 2 19 21 18 18 16 16 16 16 16 16 16 16 16 16 15 15 15 15 16 16 18 18 18 18 18 18 18 18 19 19 20 20 21 22 23 23 28 30 31 32 33 35 40 44 48 51 55 59 64 71 78 84 91 95 101 107 113 118 125 129 134 139 146 152 155 157 159 161 163 164 166 168 169 169 169 169 167 167 167 166 164 162 160 158 157 153 147 142 137 131 125 121 111 108 101 94 88 83 80
14 14 14 14 14 14 14 14 14 14 14 14 14 14 14 14 14 14 14 14 14 14 14 14 14 14 14 15 16 17 17 18 17 17 18 19 20 21 22 22 25 28 31 33 35 37 41 43 48 51 56 60 63 67 72 75 79 83 88 92 94 97 100 103 107 107 109 110 112 114 115 116 117 116 115 115 116 115 112 109 109 108 106 105 103 99 93 89 86 83 79 76 73 68 62 58 54 52 50 47 43 40 38 36 35 34 32 30 28 27 26 26 24 24 24 24 24 24 24 24 23 23 23 23 23 23 23 23 32 2 197 255 254 242 250 252 255 228 249 254 127 40 54 18 76 210 254 244 225 126 6 19 45 1 60 202 251 239 232 222 214 234 155 16 1 29 9 16 21 124 215 204 237 233 221 226 217 212 201 190 187 190 188 182 159 54 88 194 229 226 221 226 229 221 216 221 229 229 218 205 208 198 188 185 181 171 161 157 147 123 132 164 212 240 252 247 248 250 251 249 249 247 238 227 194 196 197 197 202 211 215 214 199 214 209 195 210 230 217 232 242 238 235 231 223 215 216 221 232 233 236 238 239 240 240 239 239 239 237 237 236 224 194 166 173 172 172 172 171 167 160 155 148 145 150 162 170 168 163 161 142 131 123 145 210 231 231 233 245 240 236 235 238 239 237 235 234 233 235 236 242 248 216 160 34 215 57 24 16 30 29 35 21 24 27 31 34 39 45 49 25 3 126 140 72 133 182 160 187 200 155 194 206 215 214 197 226 212 209 240 208 248 216 253 254 222 105 18 20 23 9 18 16 16 16 16 16 16 16 16 16 16 15 15 15 15 16 16 18 18 18 18 18 18 18 18 18 19 19 20 21 21 22 22 26 27 29 29 29 32 36 40 44 46 50 54 58 65 73 79 86 90 96 102 107 113 119 124 131 136 144 150 154 156 158 160 162 164 166 168 169 170 170 170 169 169 169 168 167 165 164 163 161 156 151 145 141 135 130 125 118 114 108 101 94 89 86
14 14 14 14 14 14 14 14 14 14 14 14 14 14 14 14 14 14 14 14 14 14 14 14 13 14 14 15 16 17 17 17 16 16 17 18 19 20 21 21 24 27 30 32 34 36 39 42 46 49 54 58 61 65 70 73 77 81 86 90 92 95 99 102 106 107 108 110 112 114 115 116 118 116 115 115 116 115 112 110 110 109 107 106 105 101 95 90 88 85 81 77 74 70 64 60 57 55 53 49 46 43 40 39 36 35 33 30 28 27 27 27 25 25 25 25 25 25 25 25 23 23 23 23 23 23 23 23 0 167 240 250 255 255 246 247 254 255 249 119 35 38 29 80 239 242 231 245 126 1 28 33 1 86 196 240 236 236 213 162 35 1 1 12 30 14 2 53 170 227 233 237 234 225 237 215 215 210 200 193 194 200 201 196 55 131 221 234 223 218 211 224 228 223 219 218 219 216 209 202 195 179 162 151 140 127 115 110 76 103 178 216 236 221 247 252 249 251 252 253 253 252 245 233 196 204 201 189 186 194 200 198 226 188 184 201 201 192 254 235 240 240 241 237 225 213 212 218 231 233 235 238 240 240 240 240 239 241 238 233 235 230 201 166 175 174 173 172 171 168 162 158 148 145 149 160 167 163 156 152 147 139 130 131 204 228 238 234 244 240 237 237 239 240 237 233 232 233 238 240 241 228 162 79 72 222 107 6 17 36 23 20 25 31 38 41 39 33 28 25 4 122 193 117 117 188 141 192 174 175 184 173 128 156 200 148 119 144 209 225 231 252 191 202 206 252 245 126 7 1 30 16 16 16 16 16 16 16 16 16 16 16 15 15 15 15 16 16 18 18 18 18 18 18 18 18 18 19 19 20 20 21 21 21 24 25 26 26 27 29 33 37 40 43 46 50 54 61 69 75 82 86 93 98 104 109 116 120 129 135 143 150 153 156 158 159 162 163 165 167 169 170 171 171 170 170 171 170 170 168 167 166 163 159 153 148 143 138 132 128 125 122 115 108 102 97 93
14 14 14 14 14 14 14 14 14 14 14 14 14 14 14 14 14 14 14 14 14 14 14 14 13 13 13 13 13 13 13 13 17 17 17 18 18 18 19 19 21 22 23 25 27 31 33 35 42 45 48 51 54 58 63 67 72 76 81 85 88 92 96 100 104 105 107 109 112 114 116 117 112 114 116 117 117 115 113 111 110 110 109 107 105 102 100 98 94 91 86 83 79 75 69 65 62 60 56 52 48 44 42 41 42 41 38 35 32 30 28 28 27 27 27 27 26 26 26 26 18 29 30 21 21 35 29 0 78 241 242 255 238 248 255 240 250 251 133 13 58 36 70 214 245 240 228 140 9 10 48 24 55 172 230 234 241 209 127 1 14 19 24 17 6 35 122 207 235 235 235 234 230 224 218 215 213 215 206 197 207 207 160 99 170 220 229 208 210 216 212 214 204 222 226 210 200 204 202 190 178 143 135 114 60 49 68 61 134 208 238 215 197 215 238 248 241 249 252 252 243 235 233 236 217 193 168 180 171 157 120 159 197 192 186 184 183 193 227 234 242 242 241 239 234 226 219 215 228 230 234 241 246 247 244 241 238 233 239 239 237 248 229 175 160 185 172 165 212 179 168 168 152 142 142 158 172 172 164 159 144 142 137 117 164 226 225 242 239 241 234 234 245 241 228 226 229 224 246 246 248 192 177 72 77 141 40 24 44 15 43 18 10 71 163 135 114 98 100 118 94 176 156 130 192 212 177 193 198 183 172 189 175 190 197 210 197 183 203 213 235 244 221 241 230 217 222 223 118 10 21 18 13 24 14 15 19 10 15 22 17 17 17 17 17 17 17 17 18 18 18 18 18 18 18 18 18 18 18 18 18 18 18 18 22 22 23 24 26 28 30 32 34 36 40 45 51 57 62 65 74 79 86 93 100 107 114 119 122 127 135 141 146 150 154 157 160 163 167 170 170 170 171 172 167 167 167 167 167 167 167 167 167 164 159 155 151 146 140 135 129 123 118 115 108 99 94
14 14 14 14 14 14 14 14 14 14 14 14 14 14 14 14 14 14 14 14 14 14 14 14 13 13 13 13 13 13 13 13 17 17 17 17 18 18 19 19 21 21 22 24 27 30 32 34 41 43 47 50 52 56 61 65 69 73 77 81 84 88 93 97 101 102 104 107 109 112 114 115 113 114 116 118 117 116 114 112 110 110 109 108 106 103 101 99 96 93 89 85 82 77 72 68 64 62 58 53 49 46 44 43 43 42 39 36 33 31 29 29 28 27 27 27 27 27 26 26 27 22 29 24 20 35 5 26 174 249 248 248 255 248 227 255 248 175 19 38 27 1 210 243 232 254 165 17 32 37 18 5 131 240 226 237 228 126 7 8 21 11 4 36 120 207 233 215 233 234 234 232 229 224 219 216 216 208 211 221 211 186 172 175 220 235 231 216 214 206 197 206 219 215 203 191 190 190 174 153 111 118 71 42 69 78 100 167 187 219 226 213 219 235 238 237 247 246 244 240 235 227 220 215 207 205 193 173 170 194 188 203 199 204 200 200 202 204 219 227 241 243 243 242 237 230 223 218 222 226 232 238 242 243 241 240 239 233 239 241 239 248 235 194 172 155 178 151 198 214 186 213 179 162 152 159 169 170 165 161 145 143 134 121 156 210 228 239 239 242 235 234 244 240 227 226 229 230 253 249 201 132 157 115 86 51 26 13 22 27 19 12 68 142 169 143 121 134 139 135 157 190 193 174 191 175 156 158 132 124 138 186 170 165 180 225 187 171 178 198 235 251 223 190 231 233 246 249 209 108 0 34 19 25 16 15 19 15 17 19 17 17 17 17 17 17 17 17 18 18 18 18 18 18 18 18 18 18 18 18 18 18 18 18 22 22 22 24 25 28 30 31 34 35 39 43 49 55 60 63 71 75 82 89 96 103 110 115 121 126 133 140 144 149 153 156 157 160 165 167 168 168 169 170 169 169 169 168 168 168 167 167 167 164 160 156 152 148 142 137 132 127 122 119 112 102 98
14 14 14 14 14 14 14 14 14 14 14 14 14 14 14 14 14 14 14 14 14 14 14 14 13 13 13 13 13 13 13 13 16 16 17 17 18 18 18 18 20 21 22 23 26 29 31 33 38 41 44 47 49 53 58 62 65 68 73 77 80 84 89 92 97 98 100 103 106 109 111 112 113 114 116 117 117 116 115 113 111 111 110 109 107 104 102 101 99 96 92 89 86 81 76 72 66 64 60 56 52 49 47 46 45 43 41 37 34 32 31 31 29 29 28 28 27 27 27 26 34 16 27 27 24 27 2 95 250 253 249 241 255 248 244 255 179 29 48 20 37 167 236 254 246 190 39 8 26 25 10 116 216 236 254 212 137 1 1 35 29 17 73 184 240 221 212 237 233 233 231 228 225 222 220 219 221 212 220 231 216 192 204 235 236 227 208 203 204 188 181 196 201 195 190 188 182 163 134 112 94 52 46 82 128 184 225 228 208 218 210 200 210 224 235 243 244 241 237 236 235 229 217 207 212 189 200 184 174 166 168 180 156 167 154 150 165 186 206 241 239 242 245 246 242 235 227 222 216 221 228 234 236 237 238 239 241 233 237 241 240 243 238 218 174 150 189 183 219 239 209 215 177 160 148 153 166 172 170 166 148 145 130 129 144 185 230 235 239 242 235 233 241 236 226 227 234 235 239 219 137 87 131 111 107 41 16 21 29 30 16 53 124 172 159 117 107 171 164 175 206 181 198 179 162 134 173 191 171 196 206 213 181 179 171 180 196 181 178 202 215 225 224 185 250 251 244 249 245 181 23 0 22 22 19 16 18 21 19 17 17 17 17 17 17 17 17 17 18 18 18 18 18 18 18 18 18 18 18 18 18 18 18 18 22 22 22 23 25 27 29 30 32 34 37 41 46 52 56 59 65 70 77 84 90 97 105 109 115 120 128 135 139 144 148 151 153 157 161 164 165 166 167 168 171 171 170 170 169 169 168 168 168 165 161 158 155 150 145 141 137 131 127 124 117 108 103
14 14 14 14 14 14 14 14 14 14 14 14 14 14 14 14 14 14 14 14 14 14 14 14 13 13 13 13 13 13 13 13 16 16 16 17 17 17 18 18 20 20 21 22 24 27 29 31 36 38 41 44 46 49 54 58 61 64 69 73 76 80 85 88 94 95 97 100 103 106 109 110 113 114 115 116 117 116 115 115 112 112 111 110 108 106 104 103 101 98 94 91 88 84 79 75 70 68 64 60 56 52 50 49 47 46 43 39 37 35 33 33 30 30 30 29 28 28 27 27 31 18 28 26 33 8 47 181 255 254 246 255 244 242 255 169 53 32 56 51 141 254 254 238 200 53 22 30 31 1 112 222 230 246 229 158 1 13 45 23 1 102 213 252 235 212 218 236 235 232 228 223 220 220 222 223 225 230 229 224 222 229 235 236 236 218 200 199 200 190 186 195 191 187 180 161 125 85 64 62 46 95 144 185 201 164 127 132 133 162 181 191 208 214 204 197 212 215 219 221 217 206 193 183 171 191 210 132 116 149 153 96 106 141 151 162 179 196 188 229 235 239 244 247 245 238 230 225 213 219 226 231 233 234 236 238 240 233 234 237 235 234 236 236 177 173 184 221 242 243 241 204 171 157 147 152 166 174 171 165 153 149 130 137 135 162 228 232 238 243 236 232 238 233 225 229 231 246 232 194 103 75 112 83 135 125 4 32 42 14 39 120 164 157 145 86 97 174 163 213 217 157 171 178 208 183 206 191 167 125 99 137 127 107 117 182 219 164 133 186 223 231 225 157 241 241 234 252 252 251 176 1 22 13 21 18 16 23 19 18 17 17 17 17 17 17 17 17 18 18 18 18 18 18 18 18 18 18 18 18 18 18 18 18 21 21 21 22 24 25 27 28 31 32 34 38 42 47 51 53 60 65 72 79 85 92 99 104 107 113 120 127 132 137 141 144 150 154 159 162 164 165 166 168 173 172 172 171 170 170 169 169 169 166 163 160 158 154 149 145 141 136 131 128 122 113 108
14 14 14 14 14 14 14 14 14 14 14 14 14 14 14 14 14 14 14 14 14 14 14 14 13 13 13 13 13 13 13 13 15 15 16 16 17 17 17 17 19 19 20 21 23 25 27 28 32 35 38 40 42 45 49 53 57 61 66 70 73 77 82 85 91 93 95 98 102 105 107 109 112 113 114 115 115 115 115 115 112 112 112 111 110 108 106 105 102 99 96 93 90 86 81 77 74 72 68 64 59 56 54 53 50 48 45 42 39 37 36 35 32 32 31 30 29 28 27 27 25 28 30 21 33 0 122 242 248 253 246 255 243 244 209 57 30 45 39 139 221 244 254 210 63 40 19 40 16 122 200 232 241 241 170 15 18 29 38 3 110 204 253 226 206 235 243 223 235 232 225 219 217 220 225 228 228 238 237 226 231 242 237 217 219 210 201 193 187 186 182 172 177 160 136 105 68 47 59 85 128 104 100 120 138 152 171 185 160 182 184 180 199 207 176 140 176 191 208 212 202 186 176 173 179 146 156 123 119 125 144 139 123 154 161 166 169 189 169 216 230 234 241 245 244 239 233 228 217 221 226 230 233 234 235 236 237 235 231 231 229 224 228 241 200 180 174 209 225 245 248 226 193 179 163 158 164 170 168 161 158 152 134 142 131 148 217 232 236 242 236 231 234 230 225 232 227 251 243 218 131 79 103 95 175 153 2 26 16 21 75 150 185 158 133 109 136 150 184 226 184 179 195 151 141 92 129 159 159 151 156 217 229 208 190 230 222 218 218 245 233 221 224 168 198 191 227 247 233 253 236 41 31 4 20 20 13 22 16 21 17 17 17 17 17 17 17 17 18 18 18 18 18 18 18 18 18 18 18 18 18 18 18 18 21 21 21 21 22 24 26 27 29 30 31 34 38 42 46 48 55 60 67 74 81 88 95 99 102 108 116 123 128 133 138 141 148 152 158 161 163 165 167 169 172 172 172 171 171 170 170 170 170 167 165 163 161 158 154 150 145 139 135 133 126 118 113
14 14 14 14 14 14 14 14 14 14 14 14 14 14 14 14 14 14 14 14 14 14 14 14 13 13 13 13 13 13 13 13 15 15 15 16 16 17 17 17 18 18 19 19 21 23 25 27 29 32 35 36 38 41 45 49 54 57 62 66 69 73 78 81 88 90 92 96 99 103 105 107 111 111 111 112 113 114 114 115 113 113 113 113 111 110 108 107 104 101 98 95 93 89 84 80 77 75 71 67 63 60 58 57 52 50 47 44 41 39 38 37 33 33 32 31 30 29 28 27 25 34 31 20 21 28 195 254 252 248 251 255 255 231 90 27 51 30 64 235 254 238 229 84 13 36 20 4 146 216 242 239 251 175 39 16 25 19 1 110 241 231 226 224 213 202 210 229 229 228 224 221 222 225 230 233 232 235 238 238 234 226 217 210 197 198 199 189 177 179 170 142 125 103 77 60 50 54 75 98 130 103 146 167 112 110 157 159 169 203 209 192 195 201 183 160 150 167 187 196 192 186 184 185 156 163 166 116 117 160 170 147 134 135 123 119 117 168 160 215 227 231 237 242 243 240 235 232 225 225 226 230 234 235 233 231 233 239 232 224 224 219 224 242 226 174 187 187 193 245 221 223 202 190 172 158 158 166 170 168 160 151 140 141 132 142 196 230 234 241 236 230 231 227 226 235 243 235 223 239 199 96 95 115 217 88 8 18 4 76 117 146 168 162 112 147 181 146 234 221 191 169 141 111 162 168 187 197 205 227 187 151 129 135 110 110 113 117 117 131 157 194 188 124 226 193 242 249 240 253 223 174 65 7 17 20 12 21 11 22 17 17 17 17 17 17 17 17 18 18 18 18 18 18 18 18 18 18 18 18 18 18 18 18 21 21 20 21 21 23 24 25 27 28 29 31 34 37 40 42 50 55 62 69 75 82 89 94 99 105 113 120 126 131 136 139 145 149 155 159 162 164 166 168 171 171 171 171 171 171 171 171 170 168 166 165 164 162 158 155 149 143 139 137 131 123 119
14 14 14 14 14 14 14 14 14 14 14 14 14 14 14 14 14 14 14 14 14 14 14 14 13 13 13 13 13 13 13 13 15 15 15 15 16 16 16 17 17 17 18 19 20 22 24 25 27 29 32 34 35 38 42 46 49 53 57 61 64 68 73 77 84 86 89 92 96 100 102 104 109 109 109 110 111 112 113 114 114 114 114 113 112 111 109 108 107 104 101 99 97 93 88 84 80 78 74 70 66 62 60 59 54 52 49 46 43 41 40 39 35 34 33 32 30 29 28 28 30 31 32 28 6 104 248 252 255 247 255 242 247 142 25 49 47 33 208 250 247 254 75 15 33 30 28 127 223 254 228 241 175 50 21 22 29 11 95 222 223 222 219 211 200 198 211 226 215 218 222 227 231 234 236 236 235 230 231 234 226 209 203 208 202 195 199 192 172 164 143 104 77 64 50 43 45 54 66 74 77 108 90 111 174 137 76 105 111 166 207 215 214 209 200 199 163 164 167 174 181 185 185 183 171 149 143 148 142 136 128 168 126 110 108 124 125 188 162 193 226 229 235 240 242 241 239 237 232 228 225 228 234 236 231 225 229 243 235 221 225 223 225 243 237 191 192 185 182 225 183 188 184 183 175 164 162 169 172 171 160 148 146 137 133 141 172 229 231 239 235 228 229 226 226 239 246 224 206 235 234 99 84 127 211 18 29 11 51 123 139 135 147 139 102 142 167 184 244 205 178 174 170 168 193 194 182 166 124 104 73 107 116 92 67 114 102 105 110 89 78 88 85 85 215 163 168 237 229 243 205 252 118 21 14 18 14 23 8 21 17 17 17 17 17 17 17 17 18 18 18 18 18 18 18 18 18 18 18 18 18 18 18 18 21 20 20 20 21 22 23 24 26 26 27 29 31 34 36 38 44 49 56 63 70 77 84 89 94 99 108 115 121 126 131 135 141 146 152 156 159 161 164 166 168 168 169 170 171 171 172 172 171 169 167 167 167 165 161 158 154 148 144 142 137 128 124
14 14 14 14 14 14 14 14 14 14 14 14 14 14 14 14 14 14 14 14 14 14 14 14 13 13 13 13 13 13 13 13 14 15 15 15 16 16 16 16 17 17 17 18 19 21 23 24 26 28 31 32 34 36 41 44 46 49 54 58 61 65 70 73 81 83 86 89 93 97 100 101 108 108 108 108 109 111 112 113 114 114 114 114 113 112 110 109 110 107 104 101 99 96 91 87 82 79 76 71 67 64 62 61 55 53 50 47 44 42 41 40 35 35 34 32 31 29 28 28 34 25 32 38 0 173 254 243 255 253 255 240 192 27 18 54 1 187 241 254 251 142 11 41 33 12 138 247 239 245 251 165 27 22 48 17 1 118 210 237 234 221 206 201 204 208 208 206 203 210 222 232 238 240 239 238 237 231 222 216 214 212 206 200 201 180 177 170 140 115 81 36 50 51 51 53 66 93 122 141 119 118 74 84 153 150 129 175 217 219 214 204 204 203 208 223 228 211 191 187 195 201 194 184 158 149 127 126 116 127 124 183 171 128 108 119 115 189 161 181 226 230 235 240 242 243 241 240 236 229 224 227 234 236 229 220 227 247 237 221 227 228 228 245 239 221 171 183 178 194 187 173 172 182 186 180 175 173 168 161 158 145 148 132 135 142 155 227 229 238 235 228 228 225 227 241 224 234 229 230 227 77 78 144 165 3 31 1 109 125 132 125 155 114 115 111 120 227 225 188 169 158 172 201 215 231 228 202 210 164 107 139 161 136 99 136 151 118 130 141 147 129 104 143 224 169 115 251 237 238 206 228 159 35 13 16 15 25 5 19 17 17 17 17 17 17 17 17 18 18 18 18 18 18 18 18 18 18 18 18 18 18 18 18 20 20 20 20 20 21 23 23 25 25 26 27 29 32 34 36 41 45 52 59 66 73 80 85 87 93 101 109 115 120 125 129 138 143 149 154 157 159 162 164 166 167 168 169 170 171 172 173 171 170 168 168 168 166 163 160 157 152 148 146 140 132 128
13 13 13 13 13 13 13 13 14 14 14 14 14 14 14 14 13 13 13 13 13 13 13 13 13 13 13 13 13 13 13 13 14 14 14 14 14 14 14 14 16 16 17 17 18 19 20 20 26 28 30 31 32 35 39 42 43 46 50 53 56 61 66 70 76 78 81 85 89 94 97 99 102 104 106 108 110 112 112 112 111 111 112 112 112 111 110 110 109 109 107 104 101 97 94 92 88 84 79 76 73 69 64 61 60 57 53 50 49 46 43 40 39 37 35 33 31 30 30 29 26 36 14 20 27 255 254 249 255 243 244 237 58 34 55 19 151 246 246 241 185 35 42 35 12 143 247 237 254 254 146 6 27 31 24 20 113 234 253 236 216 217 212 204 200 202 202 200 190 210 228 232 233 234 234 230 232 222 210 202 199 196 191 186 185 186 164 132 104 72 48 45 63 57 70 57 62 49 88 118 92 104 131 152 167 194 219 223 229 222 208 202 206 211 203 190 216 198 181 180 187 184 166 147 148 148 148 143 128 117 124 138 154 141 114 108 122 170 167 186 217 220 234 243 241 244 246 238 234 229 232 233 229 233 233 219 232 232 231 231 233 236 239 242 237 240 205 167 173 184 178 177 174 176 175 172 171 171 166 159 168 162 144 133 135 141 164 196 234 236 238 226 215 226 239 232 222 238 241 243 158 89 74 138 108 45 10 30 118 145 102 142 133 118 81 147 139 206 229 157 169 150 157 112 145 215 180 171 212 249 234 138 212 207 175 131 194 215 219 204 222 223 230 181 214 142 155 213 234 245 234 204 211 128 8 12 12 16 18 15 17 17 17 17 17 17 17 17 18 18 18 18 18 18 18 18 18 18 18 18 18 18 18 18 17 18 19 20 21 22 22 23 22 22 23 25 27 30 32 34 41 45 50 55 60 65 72 77 79 87 95 99 107 118 125 127 133 137 143 148 152 156 160 164 163 165 168 169 169 170 172 175 172 171 170 168 166 165 163 163 157 155 151 147 142 137 133
13 13 13 13 13 13 13 13 14 14 14 14 14 14 14 14 13 13 13 13 13 13 13 13 13 13 13 13 13 13 13 13 14 14 14 14 14 14 14 14 16 16 16 17 18 19 19 20 24 27 29 30 31 33 37 40 41 44 48 51 54 58 64 68 73 74 78 82 86 91 94 96 99 101 103 106 108 109 110 110 110 111 112 112 112 111 110 110 110 109 107 105 102 98 95 93 91 88 83 79 76 73 68 65 63 60 56 53 52 49 45 42 40 38 36 34 32 31 30 30 29 29 31 0 125 245 254 250 254 247 254 129 39 56 19 107 215 254 254 215 73 34 53 25 127 225 254 254 227 140 7 25 43 20 8 143 250 239 238 215 218 217 212 203 200 201 199 194 198 216 231 235 234 234 230 224 218 211 202 198 197 194 188 183 181 175 136 86 60 53 58 71 67 61 42 26 25 65 118 160 169 182 207 218 214 220 224 219 209 206 211 219 211 191 182 186 189 190 191 191 189 188 188 188 161 145 134 135 138 135 131 130 149 129 106 104 119 174 165 161 209 221 231 238 242 243 241 239 236 230 233 233 229 233 232 218 229 233 236 238 238 240 242 245 253 248 216 181 178 185 175 161 167 178 184 176 165 162 164 166 165 161 145 135 137 139 154 179 234 229 230 232 228 228 228 221 221 242 227 227 159 60 115 123 83 95 7 59 116 123 128 119 134 143 149 147 113 208 209 154 158 164 151 150 200 210 178 197 181 205 226 163 234 252 211 132 217 254 253 194 252 252 232 202 226 117 201 138 180 234 190 204 198 117 26 18 22 19 15 13 17 17 17 17 17 17 17 17 18 18 18 18 18 18 18 18 18 18 18 18 18 18 18 18 17 18 19 19 20 21 22 22 22 22 23 24 27 29 32 33 39 42 47 51 55 61 67 72 77 85 92 96 102 113 120 121 128 133 139 144 148 152 156 159 162 164 166 167 167 168 170 173 172 171 170 169 167 166 165 164 158 156 153 149 144 139 136
13 13 13 13 13 13 13 13 14 14 14 14 14 14 14 14 13 13 13 13 13 13 13 13 13 13 13 13 13 13 13 13 14 14 14 14 14 14 14 14 15 16 16 17 18 18 19 19 22 24 27 28 28 30 34 37 38 41 45 48 51 55 60 64 68 70 73 78 82 86 90 91 95 97 99 102 105 107 108 108 110 110 111 112 112 111 110 110 110 109 108 106 103 100 97 96 95 92 88 84 81 78 73 70 67 64 60 57 55 53 49 46 42 41 38 36 34 32 32 31 32 29 30 13 219 242 254 250 251 254 197 40 41 43 42 207 254 251 243 120 12 48 40 100 224 250 254 222 147 13 32 30 1 20 134 214 254 243 186 218 216 214 209 203 203 205 201 194 211 224 235 237 235 231 223 216 208 203 197 194 193 189 182 176 174 122 56 31 45 53 51 58 25 67 94 137 150 203 215 227 220 224 232 226 208 208 217 215 211 194 193 205 194 167 164 183 171 186 205 213 206 192 179 172 169 149 132 136 148 153 146 138 132 129 132 124 109 163 169 163 196 221 228 231 245 243 234 241 238 232 234 234 229 232 231 216 226 234 242 244 242 240 242 245 243 237 222 194 173 176 178 165 174 182 187 181 173 170 168 165 162 160 147 138 140 138 142 159 229 227 231 236 229 219 219 226 236 238 230 200 158 56 129 102 64 131 39 76 91 110 132 107 103 106 152 135 120 227 186 149 160 169 182 208 207 209 229 205 168 127 165 139 189 231 182 116 196 226 181 185 240 211 159 235 216 131 205 107 193 221 191 154 142 69 22 4 21 21 16 23 17 17 17 17 17 17 17 17 18 18 18 18 18 18 18 18 18 18 18 18 18 18 18 18 18 18 18 19 20 21 21 22 21 22 22 23 25 28 30 32 36 39 43 46 50 54 60 64 72 80 87 90 97 106 113 115 123 127 133 139 143 147 151 155 160 163 165 166 165 166 168 170 172 172 171 170 168 167 167 166 161 159 156 152 147 143 140
13 13 13 13 13 13 13 13 14 14 14 14 14 14 14 14 13 13 13 13 13 13 13 13 13 13 13 13 13 13 13 13 14 14 14 14 14 14 14 14 15 15 16 16 17 18 19 19 21 22 24 25 26 28 31 34 35 38 41 44 47 50 55 59 65 67 70 74 79 83 86 88 92 94 97 100 103 105 107 107 109 109 110 111 111 111 110 110 111 110 109 108 105 103 100 99 99 95 91 88 85 82 78 74 71 68 63 60 58 55 51 48 45 43 41 38 36 34 33 33 34 34 11 79 245 251 243 249 254 242 79 31 52 23 144 254 251 249 138 27 53 22 70 206 254 254 222 154 10 23 42 6 38 161 237 248 227 213 226 218 211 210 206 204 207 211 209 202 222 228 232 233 230 223 215 209 207 203 196 191 186 182 176 171 166 106 43 25 34 46 92 155 164 191 209 231 231 239 228 220 233 231 230 215 193 194 209 211 204 178 165 175 179 168 162 168 176 181 194 209 217 206 182 162 167 154 143 143 150 155 154 151 128 131 146 135 105 161 175 164 183 221 227 226 247 243 230 244 240 234 236 235 229 232 230 215 223 233 243 245 240 237 239 244 238 237 242 219 178 176 195 194 193 190 187 189 196 194 175 155 161 161 148 140 143 140 139 149 213 233 241 230 216 211 221 240 237 217 221 154 149 87 105 98 56 120 111 67 58 106 104 111 96 71 116 126 132 202 159 162 167 175 196 216 200 202 227 209 202 123 111 117 144 155 133 116 154 163 116 145 192 107 122 247 201 167 215 139 223 219 209 145 152 80 54 11 24 17 7 18 17 17 17 17 17 17 17 17 18 18 18 18 18 18 18 18 18 18 18 18 18 18 18 18 18 18 18 19 19 20 20 21 21 21 21 22 24 26 28 30 34 37 40 43 45 49 54 58 66 74 81 85 92 102 109 111 119 123 130 135 139 144 148 152 159 162 164 165 165 165 168 170 172 171 171 170 169 169 168 168 164 162 159 155 152 148 145
13 13 13 13 13 13 13 13 14 14 14 14 14 14 14 14 13 13 13 13 13 13 13 13 13 13 13 13 13 13 13 13 13 13 13 13 13 13 13 13 14 15 15 16 17 18 18 18 19 21 23 23 24 25 29 32 32 35 38 41 43 47 51 55 62 64 67 71 76 80 83 85 89 91 95 98 102 105 106 107 107 108 109 110 111 111 111 110 111 111 111 109 108 105 103 102 100 97 93 90 88 85 81 77 74 70 66 63 60 57 53 50 48 46 44 41 38 36 35 35 37 28 15 155 237 255 247 251 254 153 16 39 33 81 237 254 247 225 20 21 65 1 173 244 250 245 185 11 30 36 21 71 200 243 244 240 234 221 223 211 212 212 209 206 209 214 214 209 227 224 222 221 218 213 208 206 205 200 193 186 182 180 178 177 180 117 38 11 34 88 157 219 221 208 212 209 224 216 229 234 221 222 226 214 191 186 191 186 181 176 169 168 177 183 172 155 182 175 174 186 205 216 212 204 177 164 149 146 153 158 153 144 141 125 124 119 110 175 176 147 172 217 227 226 246 244 232 245 241 235 236 235 229 232 230 215 219 230 241 244 241 238 240 245 254 250 251 233 196 191 207 207 202 201 201 206 212 204 178 152 161 163 151 141 144 144 144 152 192 234 243 221 216 224 229 234 221 208 165 112 136 103 93 107 48 98 154 61 51 89 83 105 125 106 119 136 131 146 139 174 160 190 174 163 214 205 161 199 223 176 89 96 119 109 103 105 135 169 147 94 131 64 196 247 202 192 242 182 199 209 197 193 159 92 65 12 18 14 10 23 17 17 17 17 17 17 17 17 18 18 18 18 18 18 18 18 18 18 18 18 18 18 18 18 18 18 18 18 19 19 19 19 20 20 20 21 22 24 26 27 33 35 38 40 42 45 50 54 59 67 75 80 87 98 106 108 115 120 127 132 137 141 146 150 157 160 162 164 164 165 168 170 170 170 170 170 170 170 169 169 166 164 162 159 155 152 149
13 13 13 13 13 13 13 13 14 14 14 14 14 14 14 14 13 13 13 13 13 13 13 13 13 13 13 13 13 13 13 13 13 13 13 13 13 13 13 13 14 14 15 16 16 17 18 18 19 21 22 23 22 24 27 30 31 33 36 39 41 44 49 52 59 61 64 68 73 77 80 82 86 88 92 96 100 103 105 106 106 107 109 110 111 111 111 110 112 112 112 111 110 108 106 105 102 99 95 92 90 87 83 80 77 74 69 66 63 60 55 52 51 49 46 43 40 38 37 36 38 16 60 206 242 251 254 249 232 49 35 28 30 195 254 251 240 111 7 49 17 96 248 247 245 226 37 15 37 32 85 214 254 227 239 218 219 221 185 220 217 218 215 208 207 211 213 211 221 212 206 206 207 205 204 204 198 195 191 188 188 190 194 197 231 199 136 110 162 223 228 206 206 190 205 204 226 200 206 205 211 209 209 198 180 179 184 178 183 193 180 153 153 177 181 164 180 181 184 189 194 198 202 203 202 181 158 154 168 175 158 135 139 127 122 117 112 169 170 157 164 208 228 229 241 243 237 243 241 235 237 236 229 233 231 216 215 226 239 245 243 239 237 238 239 221 211 207 200 199 201 197 203 216 226 225 215 198 176 159 161 167 156 143 146 148 150 159 174 227 236 217 230 244 229 214 220 217 111 107 128 85 104 104 52 89 132 65 69 66 88 90 121 127 122 144 158 150 143 154 153 190 182 143 185 225 178 150 217 235 107 72 74 84 87 81 110 172 134 86 55 110 243 241 199 225 203 222 192 181 200 174 145 93 49 9 9 15 22 31 17 17 17 17 17 17 17 17 18 18 18 18 18 18 18 18 18 18 18 18 18 18 18 18 18 18 18 18 18 18 18 18 19 19 19 20 21 23 24 26 30 33 36 38 39 42 47 51 54 62 70 75 82 93 101 103 110 115 121 127 132 137 142 146 153 155 159 161 162 164 167 170 168 168 169 169 169 170 170 170 167 166 163 161 158 155 153
13 13 13 13 13 13 13 13 14 14 14 14 14 14 14 14 13 13 13 13 13 13 13 13 13 13 13 13 13 13 13 13 12 12 12 12 12 12 12 12 14 14 14 15 16 17 17 18 19 21 22 22 22 23 26 29 30 32 35 37 39 42 47 50 55 56 60 64 68 73 76 78 82 84 88 93 97 101 103 104 106 106 108 109 110 111 111 110 112 112 112 112 111 110 108 107 104 101 97 95 93 90 86 83 82 78 74 70 67 63 59 55 53 51 48 45 42 40 38 38 37 20 113 235 255 247 254 237 150 20 51 36 111 252 254 233 172 26 40 42 50 216 251 254 254 145 2 35 36 15 215 247 227 254 221 229 220 190 222 219 216 219 217 208 203 207 213 216 210 199 193 197 203 202 202 203 197 198 200 202 205 210 216 220 207 233 233 219 226 232 212 186 193 190 195 201 213 214 218 218 211 204 201 190 175 176 179 171 154 154 130 100 113 158 179 168 177 187 199 203 197 188 180 177 204 189 170 165 175 181 165 143 131 135 133 125 117 160 164 178 158 197 227 232 234 240 242 238 241 235 237 236 230 233 232 217 215 225 238 244 241 230 219 212 198 192 184 192 206 205 203 212 219 231 240 235 221 201 180 165 159 169 162 148 148 151 154 164 159 220 235 220 232 235 219 216 215 181 101 123 122 74 108 92 89 81 79 57 76 71 93 92 96 108 110 138 177 167 145 151 155 174 199 186 151 196 230 152 179 250 178 113 57 81 85 92 78 123 101 77 43 175 231 193 196 237 159 240 195 168 204 124 169 129 58 30 14 17 21 17 17 17 17 17 17 17 17 17 18 18 18 18 18 18 18 18 18 18 18 18 18 18 18 18 18 18 18 18 18 18 18 17 19 18 18 19 20 21 23 24 27 29 32 34 36 40 44 48 52 60 67 70 76 85 92 93 102 107 114 120 125 130 135 139 146 150 154 156 159 161 165 169 166 166 167 168 168 169 170 170 167 166 164 162 159 157 155
13 13 13 13 13 13 13 13 14 14 14 14 14 14 14 14 13 13 13 13 13 13 13 13 13 13 13 13 13 13 13 13 12 12 12 12 12 12 12 12 13 14 14 15 16 17 17 17 19 21 22 22 22 23 26 29 30 32 35 37 39 42 46 50 52 53 57 61 65 70 73 74 79 81 85 90 95 98 101 102 105 106 108 109 110 111 111 111 112 113 113 113 112 111 110 109 106 103 99 97 95 93 89 86 85 81 77 73 70 66 61 58 54 52 49 46 43 40 39 38 35 34 142 253 254 251 250 222 71 49 32 66 216 241 253 217 81 50 32 20 159 246 241 253 200 38 31 45 1 120 251 232 251 233 222 206 218 227 200 201 210 216 215 206 200 206 216 223 201 190 185 194 202 202 201 203 203 206 212 217 222 227 232 234 225 226 222 224 226 211 199 206 193 205 193 197 185 207 196 191 188 187 193 188 170 157 141 118 76 68 50 49 93 152 169 152 179 181 188 196 202 203 197 192 181 182 177 169 167 169 165 156 138 134 119 118 130 171 160 173 155 189 226 234 228 238 245 234 240 234 236 236 230 234 233 218 217 226 238 244 237 218 197 183 191 206 209 216 228 220 222 249 241 241 239 236 230 215 187 163 157 171 166 151 149 151 154 164 150 218 240 225 221 210 208 233 190 105 109 129 114 83 101 88 134 68 44 39 67 94 86 108 101 104 118 129 154 137 128 185 158 165 181 230 171 125 211 225 106 221 237 182 69 78 74 107 69 82 141 34 102 209 233 122 206 213 187 231 165 181 177 133 149 122 39 29 10 17 24 12 17 17 17 17 17 17 17 17 18 18 18 18 18 18 18 18 18 18 18 18 18 18 18 18 18 18 18 18 18 17 17 17 18 18 18 18 19 21 22 23 24 26 30 32 34 37 42 46 52 59 65 67 71 79 85 86 96 101 108 114 119 124 129 133 142 145 150 153 156 159 163 167 165 165 166 167 168 169 169 170 167 166 164 162 160 158 156
13 13 13 13 13 13 13 13 13 13 13 13 13 13 13 13 13 13 13 13 13 13 13 13 13 13 13 13 13 13 13 13 13 13 13 13 13 13 13 13 13 13 14 14 14 15 15 15 17 18 19 20 22 23 24 25 28 29 30 32 36 39 42 44 48 50 54 57 59 63 68 72 72 76 81 86 88 91 95 98 100 102 104 107 109 111 111 112 113 114 113 113 112 110 108 107 107 106 105 103 100 97 94 93 88 84 80 76 73 69 65 61 58 54 52 50 51 51 43 35 48 46 216 255 237 254 246 159 28 35 48 165 254 254 226 146 25 14 35 91 227 247 254 208 84 1 47 24 22 192 254 232 231 231 226 217 213 214 213 209 211 213 214 212 209 209 213 218 202 193 178 170 179 199 213 217 223 227 231 233 233 232 231 230 218 221 226 217 201 204 211 204 188 194 187 170 165 176 185 185 175 171 158 141 133 125 106 84 75 37 93 94 125 150 146 178 198 167 201 188 196 201 201 190 186 190 181 179 194 195 178 166 159 122 142 121 143 159 171 175 163 158 230 230 227 233 244 235 240 240 239 238 235 232 228 226 215 217 232 238 227 220 217 207 224 214 220 235 239 245 248 240 240 210 214 243 203 205 188 163 157 162 161 153 150 154 156 153 151 182 243 228 221 219 200 148 84 97 123 113 145 78 99 129 133 53 43 62 83 104 90 90 100 106 116 127 139 146 144 138 177 177 171 164 216 163 147 233 200 116 232 205 141 42 58 70 53 57 45 77 146 240 150 125 216 180 240 195 169 165 192 155 142 148 65 20 21 15 19 15 17 17 17 17 17 17 17 17 17 17 17 17 17 17 17 17 17 17 17 17 17 17 17 17 18 18 18 18 18 18 18 18 20 20 19 19 19 20 21 22 22 23 26 30 34 38 40 42 46 49 54 59 64 70 77 82 91 97 105 110 115 120 128 135 137 140 145 149 151 154 157 160 162 163 164 166 167 167 167 167 166 166 165 163 162 160 159
13 13 13 13 13 13 13 13 13 13 13 13 13 13 13 13 13 13 13 13 13 13 13 13 13 13 13 13 13 13 13 13 13 13 13 13 13 13 13 13 13 14 14 14 15 15 15 16 18 18 19 20 22 23 24 25 28 28 29 32 35 38 41 43 45 48 51 54 56 60 65 69 69 73 79 83 85 88 92 95 100 101 104 106 109 110 111 111 112 112 113 112 112 110 109 108 107 106 105 104 101 98 95 94 90 87 82 79 76 72 67 64 66 60 54 58 48 40 49 40 20 103 252 248 254 254 222 93 33 49 69 228 254 242 218 34 21 64 26 165 236 226 222 180 8 25 32 6 116 215 211 220 228 231 228 220 214 214 215 213 210 211 213 213 212 212 214 215 194 183 173 176 190 207 218 223 226 228 231 232 230 226 223 222 230 206 197 204 204 203 198 187 196 186 169 160 172 185 176 157 155 142 123 104 93 101 129 156 97 72 101 96 138 159 149 155 189 169 203 204 199 199 198 203 197 196 183 177 190 192 176 166 146 123 133 148 158 167 175 165 164 159 219 234 227 234 240 236 240 240 240 238 236 232 229 226 216 217 227 229 217 217 224 223 241 231 241 251 246 226 222 227 229 224 200 209 190 171 168 158 161 166 165 157 153 155 154 151 158 183 239 217 187 154 124 83 93 109 130 142 108 85 122 174 137 52 37 60 86 104 97 106 112 118 116 112 127 153 162 155 185 175 158 170 168 168 132 161 232 149 155 250 203 132 29 51 58 43 110 139 199 174 73 199 166 182 234 133 191 186 157 172 129 140 84 21 23 15 16 15 17 17 17 17 17 17 17 17 17 17 17 17 17 17 17 17 17 17 17 17 17 17 17 17 18 18 18 18 18 18 18 18 20 19 19 19 19 20 21 22 22 23 25 29 32 35 38 39 42 46 51 55 60 66 73 77 85 91 99 105 109 115 122 129 133 137 142 146 148 151 155 157 161 162 164 166 167 168 168 168 167 167 166 164 163 162 161
13 13 13 13 13 13 13 13 13 13 13 13 13 13 13 13 13 13 13 13 13 13 13 13 13 13 13 13 13 13 13 13 13 13 13 13 13 13 13 13 14 14 14 15 15 15 16 16 18 18 19 20 21 22 23 24 27 27 28 30 33 37 39 41 42 44 48 50 52 56 61 65 66 69 75 79 82 85 88 91 98 100 102 105 108 110 111 111 110 111 111 112 112 111 110 109 107 107 106 105 102 99 97 95 93 90 86 82 79 76 71 68 69 65 54 64 46 35 60 39 0 207 249 248 254 244 190 26 44 35 157 254 254 243 109 1 50 19 82 230 239 235 242 89 1 39 15 30 178 228 214 211 222 229 230 223 215 214 216 217 209 210 212 214 216 216 213 211 190 176 173 189 208 218 224 230 228 229 229 228 225 220 216 213 212 189 188 199 189 174 176 181 179 178 168 155 151 150 141 127 119 100 90 94 94 81 74 76 73 114 145 126 138 130 150 174 206 184 188 195 185 202 205 220 210 208 191 182 189 185 169 160 143 124 132 168 170 171 175 158 166 160 202 236 227 236 233 239 240 240 240 238 236 233 229 227 216 216 224 221 208 213 232 240 234 249 238 207 209 237 232 197 188 207 187 181 186 154 164 175 165 169 169 163 157 155 153 149 167 176 211 168 127 94 87 80 91 114 144 147 114 136 162 164 151 65 37 64 90 97 94 111 116 122 112 98 113 148 160 149 156 146 158 168 142 179 165 144 195 220 146 200 223 170 113 68 109 110 174 190 194 126 147 203 135 219 154 149 179 181 151 179 127 140 113 22 26 15 11 14 17 17 17 17 17 17 17 17 17 17 17 17 17 17 17 17 17 17 17 17 17 17 17 17 18 18 18 18 18 18 18 18 20 19 19 18 19 20 21 22 21 22 24 27 29 32 33 34 37 41 45 50 54 60 66 71 78 84 92 98 101 107 115 121 128 132 138 142 145 148 151 154 159 161 163 165 166 167 168 168 168 168 167 166 164 163 162
13 13 13 13 13 13 13 13 13 13 13 13 13 13 13 13 13 13 13 13 13 13 13 13 13 13 13 13 13 13 13 13 13 13 13 13 13 13 13 13 14 14 15 15 15 16 16 16 18 18 19 20 21 22 22 23 25 26 27 29 31 34 37 39 39 42 45 47 49 53 58 61 63 66 72 76 79 82 85 88 96 97 100 103 106 108 109 110 108 109 110 111 111 111 111 111 108 108 107 106 104 101 99 97 95 92 88 84 82 79 74 71 66 67 51 61 47 43 66 25 45 255 244 253 252 251 108 23 30 66 233 248 254 184 2 46 45 1 179 250 223 254 193 14 31 39 7 104 219 239 229 212 214 224 230 224 215 214 216 217 209 209 211 215 219 218 211 205 192 178 182 207 228 231 231 236 231 229 227 224 221 215 209 205 181 174 186 198 185 170 169 170 154 157 149 130 112 102 96 92 54 87 123 126 92 57 48 58 75 124 132 134 163 136 153 164 221 206 183 191 189 222 212 208 213 217 206 196 193 179 159 154 149 120 148 163 172 168 167 164 168 161 183 235 228 237 228 240 239 240 240 239 237 233 230 228 221 222 230 226 210 214 235 244 220 226 231 232 218 194 188 204 133 155 204 205 209 169 159 166 164 167 169 166 161 156 152 149 165 170 183 124 93 84 101 113 100 109 147 135 162 163 171 159 150 74 41 70 98 96 94 113 118 117 111 107 119 136 138 128 153 151 194 157 137 148 168 141 108 238 207 100 184 187 166 167 178 192 199 184 181 166 228 157 173 200 122 188 156 161 161 174 143 147 132 17 25 17 11 15 17 17 17 17 17 17 17 17 17 17 17 17 17 17 17 17 17 17 17 17 17 17 17 17 18 18 18 18 18 18 18 18 19 19 18 18 18 19 20 21 21 22 23 24 26 28 29 30 34 37 42 46 49 55 61 65 73 79 87 92 96 101 109 115 123 127 133 137 141 144 148 151 157 158 160 163 165 167 167 168 169 168 168 167 166 165 164
13 13 13 13 13 13 13 13 13 13 13 13 13 13 13 13 13 13 13 13 13 13 13 13 13 13 13 13 13 13 13 13 13 13 13 13 13 13 13 13 15 15 15 16 16 16 17 17 18 18 19 19 20 21 21 21 24 25 25 27 29 32 35 36 38 40 43 45 47 50 55 58 60 64 69 74 76 79 83 86 92 94 97 100 103 106 107 107 107 108 109 110 111 111 111 111 109 109 108 107 105 103 101 99 96 93 89 86 84 81 77 74 65 70 54 54 50 56 61 13 140 245 255 251 247 232 21 50 9 166 243 250 245 66 14 55 7 112 237 245 230 254 39 19 34 32 23 185 254 248 210 209 208 219 227 223 215 213 214 215 209 210 212 216 218 215 206 199 192 184 193 222 238 239 236 238 234 230 224 219 214 207 199 193 202 181 167 160 157 164 162 145 112 85 48 28 36 64 90 102 134 130 109 78 60 56 46 30 100 143 146 160 182 130 144 155 206 228 213 219 219 241 218 190 205 215 215 210 202 178 155 151 146 115 165 148 176 169 157 173 171 163 168 226 230 235 228 240 239 240 240 239 237 234 231 229 228 229 238 234 215 212 221 222 199 212 187 164 192 203 140 63 7 12 142 182 192 183 165 171 161 163 166 167 163 157 154 153 154 172 182 115 96 96 102 100 114 122 139 135 182 161 141 186 131 82 48 75 105 103 105 119 127 115 114 127 135 129 124 125 112 125 165 136 141 152 180 190 142 110 229 194 93 208 200 200 208 198 192 172 208 221 175 155 205 132 177 161 159 165 153 164 157 150 124 8 20 19 15 18 17 17 17 17 17 17 17 17 17 17 17 17 17 17 17 17 17 17 17 17 17 17 17 17 18 18 18 18 18 18 18 18 19 18 18 17 18 19 20 21 20 21 22 23 24 25 26 26 32 35 39 43 46 51 56 60 70 76 83 88 92 97 104 110 117 122 128 133 137 141 145 148 153 154 157 160 163 165 166 167 168 168 168 167 166 166 165
13 13 13 13 13 13 13 13 13 13 13 13 13 13 13 13 13 13 13 13 13 13 13 13 13 13 13 13 13 13 13 13 13 13 13 13 13 13 13 13 15 15 16 16 16 17 17 17 18 18 19 19 20 20 20 20 23 23 24 25 27 30 32 34 35 38 40 42 44 47 51 55 57 61 66 71 73 76 80 83 88 90 93 97 100 102 104 105 107 108 109 110 111 111 110 110 110 110 109 108 107 104 102 101 98 95 91 89 87 84 80 77 73 73 65 53 56 60 49 38 206 255 244 255 254 123 24 42 50 227 254 246 179 16 57 19 53 209 250 234 254 172 1 36 37 6 81 243 239 237 221 201 205 216 224 222 217 215 213 211 210 212 215 216 215 208 200 193 189 189 201 225 237 237 234 233 228 222 215 209 204 197 188 181 160 170 184 177 149 117 76 33 38 37 37 41 47 49 48 44 125 143 132 82 49 59 87 101 155 189 200 204 197 132 144 161 189 236 236 234 232 237 231 213 200 208 210 210 206 180 153 148 134 132 159 141 180 174 153 177 173 165 160 210 233 232 234 237 239 239 240 239 238 235 232 230 227 224 231 229 213 204 201 191 190 181 158 139 112 66 66 117 142 93 171 199 184 177 159 165 160 161 164 168 165 158 156 158 153 175 177 107 98 101 95 85 107 157 139 133 165 199 122 151 134 112 70 76 100 101 106 109 129 112 112 132 138 124 122 135 142 153 147 145 133 155 141 169 180 140 166 214 167 197 183 198 203 186 171 196 195 197 176 174 169 148 170 153 163 175 157 148 155 146 97 3 14 18 19 20 17 17 17 17 17 17 17 17 17 17 17 17 17 17 17 17 17 17 17 17 17 17 17 17 18 18 18 18 18 18 18 18 18 18 17 17 17 18 19 20 20 20 21 22 23 24 25 25 30 33 37 40 43 47 52 56 65 71 78 83 86 91 98 104 111 115 122 127 132 136 141 144 149 150 154 157 160 163 164 165 167 167 167 167 166 166 165
13 13 13 13 13 13 13 13 13 13 13 13 13 13 13 13 13 13 13 13 13 13 13 13 13 13 13 13 13 13 13 13 13 13 13 13 13 13 13 13 15 16 16 16 17 17 17 18 18 18 19 19 19 19 20 20 22 22 23 24 26 28 30 32 32 34 37 38 40 43 47 50 53 57 63 67 70 72 76 79 85 86 90 94 97 100 101 102 107 108 109 110 110 110 109 109 110 110 110 109 108 106 104 103 101 98 95 92 90 88 84 81 79 68 75 59 63 57 43 105 236 255 229 255 235 34 52 29 144 239 254 211 86 34 51 28 159 222 254 240 236 76 30 34 35 21 176 250 208 226 238 207 205 215 223 223 220 218 213 208 212 215 217 216 210 201 193 189 189 196 208 220 226 224 217 211 206 201 195 194 194 191 185 179 181 164 142 101 48 23 27 32 32 27 20 17 20 28 41 52 114 127 136 145 169 200 215 212 223 214 208 207 219 185 169 143 172 217 224 224 235 219 236 238 213 208 198 199 201 178 147 137 136 181 126 139 170 174 157 175 174 167 157 193 236 229 241 235 239 239 240 240 238 236 233 231 227 219 224 228 221 217 209 193 201 208 173 130 110 97 122 182 220 158 138 185 189 174 170 176 164 163 165 170 167 159 158 162 158 169 164 100 101 102 99 103 111 160 148 130 142 197 111 111 153 154 98 73 86 93 104 95 120 112 115 129 131 122 123 134 132 134 140 153 144 176 166 182 197 179 157 195 218 173 216 183 192 194 174 198 162 171 217 186 153 189 129 180 157 166 177 144 149 146 75 8 14 14 19 19 17 17 17 17 17 17 17 17 17 17 17 17 17 17 17 17 17 17 17 17 17 17 17 17 18 18 18 18 18 18 18 18 18 17 17 17 17 18 19 20 19 20 20 21 23 24 25 25 28 30 34 36 39 43 48 52 58 64 71 76 79 83 90 96 103 108 115 121 125 130 135 139 145 147 150 154 158 160 162 163 166 166 166 166 165 165 165
13 13 13 13 13 13 13 13 13 13 13 13 13 13 13 13 13 13 13 13 13 13 13 13 13 13 13 13 13 13 13 13 13 13 13 13 13 13 13 13 16 16 16 17 17 17 18 18 18 18 19 19 19 19 19 19 22 22 22 23 25 27 30 31 29 31 34 36 37 40 44 47 51 54 60 64 67 70 73 76 82 84 88 92 95 98 100 100 108 108 109 110 110 109 108 108 111 111 110 110 108 106 105 104 104 101 97 95 93 90 87 84 81 61 81 67 69 53 44 167 254 238 255 249 168 40 29 44 211 254 253 178 33 38 37 70 212 235 254 254 140 23 29 40 3 85 254 222 236 235 211 226 207 216 222 224 223 221 214 206 213 217 219 216 206 196 189 186 193 204 213 215 212 208 198 188 184 180 178 181 187 191 188 184 153 118 93 75 41 16 14 18 9 21 62 130 192 218 205 185 208 214 221 223 222 222 226 229 221 214 223 205 203 187 182 156 147 179 195 216 246 213 228 231 231 213 190 187 194 173 139 123 149 229 93 138 155 169 162 173 175 168 156 182 237 226 246 233 239 239 240 240 238 236 233 232 236 224 227 237 240 244 239 222 187 193 194 209 204 149 142 207 187 155 83 177 218 180 169 162 169 166 167 172 168 160 158 164 156 163 163 114 119 108 101 115 143 129 154 137 128 117 91 143 161 175 110 66 75 92 112 98 113 117 125 131 131 127 126 128 135 123 169 157 155 161 182 170 180 160 206 189 210 202 183 217 185 191 202 161 177 201 170 207 196 163 152 180 158 153 185 155 146 151 67 20 18 12 17 14 17 17 17 17 17 17 17 17 17 17 17 17 17 17 17 17 17 17 17 17 17 17 17 17 18 18 18 18 18 18 18 18 18 17 17 16 17 18 19 20 19 19 20 21 23 24 25 25 26 28 32 34 36 40 45 49 53 58 65 70 73 77 84 90 99 103 110 116 121 126 131 135 143 145 148 152 156 159 161 162 165 165 165 165 165 165 165
13 13 13 13 13 13 13 13 12 12 12 12 12 12 12 12 13 13 13 13 13 13 13 13 13 13 13 13 13 13 13 13 13 13 14 14 15 15 15 15 16 16 16 16 17 17 18 18 18 18 18 19 19 19 20 20 22 22 22 22 23 24 26 27 29 30 32 35 37 40 42 43 48 51 55 59 61 65 69 72 77 80 85 88 91 94 99 102 105 107 109 109 107 107 109 111 113 113 112 112 111 110 110 110 108 105 101 98 96 93 89 86 73 82 75 71 79 52 87 216 251 254 253 250 93 44 26 150 246 245 235 76 18 59 39 160 238 250 241 205 46 8 47 22 50 209 244 240 241 213 219 214 207 211 215 218 221 220 214 207 212 217 216 209 202 197 191 185 206 210 204 199 195 181 172 181 179 180 180 177 171 164 159 156 116 115 117 118 106 88 79 79 165 198 229 232 220 217 229 239 236 229 218 214 213 214 216 219 210 192 191 182 184 170 202 148 173 143 130 164 199 217 228 216 226 200 195 199 183 161 153 150 199 248 83 111 147 177 159 178 168 165 176 164 221 235 230 234 239 239 240 240 239 238 237 236 227 229 234 225 210 217 229 226 190 191 196 119 188 187 99 206 162 164 144 159 189 190 178 165 169 162 158 163 171 172 164 154 165 165 150 112 127 129 133 121 131 130 134 155 141 88 179 128 182 121 131 60 76 89 106 100 109 125 113 133 133 94 102 118 164 189 166 167 180 177 173 140 182 182 183 181 175 169 172 179 190 187 179 173 175 179 175 168 176 193 167 184 160 171 178 150 150 116 33 22 16 19 6 18 17 17 17 17 17 17 17 17 17 17 17 17 17 17 17 17 17 17 17 17 17 17 17 17 18 18 18 18 18 18 18 18 19 19 19 19 19 19 19 19 20 20 21 21 21 22 22 22 23 25 28 30 31 34 39 42 48 51 56 60 66 73 80 86 91 96 103 109 116 122 129 134 138 141 145 148 150 153 157 160 163 163 164 165 166 165 165
13 13 13 13 13 13 13 13 12 12 12 12 12 12 12 12 13 13 13 13 13 13 13 13 13 13 13 13 13 13 13 13 13 13 14 14 15 15 15 15 16 16 16 16 17 17 18 18 18 18 18 19 19 19 20 20 22 22 22 22 23 24 25 26 29 30 32 34 37 39 41 42 45 48 53 56 59 62 66 69 75 78 83 86 89 93 97 101 104 106 108 108 107 108 110 112 112 112 112 111 111 110 110 110 108 105 102 99 97 94 91 88 80 82 75 74 78 52 117 232 248 255 238 202 48 36 66 200 253 244 190 30 45 33 75 210 254 238 234 116 23 35 35 9 130 234 249 236 237 220 219 211 203 202 206 214 220 219 214 209 217 218 212 202 195 193 190 186 204 205 196 189 186 173 164 172 179 184 189 190 188 186 187 189 200 200 205 215 220 221 226 234 221 220 216 214 217 222 221 216 213 216 217 216 215 215 214 212 195 188 184 188 172 176 199 158 191 188 164 145 146 171 208 228 220 189 175 179 178 178 178 172 216 250 117 95 149 173 165 166 170 166 175 164 215 232 231 235 239 239 239 239 239 238 237 236 225 228 233 223 208 214 228 229 178 187 184 74 152 200 115 124 79 161 166 117 205 207 170 156 168 163 160 163 169 170 163 156 164 168 156 115 121 116 127 126 132 126 135 136 135 91 139 166 137 153 126 47 44 89 97 99 84 98 105 144 126 116 127 120 120 151 135 128 141 163 205 216 195 196 198 196 187 177 174 178 204 198 187 177 177 180 178 172 173 173 203 140 166 174 136 166 148 87 30 2 6 14 14 11 17 17 17 17 17 17 17 17 17 17 17 17 17 17 17 17 17 17 17 17 17 17 17 17 18 18 18 18 18 18 18 18 19 19 19 19 19 19 19 19 20 20 20 21 21 22 22 22 22 25 27 29 31 33 38 41 45 48 52 57 61 68 76 81 87 92 99 105 111 118 125 129 136 139 143 147 149 153 157 161 161 162 163 164 165 165 164
13 13 13 13 13 13 13 13 12 12 12 12 12 12 12 12 13 13 13 13 13 13 13 13 13 13 13 13 13 13 13 13 13 13 14 14 15 15 15 15 16 16 16 16 17 17 18 18 18 18 18 19 19 19 20 20 22 22 21 22 22 24 25 26 28 29 31 33 35 37 39 40 42 45 50 53 55 58 62 65 72 75 80 83 86 90 94 97 103 105 107 107 107 108 110 112 112 111 111 111 110 110 110 110 109 106 102 100 99 96 93 90 89 83 77 79 78 54 161 251 250 255 236 165 27 27 105 235 250 245 92 12 56 16 140 251 246 234 215 12 19 33 10 58 215 247 244 224 224 225 220 212 207 199 199 212 221 218 212 210 216 214 205 194 190 193 195 193 200 196 183 175 176 166 158 166 183 191 201 206 207 209 214 219 227 222 220 222 223 220 219 220 217 202 185 183 199 213 210 199 209 213 208 194 188 194 200 200 189 167 165 175 186 198 204 142 166 194 200 179 154 129 136 176 177 178 188 191 182 186 199 201 236 252 163 83 146 170 178 161 171 167 174 163 205 230 231 235 238 238 239 239 239 238 237 236 224 226 232 223 206 211 228 232 190 180 172 112 136 188 124 126 147 137 109 85 173 198 165 190 167 164 162 163 167 167 163 159 165 168 154 105 101 94 119 134 134 128 142 132 138 99 92 185 136 189 105 40 21 74 81 99 103 103 115 148 113 113 119 95 146 170 160 157 164 163 165 154 175 178 183 187 181 170 165 167 186 183 175 167 165 166 161 154 171 172 199 158 154 157 159 138 113 23 25 12 24 19 23 20 17 17 17 17 17 17 17 17 17 17 17 17 17 17 17 17 17 17 17 17 17 17 17 17 18 18 18 18 18 18 18 18 19 19 19 19 19 19 19 19 20 20 20 20 21 21 22 22 22 24 27 28 29 32 36 39 41 43 47 51 56 62 69 74 81 86 92 99 105 112 119 123 129 132 137 142 145 149 154 158 159 159 161 162 163 163 163
13 13 13 13 13 13 13 13 12 12 12 12 12 12 12 12 13 13 13 13 13 13 13 13 13 13 13 13 13 13 13 13 13 13 14 14 15 15 15 15 16 16 16 16 17 17 18 18 18 18 18 19 19 19 20 20 21 21 21 21 22 23 25 26 27 28 29 31 33 35 37 38 40 43 47 50 52 55 59 62 68 71 76 79 82 86 90 93 100 102 105 106 106 107 109 112 111 111 110 110 110 110 110 110 109 107 104 102 101 99 96 93 94 85 80 86 77 67 202 254 250 252 243 132 37 34 156 251 242 214 1 39 33 49 211 253 231 245 118 1 30 38 3 160 248 232 227 210 205 217 215 214 216 201 197 211 221 216 209 208 210 207 200 192 191 197 201 200 191 186 171 166 172 167 163 171 191 202 214 220 219 218 221 225 228 226 226 229 229 222 213 206 193 192 189 186 192 200 203 201 199 203 196 181 177 186 191 188 184 159 176 173 197 200 205 138 197 178 178 213 235 185 121 136 132 147 171 184 190 215 240 243 246 255 202 93 131 168 185 168 172 167 173 164 193 227 232 235 237 237 238 238 238 238 237 236 225 226 232 225 207 210 228 235 209 181 160 164 128 175 143 162 174 149 164 154 94 185 175 162 167 165 163 163 165 165 164 162 167 166 145 90 83 81 116 139 130 128 143 145 142 102 69 146 177 191 82 53 24 44 72 99 96 89 104 122 126 117 125 118 103 110 102 112 147 174 187 190 188 190 196 200 195 185 180 181 171 176 178 177 176 173 162 150 167 186 178 183 149 153 142 133 140 15 21 27 18 8 4 25 17 17 17 17 17 17 17 17 17 17 17 17 17 17 17 17 17 17 17 17 17 17 17 17 18 18 18 18 18 18 18 18 19 19 19 19 19 19 19 19 19 19 20 20 20 21 21 21 22 23 26 26 27 29 33 36 38 40 44 47 51 56 63 67 75 80 86 93 99 106 112 117 120 124 129 134 139 144 149 153 155 156 158 160 161 162 162
13 13 13 13 13 13 13 13 12 12 12 12 12 12 12 12 13 13 13 13 13 13 13 13 13 13 13 13 13 13 13 13 13 13 14 14 15 15 15 15 16 16 16 16 17 17 18 18 18 18 18 19 19 19 20 20 21 21 20 21 21 23 24 25 25 26 28 29 31 33 34 35 39 42 46 49 50 53 57 60 64 67 71 75 78 81 86 89 96 99 102 103 104 105 108 111 109 109 110 110 110 110 110 110 110 108 105 103 103 101 99 96 96 89 84 91 75 94 228 254 250 248 230 60 18 53 223 254 248 126 1 49 12 130 254 243 255 210 1 32 33 37 64 230 242 214 213 206 194 199 201 205 213 199 194 204 214 213 208 207 207 205 200 195 196 201 201 197 182 179 167 166 176 175 173 183 203 213 224 229 227 222 220 221 210 210 210 211 212 209 201 193 187 194 195 188 182 183 186 187 179 187 189 184 181 180 171 159 177 184 198 194 148 176 182 164 185 183 203 217 212 163 142 216 192 175 165 172 199 240 251 240 248 254 226 127 114 158 177 172 172 167 172 166 181 225 231 234 236 236 237 238 238 237 237 236 231 228 234 229 211 211 227 235 210 188 160 131 115 159 168 128 188 111 142 158 72 171 198 178 168 165 162 162 163 164 164 163 167 166 143 88 87 92 122 137 126 127 133 154 137 97 82 90 167 157 89 77 37 18 80 96 87 84 98 95 153 116 110 128 141 136 121 105 115 132 147 170 190 188 187 187 180 169 163 163 196 188 172 158 157 168 178 182 148 160 159 141 142 108 38 177 136 16 4 11 6 33 9 23 17 17 17 17 17 17 17 17 17 17 17 17 17 17 17 17 17 17 17 17 17 17 17 17 18 18 18 18 18 18 18 18 19 19 19 19 19 19 19 19 19 19 19 20 20 20 21 21 21 23 24 25 25 26 30 33 37 39 42 44 47 52 58 62 69 74 81 87 93 100 107 111 115 119 125 130 135 141 147 151 151 153 155 157 159 160 161
13 13 13 13 13 13 13 13 12 12 12 12 12 12 12 12 13 13 13 13 13 13 13 13 13 13 13 13 13 13 13 13 13 13 14 14 15 15 15 15 16 16 16 16 17 17 18 18 18 18 18 19 19 19 20 20 20 20 20 20 21 22 24 25 24 25 26 28 29 31 32 33 37 40 44 46 48 50 54 57 60 63 67 71 74 77 82 85 92 95 98 100 101 103 106 109 108 109 109 109 110 110 110 110 111 108 106 105 105 104 102 99 95 94 87 91 72 133 242 253 255 255 211 20 1 80 254 251 236 29 45 21 45 210 255 239 254 100 1 33 33 1 174 240 228 212 206 211 198 186 191 191 199 193 189 193 203 210 209 205 209 209 204 200 199 200 194 185 176 176 170 172 182 182 181 192 212 217 223 226 224 219 215 213 212 210 205 197 194 196 194 190 183 181 176 173 177 184 184 179 185 178 165 149 134 124 120 119 184 200 170 185 80 163 149 170 203 179 185 184 199 188 151 179 237 225 216 215 225 245 251 238 250 254 242 175 121 143 166 169 171 167 172 169 170 223 231 231 235 235 236 237 238 237 237 236 237 230 234 232 216 213 224 229 214 190 174 99 132 111 166 94 188 96 136 181 192 192 184 161 171 165 160 159 163 166 165 163 164 170 148 91 97 109 132 130 131 131 130 154 135 93 110 71 101 124 123 104 54 14 84 85 94 99 106 89 155 111 74 93 150 140 138 137 155 165 152 163 173 169 168 169 166 159 156 158 165 178 192 197 195 185 168 153 168 152 161 161 141 38 73 221 109 63 52 90 113 134 49 9 17 17 17 17 17 17 17 17 17 17 17 17 17 17 17 17 17 17 17 17 17 17 17 17 18 18 18 18 18 18 18 18 19 19 19 19 19 19 19 19 18 18 19 19 20 20 20 20 20 22 23 23 23 24 27 30 35 37 40 41 43 47 53 57 63 68 75 81 87 94 101 105 112 117 123 128 133 139 145 149 148 149 152 155 157 159 160
13 13 13 13 13 13 13 13 12 12 12 12 12 12 12 12 13 13 13 13 13 13 13 13 13 13 13 13 13 13 13 13 13 13 14 14 15 15 15 15 16 16 16 16 17 17 18 18 18 18 18 19 19 19 20 20 20 20 20 20 21 22 23 24 23 24 25 26 28 29 30 31 34 37 41 43 44 46 50 53 56 60 64 68 71 74 79 82 88 91 95 97 98 101 104 107 108 108 108 109 109 110 110 110 111 109 107 106 106 106 104 102 94 100 89 87 68 174 249 253 255 255 220 119 85 145 254 237 169 1 59 5 129 244 251 231 176 19 27 19 18 22 232 228 215 215 195 215 215 191 197 185 191 194 190 186 193 207 210 202 210 209 205 200 199 197 188 178 174 179 177 179 186 182 180 192 215 212 208 206 205 203 199 196 182 187 187 182 182 189 194 193 181 173 164 161 168 173 164 151 145 127 104 85 70 70 96 126 185 184 147 151 60 155 147 168 193 178 212 210 198 180 139 158 189 201 225 236 232 241 251 252 252 248 254 224 157 137 169 168 169 166 172 172 163 221 230 228 234 234 236 237 237 237 237 237 241 231 232 233 219 213 219 220 227 190 151 112 168 102 145 84 165 175 206 175 187 183 199 176 174 165 157 157 163 168 166 162 164 173 144 75 83 108 134 125 131 133 140 146 139 85 109 80 69 128 152 129 81 26 57 68 73 89 92 88 124 132 80 82 111 87 88 100 142 175 169 189 194 192 194 201 204 202 201 204 209 202 187 171 170 184 200 208 208 192 193 223 138 61 208 232 177 188 187 212 229 161 43 2 17 17 17 17 17 17 17 17 17 17 17 17 17 17 17 17 17 17 17 17 17 17 17 17 18 18 18 18 18 18 18 18 19 19 19 19 19 19 19 19 18 18 18 19 19 20 20 20 20 21 22 22 21 22 25 27 33 35 37 38 40 43 48 52 57 62 68 75 81 88 94 99 108 112 118 124 129 134 140 144 145 147 150 153 156 158 159
13 13 13 13 13 13 13 13 12 12 12 12 12 12 12 12 13 13 13 13 13 13 13 13 13 13 13 13 13 13 13 13 13 13 14 14 15 15 15 15 16 16 16 16 17 17 18 18 18 18 18 19 19 19 20 20 20 20 19 20 20 22 23 24 23 23 24 26 27 28 29 30 32 35 38 40 41 44 47 50 55 58 63 66 69 72 77 80 86 89 93 95 97 99 103 106 107 107 108 108 109 110 110 110 111 109 107 107 107 107 105 103 94 104 89 83 65 201 253 254 250 247 245 255 219 224 254 245 92 18 31 13 202 243 244 217 98 19 4 39 1 160 221 220 205 215 182 214 230 202 210 189 192 201 197 184 188 206 210 199 207 206 201 197 197 197 188 177 175 182 182 183 187 179 176 187 213 203 192 186 185 184 181 178 180 190 193 186 180 179 177 171 169 164 152 139 126 111 88 69 51 43 43 49 52 70 121 174 169 165 173 134 78 136 167 187 194 148 182 196 182 161 129 164 167 169 184 196 195 204 223 230 251 241 254 253 195 139 182 173 168 166 172 174 160 221 229 227 233 234 235 237 237 237 237 237 244 230 231 232 220 213 215 214 231 195 97 114 182 152 137 55 53 84 134 185 191 184 189 175 176 165 155 155 164 169 167 161 166 173 133 49 56 94 131 125 120 126 148 135 141 72 84 84 88 152 161 146 109 37 20 55 71 89 82 89 81 143 89 71 53 49 73 85 114 142 148 189 197 195 198 205 208 205 202 203 170 177 181 181 182 186 186 183 188 203 208 198 103 140 221 207 232 237 217 209 212 76 3 22 17 17 17 17 17 17 17 17 17 17 17 17 17 17 17 17 17 17 17 17 17 17 17 17 18 18 18 18 18 18 18 18 19 19 19 19 19 19 19 19 18 18 18 19 19 19 20 20 20 21 22 21 20 21 24 26 32 33 35 36 37 40 45 49 53 57 64 71 77 83 90 95 102 107 112 118 122 128 134 138 144 146 148 152 155 157 158
13 13 13 13 13 13 13 13 13 13 13 13 13 13 13 13 13 13 13 13 13 13 13 13 13 13 13 13 13 13 13 13 14 15 15 15 16 16 16 17 17 17 17 18 18 18 19 19 19 19 19 19 19 19 19 19 20 20 20 20 20 20 20 20 21 21 23 24 25 27 28 28 28 29 32 35 38 41 43 44 50 53 57 60 63 67 73 77 80 83 88 92 93 96 99 101 104 105 107 109 110 111 111 111 109 109 109 109 109 107 106 105 98 97 101 90 74 183 248 248 255 250 247 250 251 246 244 246 165 47 3 92 227 246 233 178 43 4 32 0 74 223 214 217 216 208 202 201 201 198 199 202 200 195 192 194 201 204 203 199 201 198 198 201 201 193 183 177 180 179 178 180 183 185 184 183 185 189 184 172 168 172 170 161 162 177 182 185 188 171 143 130 102 86 67 76 124 91 54 24 42 31 58 50 53 113 159 194 187 187 186 124 53 162 185 192 215 209 184 191 206 159 132 177 187 196 196 176 164 181 187 166 184 198 186 144 163 119 168 179 175 164 167 186 163 177 241 237 232 233 234 235 236 236 236 236 238 234 232 232 225 213 209 213 226 201 182 192 198 173 160 178 161 169 175 180 188 193 186 174 169 168 161 155 159 171 176 172 163 176 130 34 30 41 88 126 116 128 145 136 107 93 91 84 96 124 173 149 91 48 16 35 58 67 73 73 73 77 79 78 61 46 65 85 87 120 165 175 192 191 193 199 203 200 188 177 165 177 183 177 173 182 194 201 189 223 216 163 145 185 216 214 210 218 205 205 135 4 19 24 11 11 12 14 15 16 17 18 16 16 16 16 16 16 16 16 17 17 17 17 17 17 17 17 17 17 17 18 18 18 19 19 18 18 18 19 19 19 20 20 20 20 20 20 20 20 20 20 21 20 20 21 22 23 25 26 27 27 28 30 33 36 39 41 48 52 59 64 70 76 82 87 91 97 105 111 116 122 130 136 135 139 144 150 154 157 157
13 13 13 13 13 13 13 13 13 13 13 13 13 13 13 13 13 13 13 13 13 13 13 13 13 13 13 13 13 13 13 13 14 15 15 15 16 16 16 17 17 17 17 18 18 18 19 19 19 19 19 19 19 19 19 19 20 20 20 20 20 20 20 20 21 21 22 24 25 26 27 28 28 29 31 34 37 40 42 43 49 52 55 58 61 66 71 75 78 81 86 89 91 93 96 99 101 102 104 106 108 108 109 109 108 108 109 109 108 107 106 105 99 98 102 92 77 180 249 249 224 242 247 236 237 252 254 254 255 226 173 162 221 243 220 125 1 27 13 9 166 254 218 212 199 192 189 192 197 200 205 211 204 199 196 198 203 205 203 199 201 200 202 203 200 191 181 175 176 176 178 181 184 184 182 179 182 180 174 167 166 171 173 172 187 188 179 165 140 96 68 71 94 111 102 82 126 128 102 52 47 18 42 86 115 148 173 189 188 183 163 102 95 194 213 197 205 213 191 186 204 177 151 177 189 199 201 180 166 184 198 186 167 194 194 140 135 121 157 157 186 173 164 177 163 174 227 229 233 233 234 235 236 236 236 236 238 236 236 235 227 216 214 219 241 209 175 173 184 179 176 192 185 189 189 184 182 183 179 172 169 168 161 155 159 170 174 172 180 168 124 55 16 3 33 95 121 131 144 135 105 91 88 80 98 122 161 137 91 57 23 28 41 53 67 78 86 90 84 76 73 58 71 107 106 77 101 166 164 173 183 186 181 172 164 161 173 173 171 171 181 195 198 194 223 199 159 137 167 218 231 215 216 203 219 196 45 5 21 8 16 16 16 16 16 16 16 16 16 16 16 16 16 16 16 16 17 17 17 17 17 17 17 17 17 17 17 18 18 18 19 19 18 18 18 19 19 19 20 20 20 20 20 20 20 20 20 20 21 20 20 21 22 23 25 26 26 27 28 30 32 35 38 40 43 47 53 58 63 69 76 80 87 93 101 107 112 118 126 132 132 135 141 147 151 153 154
13 13 13 13 13 13 13 13 13 13 13 13 13 13 13 13 13 13 13 13 13 13 13 13 13 13 13 13 13 13 13 13 14 15 15 15 16 16 16 17 17 17 17 18 18 18 19 19 19 19 19 19 19 19 19 19 20 20 20 20 20 20 20 20 21 21 22 23 24 25 26 27 27 28 30 33 35 38 40 41 46 49 53 56 59 63 68 72 74 78 83 86 88 90 93 96 97 99 101 103 104 105 106 106 107 107 108 108 108 107 106 105 101 100 103 94 81 174 251 250 237 208 204 237 254 250 237 239 216 255 255 245 255 244 163 12 0 33 20 87 236 239 219 215 205 198 194 196 198 198 200 204 204 202 202 205 208 208 203 198 200 203 205 203 196 186 177 172 172 173 177 181 184 182 178 174 174 168 164 167 169 169 170 173 143 169 181 145 69 25 86 194 197 202 172 100 100 98 81 41 31 56 121 182 174 158 187 203 192 192 149 96 137 199 212 191 163 191 180 169 191 189 171 179 187 200 210 195 179 193 207 199 168 184 199 158 124 132 151 161 183 173 155 164 168 176 213 230 234 234 234 235 235 235 236 236 238 238 239 238 231 222 219 221 237 218 188 179 191 192 184 185 190 194 194 186 179 177 175 172 168 166 161 157 159 168 172 172 170 171 163 141 74 29 41 93 122 129 140 130 102 90 89 82 94 117 141 119 89 70 38 25 34 45 55 60 67 80 93 100 83 71 61 95 128 95 72 109 148 161 174 174 165 159 163 171 170 170 167 165 172 185 195 198 199 160 129 146 195 230 228 210 216 210 230 133 4 17 17 13 20 19 19 17 16 15 14 14 16 16 16 16 16 16 16 16 17 17 17 17 17 17 17 17 17 17 17 18 18 18 19 19 18 18 18 19 19 19 20 20 20 20 20 20 20 20 20 20 21 21 20 20 21 23 24 25 25 26 27 28 31 34 36 38 40 43 48 53 58 64 70 75 81 87 96 101 106 112 120 126 127 130 136 142 147 149 150
13 13 13 13 13 13 13 13 13 13 13 13 13 13 13 13 13 13 13 13 13 13 13 13 13 13 13 13 13 13 13 13 14 15 15 15 16 16 16 17 17 17 17 18 18 18 19 19 19 19 19 19 19 19 19 19 20 20 20 20 20 20 20 20 20 21 21 22 23 24 25 25 26 27 28 31 34 36 38 39 43 46 50 52 55 59 64 68 72 75 80 83 85 88 91 93 95 96 98 101 102 104 104 104 105 106 107 107 107 106 105 105 103 102 104 97 86 165 253 252 232 241 214 162 150 196 247 254 245 252 236 233 255 255 212 96 24 0 21 174 238 216 230 225 220 214 210 210 208 201 197 196 197 200 206 212 215 211 203 196 198 203 205 198 188 179 173 168 172 172 174 177 179 178 174 171 163 156 158 169 174 167 163 166 196 164 124 84 26 8 52 164 224 209 193 132 103 70 57 53 23 70 126 183 182 177 210 195 182 199 145 123 159 180 183 195 142 178 181 171 187 189 178 184 184 198 215 212 198 203 207 196 191 175 190 173 116 125 127 160 153 153 141 151 170 174 197 235 235 235 234 234 234 235 235 236 238 236 236 238 237 229 218 210 213 218 202 185 189 190 181 175 180 182 183 182 181 180 176 173 167 165 161 158 159 165 169 171 161 170 184 210 171 148 114 107 119 123 131 122 100 93 94 88 86 112 125 105 86 78 54 29 37 49 53 46 43 58 87 109 72 80 65 68 115 136 105 70 115 131 150 161 164 165 169 173 172 173 175 180 187 189 184 178 139 148 170 199 216 216 210 208 209 231 196 32 8 22 4 29 19 19 18 17 16 15 14 13 16 16 16 16 16 16 16 16 17 17 17 17 17 17 17 17 17 17 17 18 18 18 19 19 18 18 18 19 19 19 20 20 20 20 20 20 20 20 20 20 21 21 20 20 21 22 23 24 24 25 25 27 29 32 34 35 40 43 47 51 55 61 68 73 76 82 90 96 100 106 114 120 122 126 132 138 143 146 147
13 13 13 13 13 13 13 13 13 13 13 13 13 13 13 13 13 13 13 13 13 13 13 13 13 13 13 13 13 13 13 13 14 15 15 15 16 16 16 17 17 17 17 18 18 18 19 19 19 19 19 19 19 19 19 19 20 20 20 20 20 20 20 20 20 20 21 21 22 23 23 24 24 25 27 29 31 34 35 36 40 43 46 49 51 54 59 63 69 73 77 81 83 85 88 90 93 94 96 99 101 103 104 104 104 104 105 106 106 106 105 104 103 103 104 99 91 154 254 252 255 254 254 255 219 155 132 146 225 242 242 248 237 241 249 227 175 86 94 238 236 234 225 210 216 213 214 218 216 207 199 196 186 194 207 217 221 214 203 194 197 202 200 188 177 173 170 166 176 174 173 173 174 174 172 169 157 148 148 160 168 164 162 166 160 96 45 42 38 19 49 122 170 165 202 174 135 70 33 31 68 94 121 162 159 160 201 193 173 186 137 165 177 182 168 212 160 190 200 193 192 182 177 189 192 199 212 214 204 205 203 190 203 182 180 156 91 108 101 129 128 134 138 150 171 167 178 228 236 236 235 234 233 234 235 236 238 233 231 236 241 235 215 196 194 215 209 184 182 192 196 198 196 186 176 175 179 180 176 172 166 164 161 159 160 162 166 171 177 165 167 214 211 200 144 108 120 121 124 115 96 92 96 90 84 114 120 100 82 75 61 32 39 46 50 48 52 67 86 97 75 80 88 78 75 108 128 107 77 87 104 126 146 155 156 153 165 161 162 173 181 172 148 128 145 182 220 229 219 208 210 215 209 221 114 3 25 22 1 26 15 15 15 15 15 15 15 15 16 16 16 16 16 16 16 16 17 17 17 17 17 17 17 17 17 17 17 18 18 18 19 19 18 18 18 19 19 19 20 20 20 20 20 20 20 20 20 20 21 21 20 20 20 21 22 23 23 23 24 25 27 29 31 33 38 40 44 47 50 56 63 68 70 77 85 91 95 101 109 115 118 122 128 135 140 143 144
13 13 13 13 13 13 13 13 13 13 13 13 13 13 13 13 13 13 13 13 13 13 13 13 13 13 13 13 13 13 13 13 14 15 15 15 16 16 16 17 17 17 17 18 18 18 19 19 19 19 19 19 19 19 19 19 20 20 20 20 20 20 20 20 20 20 20 21 21 22 22 22 23 24 26 27 30 31 33 34 37 40 43 45 47 51 55 59 65 68 73 77 78 81 84 86 90 92 94 97 99 101 102 102 102 103 104 105 105 105 105 104 104 103 103 99 95 144 254 252 243 255 254 246 253 254 221 170 133 178 211 244 227 229 238 230 255 226 206 252 235 242 205 208 213 211 212 217 214 203 192 187 181 192 207 219 221 214 203 194 199 200 192 176 168 170 171 167 179 176 173 171 171 170 168 166 156 146 140 145 154 160 164 168 108 77 56 58 41 15 47 124 77 96 176 173 161 131 91 70 112 109 144 195 185 163 184 197 187 170 139 195 193 201 170 213 164 184 194 191 183 173 177 195 206 201 206 206 196 196 199 192 190 204 182 130 77 113 117 118 130 133 151 166 180 168 166 217 238 237 235 233 233 234 235 236 237 233 229 233 241 238 217 195 187 219 225 210 213 224 225 222 226 203 180 171 172 173 171 170 166 162 160 161 160 159 163 170 181 175 181 207 189 147 111 113 126 122 121 109 91 90 94 87 89 120 118 102 81 68 61 33 37 33 29 35 58 88 108 114 120 79 85 96 62 58 106 141 93 82 74 79 99 123 140 147 153 155 154 148 137 133 145 160 208 219 221 210 205 213 219 218 220 172 39 7 14 26 11 12 12 13 13 14 14 15 16 16 16 16 16 16 16 16 16 16 17 17 17 17 17 17 17 17 17 17 17 18 18 18 19 19 18 18 18 19 19 19 20 20 20 20 20 20 20 20 20 20 21 21 20 19 19 20 21 22 22 22 22 23 25 27 29 30 33 35 37 39 43 48 56 61 65 71 79 85 89 95 103 110 114 118 124 131 136 139 141
13 13 13 13 13 13 13 13 13 13 13 13 13 13 13 13 13 13 13 13 13 13 13 13 13 13 13 13 13 13 13 13 14 15 15 15 16 16 16 17 17 17 17 18 18 18 19 19 19 19 19 19 19 19 19 19 20 20 20 20 20 20 20 20 20 20 20 20 20 21 21 21 22 23 24 26 28 30 31 32 35 38 40 43 44 48 52 56 60 63 68 71 73 75 78 81 86 88 91 94 96 98 99 100 101 102 103 104 105 105 104 104 103 102 103 100 97 135 254 251 255 247 245 249 241 227 233 252 205 183 144 170 186 228 244 230 219 242 235 222 233 224 216 224 220 216 214 214 209 197 186 182 186 195 208 217 218 212 203 197 203 200 185 166 161 171 176 171 180 178 176 174 172 169 164 160 155 150 144 142 149 157 156 150 71 50 37 46 45 32 59 118 121 119 184 171 170 165 126 95 117 89 135 203 224 215 191 181 197 148 156 197 191 208 182 202 158 171 175 167 164 171 186 198 207 201 205 205 191 187 193 193 178 219 182 119 81 108 130 124 134 125 153 175 184 173 163 207 238 237 235 233 232 233 235 236 237 236 232 231 237 238 226 210 196 218 220 213 226 235 221 206 218 198 178 171 170 167 166 167 165 161 160 162 160 156 161 170 172 175 164 139 129 97 94 118 127 120 116 104 88 90 95 88 92 120 113 104 86 67 64 37 30 33 32 30 40 66 96 115 138 98 84 91 74 52 72 112 118 105 85 72 72 87 107 121 128 130 134 137 140 158 197 229 229 221 205 198 204 216 220 217 210 107 8 24 13 20 22 12 14 14 15 15 15 16 16 16 16 16 16 16 16 16 16 16 17 17 17 17 17 17 17 17 17 17 17 18 18 18 19 19 18 18 18 19 19 19 20 20 20 20 20 20 20 20 20 20 21 21 20 19 19 19 20 21 21 21 21 22 24 25 27 29 30 31 33 34 37 43 50 56 59 65 73 79 83 89 97 104 109 113 119 126 132 135 136
13 13 13 13 13 13 13 13 13 13 13 13 13 13 13 13 13 13 13 13 13 13 13 13 13 13 13 13 13 13 13 13 14 15 15 15 16 16 16 17 17 17 17 18 18 18 19 19 19 19 19 19 19 19 19 19 20 20 20 20 20 20 20 20 19 19 20 20 20 20 20 20 22 23 24 26 27 29 30 31 34 36 39 41 43 46 50 54 56 59 64 67 69 71 75 77 84 85 88 91 94 96 97 97 100 101 103 104 104 104 104 104 103 102 102 100 98 131 253 251 243 239 227 213 207 208 205 198 210 217 195 192 130 125 166 210 225 234 238 222 255 218 239 207 222 216 213 214 210 202 195 193 193 200 209 215 215 210 204 200 206 200 181 160 158 172 179 175 179 178 178 177 175 169 161 156 152 155 154 150 153 156 143 125 64 60 59 62 51 31 45 91 151 121 180 181 199 205 171 145 135 139 205 222 203 198 182 186 183 123 171 186 181 204 198 204 173 182 176 157 157 179 197 199 198 198 210 212 193 182 188 190 179 221 173 115 82 75 106 114 124 104 138 167 178 171 160 198 238 237 235 232 232 233 235 236 236 239 237 231 233 237 234 226 211 209 185 170 189 204 191 172 185 175 169 172 172 166 163 166 165 160 160 162 160 155 160 170 176 154 86 20 66 97 112 107 123 115 111 101 88 92 100 93 90 115 105 105 92 70 71 44 18 48 68 53 25 20 45 71 105 127 109 79 78 67 56 68 103 110 111 100 80 64 60 62 70 57 67 115 175 213 222 219 208 205 208 217 219 216 216 221 181 60 4 4 28 3 15 20 17 17 17 17 17 16 16 16 16 16 16 16 16 16 16 16 17 17 17 17 17 17 17 17 17 17 17 18 18 18 19 19 18 18 18 19 19 19 20 20 20 20 20 20 20 20 20 20 22 21 20 19 19 19 20 20 21 20 21 21 23 25 26 28 29 31 32 33 36 41 49 54 55 61 69 75 79 85 93 100 105 109 116 123 128 132 133
13 13 13 13 13 13 13 13 13 13 13 13 13 13 13 13 13 13 13 13 13 13 13 13 13 13 13 13 13 13 13 13 14 15 15 15 16 16 16 17 17 17 17 18 18 18 19 19 19 19 19 19 19 19 19 19 20 20 20 19 19 18 18 18 18 18 18 18 18 18 18 18 20 21 22 24 26 28 29 30 32 33 35 38 41 44 46 47 53 56 60 64 66 69 73 77 79 82 86 89 90 93 96 99 99 99 100 101 102 103 104 104 100 107 106 101 101 124 253 241 247 250 244 235 230 220 217 229 219 230 219 220 236 203 143 120 177 214 228 235 219 237 230 223 215 220 223 221 215 209 201 195 195 203 207 203 202 204 201 194 191 185 177 171 169 170 172 174 177 177 177 176 175 172 169 167 164 156 155 164 154 159 153 87 76 70 61 66 62 78 64 93 131 141 174 214 225 197 157 135 113 201 228 208 207 198 182 192 172 171 185 176 194 181 200 209 182 177 182 180 187 166 196 211 199 211 206 216 194 198 180 179 208 200 149 85 60 69 87 102 124 145 165 170 167 169 177 184 225 236 235 232 236 233 230 236 237 236 235 234 232 230 229 229 230 219 197 177 179 194 196 187 192 209 183 174 180 166 162 161 158 159 160 159 157 159 165 169 170 144 70 62 91 94 109 113 123 119 108 96 94 99 99 94 83 102 108 94 85 82 65 41 2 43 143 41 26 33 20 25 20 71 149 167 111 66 59 53 54 56 70 94 87 84 93 62 13 31 122 220 231 206 205 220 209 207 207 216 227 221 186 151 26 24 20 16 14 14 14 15 16 16 16 16 16 16 16 16 16 16 16 16 16 16 16 16 17 17 17 17 17 17 17 17 18 18 18 18 18 18 18 18 18 18 18 19 19 19 20 20 20 20 20 20 20 20 20 20 19 19 19 20 20 21 21 21 20 20 21 22 23 24 25 25 26 27 29 32 36 41 44 46 49 54 60 67 72 79 85 90 95 99 105 112 119 124 127
13 13 13 13 13 13 13 13 13 13 13 13 13 13 13 13 13 13 13 13 13 13 13 13 13 13 13 13 13 13 13 13 14 15 15 15 16 16 16 17 17 17 17 18 18 18 19 19 19 19 19 19 19 19 19 19 20 20 19 19 19 18 18 18 18 18 18 18 18 18 18 18 19 20 21 23 25 26 28 28 31 32 34 37 40 43 45 46 49 52 56 60 62 66 70 74 76 79 83 86 87 90 94 97 98 98 99 100 101 102 103 103 109 106 99 98 100 104 209 146 118 110 100 94 89 82 74 70 62 68 90 115 128 130 117 99 6 74 142 205 228 219 239 226 221 221 219 213 209 207 206 205 187 181 185 198 207 205 201 201 189 182 175 173 176 177 174 169 176 177 178 176 173 170 168 167 157 154 157 168 156 151 135 68 54 60 85 106 123 122 88 86 98 130 175 204 204 191 189 196 172 205 219 202 191 191 183 169 180 206 183 164 180 193 198 228 205 186 185 180 189 172 195 203 199 208 210 213 198 195 183 181 201 188 142 96 86 98 114 129 155 166 175 174 171 172 173 173 221 235 236 232 236 233 230 236 235 235 235 234 232 230 228 227 227 228 221 213 217 228 225 213 218 224 183 164 168 159 161 164 158 159 160 159 158 159 163 167 167 143 81 76 101 100 110 112 124 112 98 92 92 92 87 82 85 103 107 93 84 78 55 27 3 83 168 64 26 32 23 27 31 25 8 32 76 57 34 67 35 60 41 40 60 66 69 65 125 212 225 195 215 229 213 209 212 214 222 227 201 136 54 2 24 22 19 16 14 14 15 16 16 16 16 16 16 16 16 16 16 16 16 16 16 16 16 16 17 17 17 17 17 17 17 17 18 18 18 18 18 18 18 18 18 18 18 19 19 19 20 20 20 20 20 20 20 20 20 20 19 19 19 20 20 21 21 21 20 20 21 22 23 24 24 25 26 27 28 31 34 38 41 43 47 51 58 64 70 76 82 87 91 95 101 108 115 120 123
13 13 13 13 13 13 13 13 13 13 13 13 13 13 13 13 13 13 13 13 13 13 13 13 13 13 13 13 13 13 13 13 14 15 15 15 16 16 16 17 17 17 17 18 18 18 19 19 18 18 18 18 18 18 18 18 19 19 19 19 18 18 18 17 17 17 17 17 17 17 17 17 18 19 20 21 23 24 25 26 30 31 33 36 38 41 43 44 43 46 51 55 58 61 66 70 72 75 79 82 84 86 90 93 96 96 97 98 99 101 102 102 94 99 101 102 104 115 235 185 198 186 180 171 155 148 144 134 145 123 130 128 99 101 111 92 106 106 110 144 190 184 223 211 226 224 221 217 213 209 207 206 187 165 160 184 203 199 194 197 186 179 174 176 182 183 175 166 172 174 176 173 168 164 164 165 154 161 166 168 143 129 123 78 80 82 97 110 149 181 147 113 121 152 189 213 224 227 225 221 212 199 202 200 186 190 185 154 155 214 185 174 189 208 185 222 205 171 169 167 183 179 200 203 201 205 213 206 203 188 189 187 191 172 133 109 114 124 136 151 159 163 165 166 171 176 175 169 214 232 236 232 235 233 229 235 233 234 234 234 232 229 227 225 222 229 233 231 236 243 240 231 235 233 182 158 163 157 160 163 158 159 160 159 158 158 160 162 154 132 88 89 108 105 109 110 127 106 89 89 91 84 75 73 90 83 90 103 91 54 27 22 7 135 191 88 22 31 30 30 31 7 11 31 25 13 26 53 92 84 35 34 54 43 95 191 214 189 217 233 206 201 217 202 214 217 212 173 89 11 3 17 22 20 18 16 15 15 16 17 16 16 16 16 16 16 16 16 16 16 16 16 16 16 16 16 17 17 17 17 17 17 17 17 18 18 18 18 18 18 18 18 18 18 18 19 19 19 20 20 20 20 20 20 20 20 20 20 19 19 19 20 20 21 21 21 20 20 21 21 22 23 24 24 25 26 27 29 31 34 37 38 43 47 54 59 65 70 76 81 85 89 95 102 109 114 117
13 13 13 13 13 13 13 13 13 13 13 13 13 13 13 13 13 13 13 13 13 13 13 13 13 13 13 13 13 13 13 13 14 15 15 15 16 16 16 17 17 17 17 18 18 18 19 19 18 18 18 18 18 18 18 18 19 19 19 18 18 17 17 17 17 17 17 17 17 17 17 17 17 17 18 20 21 22 23 24 28 29 31 33 36 38 40 41 39 42 47 51 54 58 63 66 68 71 76 79 81 84 88 91 93 93 94 96 97 99 100 100 99 103 101 95 93 104 231 186 148 154 170 171 156 158 170 168 157 143 148 154 148 162 179 175 187 172 155 129 129 151 185 237 222 222 225 230 229 222 214 211 196 165 145 158 180 186 183 182 185 181 177 178 181 180 174 168 166 169 171 167 161 158 159 161 160 170 166 154 122 111 131 120 82 100 103 103 109 179 168 151 180 197 212 223 235 243 237 223 200 189 193 202 199 189 176 162 145 192 190 194 202 207 189 210 200 157 164 161 176 181 202 207 207 202 212 196 202 182 192 192 180 159 128 116 124 127 134 153 148 152 156 160 169 176 175 169 204 228 237 233 235 233 230 234 232 233 233 233 232 229 226 224 224 229 230 226 227 232 235 232 233 230 180 160 169 162 160 158 159 159 160 159 158 157 156 156 144 119 92 97 109 107 108 111 115 92 78 81 82 71 68 73 99 94 96 95 72 34 10 8 30 178 197 100 17 33 37 28 40 24 37 35 11 29 70 74 40 41 46 47 44 114 206 206 201 222 218 207 213 213 209 218 223 204 126 24 3 22 33 8 19 18 17 16 15 16 17 17 16 16 16 16 16 16 16 16 16 16 16 16 16 16 16 16 17 17 17 17 17 17 17 17 18 18 18 18 18 18 18 18 18 18 18 19 19 19 20 20 20 20 20 20 20 20 20 20 19 19 19 20 20 21 21 21 20 20 21 21 22 22 23 23 24 25 25 26 28 30 32 33 39 43 49 54 59 64 70 74 79 83 89 97 103 108 111
13 13 13 13 13 13 13 13 13 13 13 13 13 13 13 13 13 13 13 13 13 13 13 13 13 13 13 13 13 13 13 13 14 15 15 15 16 16 16 17 17 17 17 18 18 18 19 19 18 18 18 18 18 18 18 18 19 18 18 18 17 17 17 16 16 16 16 16 16 16 16 16 17 17 18 19 20 21 22 22 26 27 29 31 33 36 37 38 37 41 45 49 52 55 60 63 65 69 73 76 79 82 86 89 90 90 92 93 95 97 98 99 109 102 94 97 104 104 198 124 105 116 125 115 90 70 54 38 40 48 40 41 59 54 39 41 49 55 84 72 82 144 68 130 189 187 193 207 216 216 216 218 195 168 138 132 153 177 182 176 185 184 182 178 174 172 172 174 164 166 166 163 159 157 158 160 167 165 144 134 120 120 147 148 75 114 142 177 125 174 167 196 211 225 229 219 220 230 232 226 182 199 197 199 205 174 154 179 183 175 195 198 197 188 210 217 214 167 186 175 174 179 197 204 214 202 205 189 196 177 190 193 169 153 129 120 122 117 124 146 149 157 165 168 171 173 170 165 191 222 236 233 234 234 231 235 233 233 233 233 231 228 226 224 230 233 232 228 226 228 232 233 232 228 179 159 169 162 159 155 160 160 159 159 158 155 152 150 146 111 94 97 102 102 99 105 86 71 64 70 69 63 68 82 109 119 103 58 25 19 16 7 76 202 196 110 20 34 39 23 20 55 26 4 51 102 78 38 57 118 56 51 170 207 193 224 221 217 206 211 221 208 202 225 153 59 3 14 36 20 8 18 17 17 16 16 16 16 16 17 16 16 16 16 16 16 16 16 16 16 16 16 16 16 16 16 17 17 17 17 17 17 17 17 18 18 18 18 18 18 18 18 18 18 18 19 19 19 20 20 20 20 20 20 20 20 20 20 19 19 19 20 20 21 21 21 20 20 20 21 21 21 21 22 23 23 23 24 25 27 28 29 35 39 44 49 53 58 63 67 74 78 84 91 98 103 106
13 13 13 13 13 13 13 13 13 13 13 13 13 13 13 13 13 13 13 13 13 13 13 13 13 13 13 13 13 13 13 13 14 15 15 15 16 16 16 17 17 17 17 18 18 18 19 19 17 17 17 17 17 17 17 17 18 18 18 17 17 16 16 16 16 16 16 16 16 16 16 16 17 17 18 19 20 20 21 21 25 26 27 29 31 33 35 35 37 40 44 47 49 52 56 59 62 65 70 73 76 79 84 87 87 88 89 91 93 95 96 97 95 99 102 108 109 106 202 133 113 134 137 133 135 117 83 65 47 60 40 31 55 52 40 59 41 30 47 45 106 202 40 99 147 135 130 141 155 167 181 195 181 163 136 124 142 172 187 185 182 183 181 176 169 168 173 178 164 163 161 160 160 160 160 160 165 151 121 127 140 142 153 146 124 126 156 228 182 202 180 212 223 228 229 223 225 227 211 189 193 217 204 192 194 156 140 187 203 169 199 204 196 177 209 203 212 165 201 187 174 178 195 205 218 202 195 188 190 178 182 185 160 152 133 121 119 114 121 143 144 156 167 170 171 172 171 167 179 216 236 233 234 235 234 236 235 235 233 232 230 229 228 227 230 233 236 237 235 234 233 232 240 234 179 155 162 157 158 157 160 160 159 159 158 154 148 144 145 96 84 84 82 84 78 83 66 60 61 67 68 67 75 87 100 75 49 29 9 4 29 66 121 204 201 130 32 32 36 21 37 4 25 95 99 35 40 114 184 143 128 186 221 214 224 230 207 201 213 207 198 218 172 57 3 17 27 15 14 27 27 13 16 16 16 16 16 16 16 15 16 16 16 16 16 16 16 16 16 16 16 16 16 16 16 16 17 17 17 17 17 17 17 17 18 18 18 18 18 18 18 18 18 18 18 19 19 19 20 20 20 20 20 20 20 20 20 20 19 19 19 20 20 21 21 21 20 20 20 20 20 20 21 21 22 22 22 22 23 25 27 28 32 35 41 45 49 53 58 62 69 72 79 86 92 97 100
13 13 13 13 13 13 13 13 13 13 13 13 13 13 13 13 13 13 13 13 13 13 13 13 13 13 13 13 13 13 13 13 14 15 15 15 16 16 16 17 17 17 17 18 18 18 19 19 17 17 17 17 17 17 17 17 18 18 17 17 17 16 16 16 16 16 16 16 16 16 16 16 18 18 19 19 20 21 21 21 24 24 26 27 29 31 32 33 36 38 42 44 46 48 52 55 57 61 65 69 72 76 80 84 85 85 87 89 91 93 95 96 93 105 110 104 89 82 192 139 103 137 124 104 115 103 80 92 109 108 90 64 46 39 47 64 50 56 60 33 106 186 61 184 166 140 115 109 112 119 135 152 173 158 142 139 149 165 181 191 178 177 176 173 170 171 175 178 161 157 153 154 158 160 159 156 150 146 126 139 154 145 147 143 157 129 144 169 162 193 186 174 210 211 210 209 211 207 187 166 210 212 200 190 182 159 157 186 190 183 201 213 206 192 191 182 196 150 202 192 175 182 196 206 217 201 185 193 186 181 170 173 159 155 135 120 118 118 124 140 139 149 159 164 169 174 175 173 169 211 235 233 234 237 236 238 239 237 233 231 229 229 229 230 232 232 234 237 238 236 234 233 241 236 183 157 162 156 158 159 161 160 159 159 158 153 145 139 138 79 73 72 68 74 64 69 61 62 65 68 69 68 66 65 58 21 4 19 24 26 66 122 139 182 209 154 48 26 31 27 26 64 106 78 33 82 158 167 128 164 198 222 218 218 228 202 224 218 195 203 208 117 13 3 20 24 24 19 15 15 13 10 16 16 17 16 16 15 14 14 16 16 16 16 16 16 16 16 16 16 16 16 16 16 16 16 17 17 17 17 17 17 17 17 18 18 18 18 18 18 18 18 18 18 18 19 19 19 20 20 20 20 20 20 20 20 20 20 19 19 19 20 20 21 21 21 20 20 20 20 20 20 20 20 21 21 21 22 23 25 26 27 30 34 38 42 46 50 55 58 63 66 73 80 87 91 95
13 13 13 13 13 13 13 13 13 13 13 13 13 13 13 13 13 13 13 13 13 13 13 13 13 13 13 13 13 13 13 13 14 15 15 15 16 16 16 17 17 17 17 18 18 18 19 19 17 17 17 17 17 17 17 17 18 17 17 17 16 16 16 15 15 15 15 15 15 15 15 15 19 19 19 20 20 21 21 21 23 24 25 27 28 30 31 32 35 37 41 42 44 46 49 52 54 58 62 66 69 73 78 81 83 84 86 88 90 93 94 95 97 100 100 103 104 102 199 131 86 139 126 93 109 115 130 187 210 200 200 162 84 47 48 40 38 50 46 29 137 177 62 187 228 192 154 131 117 109 115 127 175 159 151 158 159 156 169 190 174 172 169 170 174 177 177 176 157 150 145 147 154 158 155 151 136 152 147 157 154 132 140 153 147 147 172 113 112 160 193 149 175 185 186 170 151 152 176 199 214 190 188 193 179 175 185 186 185 209 200 213 209 214 186 189 195 147 206 197 178 185 195 202 214 200 179 198 185 185 161 163 162 158 136 117 118 122 126 136 150 155 160 163 169 176 176 172 163 208 234 233 234 238 237 239 241 238 234 230 228 229 231 232 242 236 232 233 235 235 236 238 234 234 186 164 169 160 159 159 161 159 158 159 158 153 144 137 135 73 71 73 70 79 68 72 60 63 64 62 62 58 45 30 12 27 23 10 32 85 119 119 135 156 213 171 58 21 29 36 108 126 90 56 108 171 163 126 174 208 220 226 217 201 211 214 195 205 213 164 66 9 14 30 28 15 7 12 19 21 22 23 17 17 17 17 16 15 13 13 16 16 16 16 16 16 16 16 16 16 16 16 16 16 16 16 17 17 17 17 17 17 17 17 18 18 18 18 18 18 18 18 18 18 18 19 19 19 20 20 20 20 20 20 20 20 20 20 19 19 19 20 20 21 21 21 21 20 20 20 20 20 19 19 21 21 21 21 23 25 26 28 29 33 37 41 44 48 53 56 59 62 69 76 82 87 91
12 12 12 12 12 12 12 12 13 13 13 13 13 13 13 13 13 13 13 13 13 13 13 13 13 13 14 14 15 15 15 15 16 16 16 16 16 16 16 16 17 17 17 17 17 17 17 17 17 17 17 17 17 17 17 17 17 17 17 17 17 17 17 17 16 16 16 16 16 16 16 16 16 16 17 17 18 19 20 20 21 22 23 25 27 29 30 31 34 35 37 40 42 45 47 48 52 53 56 60 65 69 72 74 75 79 83 86 88 90 93 95 97 96 96 109 104 98 171 151 77 141 129 104 100 92 193 237 193 144 138 170 140 48 56 42 48 54 45 30 104 181 30 185 216 203 184 175 150 101 100 152 172 164 153 156 165 160 162 180 179 174 172 177 180 178 171 166 158 143 148 144 147 151 135 139 147 144 145 157 170 171 158 144 134 128 138 157 115 131 145 148 153 141 111 109 130 127 149 211 199 181 186 204 148 211 204 178 199 198 193 200 213 207 195 195 198 133 203 198 166 170 199 207 205 195 186 209 187 157 170 147 169 156 138 124 119 123 130 136 146 150 156 164 170 173 173 173 170 189 244 229 233 234 244 237 239 238 234 228 228 232 231 226 238 238 239 239 239 239 238 237 234 235 196 158 160 163 158 162 161 158 159 159 151 138 134 138 131 57 71 70 65 86 63 58 72 61 46 33 26 22 18 15 21 12 19 56 104 136 143 139 136 143 190 189 71 4 52 127 118 100 90 143 184 133 122 206 211 217 197 215 212 203 228 204 219 199 125 30 4 12 28 17 18 18 18 18 18 18 18 18 17 17 17 17 17 17 17 17 17 17 17 17 17 17 17 17 17 17 17 17 17 17 17 17 17 17 17 17 17 17 17 17 17 17 17 17 17 17 17 17 19 19 19 19 19 19 19 19 19 19 19 19 19 19 19 19 20 20 20 20 20 20 20 20 20 20 20 20 20 20 20 20 21 21 20 20 20 21 23 23 27 30 33 36 37 39 43 46 54 57 62 68 75 80 83
12 12 12 12 12 12 12 12 13 13 13 13 13 13 13 13 13 13 13 13 13 13 13 13 13 13 14 14 15 15 15 15 16 16 16 16 16 16 16 16 17 17 17 17 17 17 17 17 17 17 17 17 17 17 17 17 17 17 17 17 17 17 17 17 15 15 15 15 15 15 15 15 16 16 17 17 18 19 20 20 21 22 23 25 26 28 29 30 33 34 35 38 41 43 45 46 48 50 53 57 61 65 68 70 72 75 80 83 85 87 90 92 92 91 92 102 97 93 164 150 55 127 135 106 95 120 215 194 148 115 196 155 178 63 46 55 43 52 43 34 85 194 24 185 224 218 211 214 214 191 169 166 164 180 182 172 163 150 141 146 153 170 183 184 183 182 170 153 150 136 140 137 141 144 130 139 144 149 155 161 165 162 148 133 127 118 150 196 167 132 124 138 162 164 129 95 114 156 186 205 197 187 193 183 120 164 191 210 202 203 197 199 208 204 200 208 210 146 206 204 172 172 198 210 198 185 189 202 177 154 161 150 171 159 141 126 120 124 131 137 136 142 152 162 169 174 177 179 163 172 234 244 251 237 236 236 236 236 236 234 232 232 232 231 236 237 238 238 238 237 236 235 235 235 197 158 159 163 156 161 154 152 153 154 149 140 138 143 128 47 54 60 55 62 38 41 13 14 15 17 19 19 16 14 7 39 88 135 162 164 145 126 147 130 210 199 103 115 166 171 136 122 200 208 107 128 220 213 225 183 223 196 201 242 207 226 147 60 3 13 41 32 12 9 18 18 18 18 18 18 18 18 17 17 17 17 17 17 17 17 17 17 17 17 17 17 17 17 17 17 17 17 17 17 17 17 17 17 17 17 17 17 17 17 17 17 17 17 17 17 17 17 19 19 19 19 19 19 19 19 19 19 19 19 19 19 19 19 20 20 20 20 20 20 20 20 20 20 20 20 20 20 20 20 21 21 20 20 20 21 22 23 25 28 31 33 35 37 40 43 50 53 59 65 71 76 80
12 12 12 12 12 12 12 12 13 13 13 13 13 13 13 13 13 13 13 13 13 13 13 13 13 13 14 14 15 15 15 15 16 16 16 16 16 16 16 16 17 17 17 17 17 17 17 17 17 17 17 17 17 17 17 17 16 16 16 16 16 16 16 16 15 15 15 15 15 15 15 15 16 16 17 17 18 19 20 20 21 21 22 24 26 27 28 29 30 31 33 35 38 40 42 43 44 45 48 52 56 60 63 64 67 71 76 79 81 83 87 89 92 93 96 100 97 94 161 156 54 122 153 122 95 154 251 179 101 117 215 158 199 79 47 50 48 57 43 39 52 208 12 180 222 214 205 199 207 222 205 166 166 181 179 174 186 183 156 133 131 147 167 182 190 187 172 156 150 138 138 131 135 132 119 139 146 157 164 160 154 151 143 133 141 141 153 150 143 126 136 146 179 180 174 159 156 182 206 209 199 181 184 170 156 181 195 208 199 203 199 199 203 197 196 208 214 154 197 200 173 168 189 208 198 181 202 203 172 158 157 162 173 162 145 129 122 124 131 137 135 142 153 160 165 169 174 178 166 173 228 240 240 230 234 246 248 243 237 233 229 228 233 240 235 236 236 237 236 235 234 233 236 236 198 158 158 161 155 159 150 148 148 149 145 140 140 143 84 10 9 20 17 13 2 4 25 22 17 12 13 19 29 36 79 110 141 151 150 149 147 144 112 141 171 197 165 172 211 145 158 221 165 109 183 227 205 213 205 221 199 227 227 199 192 128 20 5 4 21 22 7 7 24 17 17 17 17 17 17 17 17 17 17 17 17 17 17 17 17 17 17 17 17 17 17 17 17 17 17 17 17 17 17 17 17 17 17 17 17 17 17 17 17 17 17 17 17 17 17 17 17 18 18 18 18 18 18 18 18 19 19 19 19 19 19 19 19 20 20 20 20 20 20 20 20 20 20 20 20 20 20 20 20 21 20 20 20 20 21 22 23 23 25 29 31 32 34 37 40 45 48 53 60 66 72 75
12 12 12 12 12 12 12 12 13 13 13 13 13 13 13 13 13 13 13 13 13 13 13 13 13 13 14 14 15 15 15 15 16 16 16 16 16 16 16 16 17 17 17 17 17 17 17 17 17 17 17 17 17 17 17 17 16 16 16 16 16 16 16 16 15 15 15 15 15 15 15 15 16 16 17 17 18 19 20 20 20 21 22 23 25 26 27 27 28 29 30 32 35 37 38 39 41 42 45 48 52 56 58 60 64 68 73 76 78 81 84 87 91 94 100 97 98 97 154 158 55 99 141 122 73 131 251 192 89 151 179 186 179 104 87 61 55 60 39 37 14 211 3 172 230 220 213 196 187 207 205 165 172 176 168 169 184 179 149 125 118 119 137 168 185 182 175 173 157 146 140 127 126 116 105 139 149 160 164 153 143 144 147 147 124 140 158 143 159 139 135 123 135 149 178 176 152 168 196 188 204 184 181 159 194 213 205 191 196 201 198 197 200 191 185 195 213 162 184 193 171 165 179 203 204 182 215 206 169 160 154 173 174 164 147 131 122 122 129 136 145 150 156 159 159 162 168 174 181 181 220 232 237 242 237 238 240 236 235 235 234 231 232 235 236 237 237 237 236 235 234 233 237 237 198 158 158 160 153 157 153 151 149 146 143 139 138 139 63 13 16 24 22 22 13 25 11 11 13 17 30 53 79 97 138 152 154 140 131 136 144 145 132 158 154 128 193 209 151 208 201 137 135 190 212 208 211 214 218 208 215 224 217 176 86 2 2 23 29 11 6 19 21 7 17 17 17 17 17 17 17 17 17 17 17 17 17 17 17 17 17 17 17 17 17 17 17 17 17 17 17 17 17 17 17 17 17 17 17 17 17 17 17 17 17 17 17 17 17 17 17 17 18 18 18 18 18 18 18 18 19 19 19 19 19 19 19 19 19 19 19 19 19 19 19 19 19 19 19 19 19 19 19 19 20 20 19 19 19 20 22 22 21 24 27 29 30 32 35 37 41 44 49 56 62 67 71
12 12 12 12 12 12 12 12 13 13 13 13 13 13 13 13 13 13 13 13 13 13 13 13 13 13 14 14 15 15 15 15 16 16 16 16 16 16 16 16 17 17 17 17 17 17 17 17 17 17 17 17 17 17 17 17 15 15 15 15 15 15 15 15 14 14 14 14 14 14 14 14 16 16 17 17 18 19 20 20 20 21 21 22 23 24 25 26 26 27 28 30 32 34 35 36 39 40 43 46 50 53 56 57 61 65 70 74 76 79 82 85 86 89 98 90 96 95 138 148 63 81 124 132 74 91 235 228 122 168 170 195 137 125 129 108 76 74 49 44 4 205 2 161 229 219 223 220 203 197 182 147 168 179 180 174 154 117 92 95 94 122 147 151 152 160 166 166 154 148 140 123 120 104 102 157 144 151 154 149 143 143 147 152 136 128 153 175 201 153 133 130 120 151 177 148 127 187 229 195 200 198 195 142 173 194 205 202 207 205 195 192 197 191 185 193 217 182 181 189 173 167 171 195 206 184 215 203 165 156 152 172 172 163 148 132 121 121 128 135 150 152 154 155 157 162 171 177 161 150 194 243 251 248 237 252 228 233 238 240 239 237 232 227 238 238 238 238 237 236 234 233 237 237 198 157 157 159 152 156 153 152 149 145 142 141 140 138 8 1 1 2 4 5 6 11 19 29 45 62 80 101 120 133 144 140 130 122 130 147 154 151 156 114 118 201 187 148 200 200 134 178 219 217 203 217 224 203 223 210 218 211 133 38 8 17 26 19 12 11 18 24 20 12 16 16 16 16 16 16 16 16 17 17 17 17 17 17 17 17 17 17 17 17 17 17 17 17 17 17 17 17 17 17 17 17 17 17 17 17 17 17 17 17 17 17 17 17 17 17 17 17 18 18 18 18 18 18 18 18 19 19 19 19 19 19 19 19 19 19 19 19 19 19 19 19 19 19 19 19 19 19 19 19 20 19 19 19 19 20 21 22 21 24 27 28 29 30 33 36 39 41 46 52 58 63 66
12 12 12 12 12 12 12 12 13 13 13 13 13 13 13 13 13 13 13 13 13 13 13 13 13 13 14 14 15 15 15 15 16 16 16 16 16 16 16 16 17 17 17 17 17 17 17 17 17 17 17 17 17 17 17 17 15 15 15 15 15 15 15 15 14 14 14 14 14 14 14 14 16 16 17 17 18 19 20 20 20 20 21 22 22 23 24 24 25 26 27 29 30 32 33 34 37 39 41 44 47 50 53 54 57 61 67 71 73 76 80 83 85 88 100 88 100 97 124 135 67 79 108 143 106 71 194 248 181 166 192 161 99 115 118 129 121 113 92 80 25 205 13 148 232 212 209 218 212 188 160 136 164 173 179 180 159 112 78 78 73 145 179 140 110 128 142 130 140 142 136 120 119 105 117 196 147 141 141 149 149 142 140 144 157 144 151 163 179 168 161 152 131 132 141 127 118 166 203 179 186 188 192 145 168 191 207 211 213 207 190 184 192 193 195 207 215 199 178 182 170 168 163 180 208 190 207 203 167 154 160 172 171 163 150 133 122 121 128 135 146 146 149 154 161 168 175 178 194 175 213 251 204 161 169 244 241 251 249 233 223 231 239 238 239 239 239 238 237 235 234 233 237 236 197 157 157 159 152 156 149 149 147 143 143 144 142 136 69 78 79 70 68 76 80 80 82 84 88 93 100 109 120 127 120 114 115 128 147 155 148 137 105 135 211 165 123 197 194 121 203 194 203 229 229 207 204 226 209 229 218 66 3 30 30 22 15 17 20 20 14 10 15 24 16 16 16 16 16 16 16 16 17 17 17 17 17 17 17 17 17 17 17 17 17 17 17 17 17 17 17 17 17 17 17 17 17 17 17 17 17 17 17 17 17 17 17 17 17 17 17 17 17 17 17 17 17 17 17 17 19 19 19 19 19 19 19 19 18 18 18 18 18 18 18 18 18 18 18 18 18 18 18 18 19 19 18 18 19 19 21 21 20 23 26 27 27 28 31 34 37 39 43 48 53 57 60
12 12 12 12 12 12 12 12 13 13 13 13 13 13 13 13 13 13 13 13 13 13 13 13 13 13 14 14 15 15 15 15 16 16 16 16 16 16 16 16 17 17 17 17 17 17 17 17 17 17 17 17 17 17 17 17 14 14 14 14 14 14 14 14 13 13 13 13 13 13 13 13 16 16 17 17 18 19 20 20 20 20 20 21 22 22 23 23 25 26 27 28 30 31 32 33 35 36 38 41 45 47 50 51 53 57 62 67 70 73 76 79 84 86 100 86 104 99 110 121 55 76 77 120 128 64 146 228 220 180 165 123 94 102 90 110 133 127 124 119 75 219 48 155 246 230 214 215 212 181 153 149 161 170 174 177 174 142 101 83 88 148 171 130 94 103 113 103 109 119 118 105 108 98 125 225 176 147 132 145 151 139 133 140 135 145 161 172 162 181 169 133 162 146 155 165 152 160 187 199 192 173 179 170 190 204 203 203 189 190 182 181 189 190 196 213 207 209 175 177 171 176 165 176 205 191 192 199 169 150 169 168 171 164 152 136 124 122 130 138 148 147 150 157 165 168 166 162 169 135 130 127 51 11 15 85 186 227 247 230 216 230 244 244 238 238 238 237 236 234 232 231 235 235 197 156 157 159 152 156 148 149 147 142 141 143 138 129 92 100 93 90 92 87 86 86 86 81 77 78 85 96 107 113 102 112 139 170 177 155 128 114 157 207 141 136 188 133 125 224 219 230 218 203 210 212 211 221 224 140 9 27 35 2 41 11 21 22 17 11 18 28 20 3 16 16 16 16 16 16 16 16 17 17 17 17 17 17 17 17 17 17 17 17 17 17 17 17 17 17 17 17 17 17 17 17 17 17 17 17 17 17 17 17 17 17 17 17 17 17 17 17 17 17 17 17 17 17 17 17 19 19 19 19 19 19 19 19 18 18 18 18 18 18 18 18 18 18 18 18 18 18 18 18 19 18 18 18 18 19 20 21 18 20 23 24 24 25 28 30 34 36 40 44 48 51 53
12 12 12 12 12 12 12 12 13 13 13 13 13 13 13 13 13 13 13 13 13 13 13 13 13 13 14 14 15 15 15 15 16 16 16 16 16 16 16 16 17 17 17 17 17 17 17 17 17 17 17 17 17 17 17 17 14 14 14 14 14 14 14 14 13 13 13 13 13 13 13 13 16 16 17 17 18 19 20 20 20 20 20 21 21 22 22 22 25 26 27 28 29 31 32 32 33 34 36 39 42 45 47 48 50 54 59 64 67 70 74 77 77 79 94 80 100 94 96 106 63 94 68 105 151 84 135 220 224 203 102 110 114 110 93 94 97 100 120 132 111 236 88 178 235 240 229 219 206 164 134 143 155 183 191 174 155 129 99 84 122 131 133 120 102 93 94 98 77 92 94 82 87 80 115 228 209 160 128 138 147 135 133 145 145 131 147 187 157 162 157 148 135 154 170 152 129 150 193 212 217 180 183 188 187 187 185 201 154 167 174 181 188 186 189 207 202 217 178 179 179 192 179 186 194 184 173 189 165 142 170 160 171 166 154 138 126 124 132 141 156 155 156 162 166 163 151 139 112 66 32 37 33 65 41 35 68 155 229 242 235 243 243 229 236 236 236 235 234 232 230 229 234 235 196 156 156 159 152 157 150 152 149 142 139 139 130 119 103 102 88 97 104 86 79 83 80 81 84 90 96 97 92 87 148 145 153 163 155 138 143 163 198 115 143 171 120 138 210 228 209 216 225 221 215 224 218 190 101 27 17 15 25 36 10 22 18 16 20 25 19 7 10 23 15 15 15 15 15 15 15 15 17 17 17 17 17 17 17 17 17 17 17 17 17 17 17 17 17 17 17 17 17 17 17 17 17 17 17 17 17 17 17 17 17 17 17 17 17 17 17 17 17 17 17 17 17 17 17 17 19 19 19 19 19 19 19 19 18 18 18 18 18 18 18 18 18 18 18 18 18 18 18 18 19 18 18 18 18 19 20 21 16 18 21 22 22 23 25 28 32 34 37 41 44 47 48
12 12 12 12 12 12 12 12 12 12 12 12 12 12 12 12 13 13 13 13 13 13 13 13 14 14 14 14 14 14 14 14 16 16 16 16 16 16 16 16 17 17 17 17 17 17 17 17 18 18 17 17 17 16 16 16 14 14 14 14 14 14 14 14 14 14 14 14 14 14 14 14 16 16 16 16 17 17 18 18 19 19 19 20 20 21 21 21 25 25 25 26 26 26 27 27 30 31 33 36 39 41 43 44 47 50 55 59 62 65 70 73 74 87 78 92 91 86 103 101 74 75 55 59 141 135 148 204 215 156 59 90 117 114 105 125 110 96 100 89 111 217 85 198 237 242 220 209 226 187 185 148 142 183 170 167 110 112 87 108 139 140 123 95 81 87 93 90 71 74 92 109 111 91 173 214 226 192 118 134 138 115 151 131 129 139 144 162 148 166 163 158 117 142 155 136 148 151 200 201 188 184 194 193 197 202 185 180 168 163 173 182 175 177 191 199 218 199 213 227 198 173 181 190 185 170 185 171 149 158 149 164 168 175 155 133 135 129 124 138 167 146 127 114 93 66 49 48 35 42 45 43 49 55 42 52 42 57 111 228 249 240 234 248 237 236 236 234 233 232 231 231 233 234 195 155 156 158 151 156 151 148 142 141 144 142 127 110 90 90 89 88 87 83 78 74 66 81 83 69 65 88 119 137 145 162 163 179 129 113 190 184 117 162 167 99 154 216 225 214 211 208 208 208 220 230 173 79 33 32 29 26 25 24 25 25 17 17 17 16 16 16 16 16 17 17 17 17 17 17 17 17 17 17 17 17 17 17 17 17 17 17 17 17 17 17 17 17 17 17 17 17 17 17 17 17 17 17 17 17 17 17 17 17 17 17 17 17 17 17 17 17 18 18 18 18 18 18 18 18 18 18 18 18 18 18 18 18 16 16 17 18 18 19 19 20 20 19 19 18 18 17 16 16 17 17 17 17 17 17 17 17 18 18 19 21 22 23 25 25 27 29 33 37 42 45 47
12 12 12 12 12 12 12 12 12 12 12 12 12 12 12 12 13 13 13 13 13 13 13 13 14 14 14 14 14 14 14 14 15 15 15 15 15 15 15 15 17 17 17 17 17 17 17 17 18 17 17 17 16 16 16 15 14 14 14 14 14 14 14 14 14 14 14 14 14 14 14 14 16 16 16 16 17 17 18 18 19 19 19 20 20 21 21 21 24 25 25 25 26 26 26 26 28 29 31 34 36 39 41 42 44 48 52 56 59 62 67 70 72 81 78 88 93 87 128 127 66 65 64 62 105 157 199 203 226 181 59 61 95 107 101 100 102 116 99 74 154 195 68 230 242 229 224 219 199 181 159 158 155 146 121 151 115 102 78 115 135 128 110 83 64 63 76 89 76 85 96 95 93 89 170 205 207 218 132 126 116 129 131 136 119 121 128 157 153 174 170 166 115 118 132 134 145 148 197 196 202 210 193 200 201 191 200 184 173 169 178 186 178 180 195 203 207 196 205 216 195 170 172 187 180 169 187 170 149 161 164 176 170 169 154 135 127 123 129 144 116 75 39 34 46 50 47 44 44 42 45 50 55 54 44 49 39 33 15 205 247 237 239 249 237 236 235 234 233 232 231 231 233 234 195 155 155 158 151 155 151 147 142 141 145 143 128 110 93 89 84 83 83 80 74 68 75 46 40 77 120 141 150 157 166 182 189 106 132 224 171 106 160 138 90 162 236 211 219 217 214 225 214 220 218 131 44 40 39 37 33 29 26 24 24 24 18 17 17 17 17 17 16 16 17 17 17 17 17 17 17 17 17 17 17 17 17 17 17 17 17 17 17 17 17 17 17 17 17 17 17 17 17 17 17 17 17 17 17 17 17 17 17 17 17 17 17 17 17 17 17 17 18 18 18 18 18 18 18 18 18 18 18 18 18 18 18 18 16 16 17 17 18 18 19 19 19 19 18 18 17 17 16 16 17 17 17 17 17 17 17 17 17 18 19 20 22 23 24 24 25 27 31 35 39 42 44
12 12 12 12 12 12 12 12 12 12 12 12 12 12 12 12 13 13 13 13 13 13 13 13 14 14 14 14 14 14 14 14 15 15 15 15 15 15 15 15 17 17 17 17 17 17 17 17 17 17 17 16 16 16 15 15 14 14 14 14 14 14 14 14 14 14 14 14 14 14 14 14 16 16 16 16 17 17 18 18 19 19 19 20 20 21 21 21 24 24 24 25 25 25 26 26 26 27 29 31 34 36 38 39 41 44 49 52 55 59 63 66 72 73 78 81 91 82 154 151 75 68 77 64 56 166 240 202 229 225 100 54 67 79 94 95 100 114 108 81 191 158 83 251 245 217 229 226 168 168 140 167 165 137 109 144 117 108 99 142 135 118 97 78 56 48 69 98 71 84 92 78 76 98 178 210 193 231 171 109 104 124 116 133 131 124 126 161 160 175 166 163 144 117 117 129 133 145 204 205 193 210 177 197 198 174 198 171 173 170 178 182 173 176 193 201 205 204 204 207 197 172 168 190 184 175 192 168 144 155 169 170 172 164 155 138 120 121 132 133 65 45 30 32 38 40 41 45 40 44 56 50 36 30 49 58 44 45 1 209 228 233 243 236 236 236 235 234 233 232 231 230 233 234 194 155 155 158 151 155 150 147 143 142 145 143 128 110 94 88 80 77 77 74 68 62 60 84 104 108 112 131 155 169 167 146 100 147 200 128 95 166 118 123 184 218 229 219 175 235 210 208 235 208 105 46 40 21 45 42 37 32 28 24 23 22 19 19 19 18 18 17 17 17 17 17 17 17 17 17 17 17 17 17 17 17 17 17 17 17 17 17 17 17 17 17 17 17 17 17 17 17 17 17 17 17 17 17 17 17 17 17 17 17 17 17 17 17 17 17 17 17 17 17 17 17 17 17 17 17 18 18 18 18 18 18 18 18 16 17 17 17 18 18 18 18 18 18 18 18 17 17 17 16 17 17 17 17 17 17 17 17 17 18 19 20 21 22 23 23 23 25 29 32 36 39 41
12 12 12 12 12 12 12 12 12 12 12 12 12 12 12 12 13 13 13 13 13 13 13 13 14 14 14 14 14 14 14 14 15 15 15 15 15 15 15 15 17 17 17 17 17 17 17 17 17 17 16 16 16 15 15 15 14 14 14 14 14 14 14 14 14 14 14 14 14 14 14 14 16 16 16 16 17 17 18 18 19 19 19 20 20 21 21 21 23 23 23 24 24 24 25 25 26 27 28 30 33 35 36 37 39 42 47 50 53 56 60 63 72 69 80 76 83 74 172 156 59 54 66 65 42 170 250 240 215 230 119 57 65 71 94 101 100 91 124 110 204 122 132 246 241 218 230 218 155 152 151 165 156 154 138 138 103 118 132 160 131 104 83 75 62 53 74 108 76 82 87 76 73 108 179 217 197 215 219 107 108 101 115 119 119 109 116 160 163 178 174 178 151 120 117 130 122 149 212 205 192 203 182 206 211 191 200 175 173 171 179 178 167 173 192 200 211 216 204 196 192 169 162 187 181 170 188 163 142 148 173 160 172 164 159 141 120 127 123 89 34 37 44 50 48 39 37 42 49 51 57 39 31 37 57 17 53 28 55 242 232 239 233 233 236 236 235 233 232 231 230 230 232 233 194 154 155 157 150 155 149 146 142 142 146 143 127 109 91 87 80 74 70 67 64 63 80 75 90 121 142 147 157 172 142 100 191 195 117 151 175 139 116 198 212 222 206 216 213 203 211 229 183 96 50 44 51 63 47 44 39 34 29 26 24 24 21 21 20 20 19 18 18 18 17 17 17 17 17 17 17 17 17 17 17 17 17 17 17 17 17 17 17 17 17 17 17 17 17 17 17 17 17 17 17 17 17 17 17 17 17 17 17 17 17 17 17 17 17 17 17 17 17 17 17 17 17 17 17 17 18 18 18 18 18 18 18 18 17 17 17 17 17 17 17 17 17 17 17 17 17 17 17 17 17 17 17 17 17 17 17 17 17 17 18 19 20 21 21 22 23 25 28 31 34 37 38
12 12 12 12 12 12 12 12 12 12 12 12 12 12 12 12 13 13 13 13 13 13 13 13 14 14 14 14 14 14 14 14 14 14 14 14 14 14 14 14 17 17 17 17 17 17 17 17 16 16 16 15 15 15 14 14 14 14 14 14 14 14 14 14 14 14 14 14 14 14 14 14 16 16 16 16 17 17 18 18 19 19 19 20 20 21 21 21 22 22 22 23 23 23 24 24 26 27 28 30 32 34 35 36 38 41 45 48 51 54 58 61 69 67 78 77 77 79 193 156 70 71 74 80 58 131 194 214 177 165 81 37 67 73 74 72 87 87 126 126 213 101 170 237 232 227 225 199 160 143 180 156 149 154 146 130 95 119 141 148 115 86 65 67 69 69 83 105 96 87 89 87 80 115 167 210 208 195 234 141 107 93 114 107 117 109 115 153 149 160 157 164 139 128 128 136 116 154 209 192 197 186 186 196 204 201 186 179 176 176 182 178 165 174 195 203 212 217 199 182 177 159 153 175 167 154 177 160 143 142 184 162 169 168 164 143 125 129 100 35 42 32 27 33 43 48 47 45 53 36 28 25 79 136 144 19 46 0 136 254 248 249 222 245 235 235 234 233 232 231 230 229 232 233 193 154 154 157 150 154 148 146 142 142 145 141 124 105 85 85 82 75 67 64 67 71 59 92 118 124 135 155 159 147 82 197 163 96 157 169 111 115 202 225 199 209 199 213 218 215 233 172 88 51 60 58 49 60 47 45 40 35 31 29 28 27 23 23 22 21 20 19 19 18 17 17 17 17 17 17 17 17 17 17 17 17 17 17 17 17 17 17 17 17 17 17 17 17 17 17 17 17 17 17 17 17 17 17 17 17 17 17 17 17 17 17 17 17 17 17 17 17 16 16 16 16 16 16 16 16 18 18 18 18 18 18 18 18 17 17 17 16 16 16 16 16 16 16 16 16 16 17 17 17 17 17 17 17 17 17 17 17 17 17 17 18 19 19 20 20 23 25 27 31 33 35 36
12 12 12 12 12 12 12 12 12 12 12 12 12 12 12 12 13 13 13 13 13 13 13 13 14 14 14 14 14 14 14 14 14 14 14 14 14 14 14 14 17 17 17 17 17 17 17 17 16 16 15 15 15 14 14 14 14 14 14 14 14 14 14 14 14 14 14 14 14 14 14 14 16 16 16 16 17 17 18 18 19 19 19 20 20 21 21 21 21 21 21 22 22 23 23 23 26 26 27 29 31 32 33 34 36 39 43 46 48 51 55 58 62 67 72 80 72 100 222 162 62 68 63 64 49 51 69 106 159 128 101 62 78 75 60 70 76 98 107 125 217 89 189 239 224 229 214 183 167 146 190 152 164 139 134 138 120 129 140 132 103 81 63 64 79 92 99 101 100 85 87 92 87 131 166 206 212 194 217 186 102 109 109 107 119 114 117 147 140 155 153 157 175 168 142 131 103 148 203 200 199 178 180 177 179 182 168 177 171 173 178 171 157 168 192 200 214 214 200 183 171 161 160 170 170 152 178 162 137 120 179 160 167 170 165 144 125 110 67 11 43 39 35 32 31 34 38 42 18 45 100 138 211 248 207 3 26 61 233 234 227 248 229 239 235 235 234 233 231 230 229 229 232 232 193 153 154 156 150 154 147 145 141 141 143 138 120 100 80 82 82 77 72 71 75 80 100 106 110 124 152 167 137 92 182 172 98 170 182 86 140 203 227 202 227 217 200 211 187 229 161 78 57 80 68 62 65 41 49 47 43 38 35 33 32 32 25 25 24 23 21 20 19 19 17 17 17 17 17 17 17 17 17 17 17 17 17 17 17 17 17 17 17 17 17 17 17 17 17 17 17 17 17 17 17 17 17 17 17 17 17 17 17 17 17 17 17 17 17 17 17 17 16 16 16 16 16 16 16 16 18 18 18 18 18 18 18 18 17 17 16 16 16 15 15 15 15 15 15 16 16 16 17 17 17 17 17 17 17 17 17 17 16 17 17 17 18 18 18 19 23 24 27 29 31 33 33
12 12 12 12 12 12 12 12 12 12 12 12 12 12 12 12 13 13 13 13 13 13 13 13 14 14 14 14 14 14 14 14 13 13 13 13 13 13 13 13 17 17 17 17 17 17 17 17 16 15 15 15 14 14 14 13 14 14 14 14 14 14 14 14 14 14 14 14 14 14 14 14 16 16 16 16 17 17 18 18 19 19 19 20 20 21 21 21 20 20 21 21 22 22 22 22 24 24 25 27 28 30 31 31 33 36 40 43 44 47 51 54 55 67 62 79 64 123 247 167 56 67 77 76 89 82 95 118 147 108 142 95 88 89 68 92 94 85 78 140 192 74 220 237 220 219 203 178 165 159 168 159 163 125 128 148 141 139 139 118 99 91 74 66 85 111 113 98 94 84 85 85 84 149 171 198 205 203 201 193 120 126 112 115 100 98 102 135 141 174 177 176 189 176 129 118 96 138 191 210 199 195 185 188 178 163 174 184 164 167 172 162 148 162 187 196 213 210 209 197 180 177 180 176 176 155 184 163 122 86 165 157 168 168 160 145 118 72 34 24 23 32 42 45 47 54 67 76 139 147 172 164 199 234 233 36 24 144 202 149 213 237 238 228 235 234 233 232 231 230 229 228 231 232 193 153 153 156 149 153 147 145 141 139 141 135 115 96 81 78 76 78 82 86 87 86 94 86 121 170 152 99 115 181 172 95 160 151 75 139 215 220 206 222 202 222 229 204 223 175 78 93 71 66 91 71 46 71 55 52 48 43 39 37 36 36 27 26 25 24 22 21 20 20 17 17 17 17 17 17 17 17 17 17 17 17 17 17 17 17 17 17 17 17 17 17 17 17 17 17 17 17 17 17 17 17 17 17 17 17 17 17 17 17 17 17 17 17 17 17 17 17 16 16 16 16 16 16 16 16 18 18 18 18 18 18 18 18 17 17 16 16 15 15 14 14 14 14 15 15 16 16 17 17 17 17 17 17 17 17 17 17 16 16 16 17 17 17 17 17 21 22 24 26 28 29 30
12 12 12 12 12 12 12 12 12 12 12 12 12 12 12 12 13 13 13 13 13 13 13 13 14 14 14 14 14 14 14 14 13 13 13 13 13 13 13 13 17 17 17 17 17 17 17 17 15 15 15 14 14 14 13 13 14 14 14 14 14 14 14 14 14 14 14 14 14 14 14 14 16 16 16 16 17 17 18 18 19 19 19 20 20 21 21 21 20 20 20 21 21 22 22 22 22 22 23 25 26 27 28 29 31 34 37 40 42 44 48 51 52 68 54 77 56 135 254 167 160 169 187 179 208 217 242 241 241 183 243 200 206 229 199 211 123 54 60 166 155 58 253 229 220 208 196 180 158 171 140 169 134 112 129 142 134 134 134 100 96 99 83 65 82 116 118 93 99 94 91 78 75 154 166 178 199 209 200 174 149 128 121 122 121 115 107 129 132 163 158 146 135 129 93 110 105 135 170 199 172 195 175 192 173 137 171 172 165 169 174 163 148 163 190 199 207 203 212 208 186 188 194 180 168 148 181 160 109 65 160 166 168 165 155 146 110 40 14 49 34 28 30 57 103 146 166 169 169 162 178 170 204 236 245 49 40 134 44 64 241 232 235 233 235 234 233 232 231 230 229 228 231 232 193 153 153 156 149 153 147 144 140 139 139 133 113 93 83 76 71 78 90 98 95 89 78 132 155 124 104 131 162 169 100 157 144 97 150 228 230 214 209 209 239 211 211 213 212 198 138 96 79 83 72 64 67 64 60 57 52 47 42 39 38 37 27 27 26 24 23 22 20 20 17 17 17 17 17 17 17 17 17 17 17 17 17 17 17 17 17 17 17 17 17 17 17 17 17 17 17 17 17 17 17 17 17 17 17 17 17 17 17 17 17 17 17 17 17 17 17 17 15 15 15 15 15 15 15 15 18 18 18 18 18 18 18 18 17 17 16 16 15 14 14 14 14 14 14 15 16 16 17 17 17 17 17 17 17 17 17 17 16 16 16 16 17 17 17 17 19 20 22 24 26 27 27
12 12 12 12 12 12 12 12 12 12 12 12 12 12 12 12 11 11 12 12 12 13 13 13 13 13 13 13 13 13 13 13 14 14 14 14 14 14 14 14 16 16 16 16 16 16 16 16 16 16 16 16 16 16 16 16 14 14 14 14 14 14 14 14 14 14 14 14 14 14 14 14 14 15 15 15 16 16 16 17 18 18 18 19 19 19 20 20 22 22 22 22 22 22 22 22 22 22 23 24 25 26 27 27 35 36 37 39 41 42 44 44 64 52 79 67 17 226 250 189 191 218 231 186 188 190 135 142 180 145 231 163 180 180 176 144 73 81 76 154 154 98 236 226 222 210 177 177 163 149 165 144 121 115 118 134 143 132 106 86 87 73 70 72 75 88 96 88 95 73 88 88 111 160 167 172 191 204 209 160 136 144 136 127 107 116 111 131 139 138 142 131 149 96 81 107 129 112 167 203 159 199 180 193 174 150 181 168 164 149 153 169 172 179 196 206 207 211 186 207 219 164 195 172 167 168 186 162 81 53 170 171 172 160 160 157 106 38 29 34 32 26 38 53 145 168 159 167 164 176 167 175 190 239 239 113 20 30 46 63 231 237 234 230 234 234 234 233 233 232 232 231 223 230 181 149 154 154 155 147 149 150 146 138 132 125 107 88 86 90 94 94 91 91 93 94 104 143 146 103 118 177 158 90 170 129 83 158 230 216 210 212 209 213 216 213 206 202 205 209 125 93 92 87 81 83 72 73 65 62 56 51 47 42 37 33 33 30 26 22 20 19 20 21 19 18 17 17 17 17 18 18 18 18 18 18 18 18 18 18 17 17 17 17 17 17 17 17 17 17 17 17 17 17 17 17 17 17 17 17 17 17 17 17 17 17 17 17 17 17 17 17 16 16 16 16 16 16 16 16 16 16 16 16 16 16 16 16 16 16 16 16 16 16 16 16 16 16 16 16 16 16 16 16 16 16 16 16 16 16 16 16 17 17 17 18 18 18 19 19 18 18 20 21 23 25 26
12 12 12 12 12 12 12 12 12 12 12 12 12 12 12 12 11 11 12 12 12 13 13 13 13 13 13 13 13 13 13 13 14 14 14 14 14 14 14 14 16 16 16 16 16 16 16 16 16 16 16 16 16 16 16 16 14 14 14 14 14 14 14 14 14 14 14 14 14 14 14 14 14 15 15 15 16 16 16 17 18 18 18 19 19 19 20 20 22 22 22 22 22 22 22 22 22 22 23 24 25 26 26 27 32 33 34 36 38 40 42 43 62 55 57 63 52 254 246 179 111 213 125 166 140 77 204 156 184 225 214 195 205 164 208 79 93 85 70 192 111 132 222 201 214 207 186 173 159 157 159 133 126 119 119 130 135 122 98 80 98 82 71 63 58 69 79 74 83 62 73 78 107 155 162 166 187 196 209 165 131 141 139 127 114 116 114 127 147 141 151 135 133 116 111 107 106 100 165 196 157 193 185 195 180 142 179 168 166 153 160 175 176 182 199 208 201 207 184 198 211 182 197 189 175 173 178 171 88 28 162 164 161 160 160 157 118 51 26 34 33 29 36 43 131 165 161 166 167 178 167 172 184 233 241 126 14 31 48 63 224 233 234 234 234 234 233 233 232 231 231 231 228 234 183 150 154 152 151 144 147 148 143 135 130 123 108 92 77 110 99 81 101 106 89 93 149 120 90 141 193 128 92 170 116 83 163 222 218 215 207 221 225 218 205 192 186 191 203 214 133 100 99 93 85 86 74 75 71 67 61 56 52 47 41 37 36 34 30 25 23 21 21 22 20 19 18 17 17 17 18 18 18 18 18 18 18 18 18 18 17 17 17 17 17 17 17 17 17 17 17 17 17 17 17 17 17 17 17 17 17 17 17 17 17 17 17 17 17 17 17 17 16 16 16 16 16 16 16 16 16 16 16 16 16 16 16 16 16 16 16 16 16 16 16 16 16 16 16 16 16 16 16 16 16 16 16 16 16 16 16 16 17 17 17 18 18 18 19 19 18 18 20 21 23 25 26
12 12 12 12 12 12 12 12 12 12 12 12 12 12 12 12 11 11 12 12 12 13 13 13 13 13 13 13 13 13 13 13 14 14 14 14 14 14 14 14 16 16 16 16 16 16 16 16 16 16 16 16 16 16 16 16 14 14 14 14 14 14 14 14 14 14 14 14 14 14 14 14 14 15 15 15 16 16 16 17 18 18 18 19 19 19 20 20 22 22 22 22 22 22 22 22 22 22 22 23 24 25 25 26 28 29 31 33 36 38 40 41 53 50 55 45 118 254 249 176 147 190 251 247 184 193 228 198 207 180 184 208 220 181 176 123 124 112 132 209 121 160 233 225 205 199 200 174 158 166 150 128 127 120 119 127 128 115 94 80 75 94 130 154 156 150 133 107 103 84 84 89 119 157 159 160 184 186 206 172 120 135 142 131 128 117 113 113 151 144 169 152 120 112 112 104 100 95 165 197 158 186 188 193 189 132 178 169 166 158 167 180 179 184 199 207 212 222 202 201 205 196 171 173 159 162 155 171 92 9 161 162 151 165 159 157 134 71 19 34 35 33 33 31 108 161 164 164 168 178 168 171 176 223 243 145 7 33 49 60 213 231 235 238 234 234 233 232 231 231 230 230 229 233 182 150 154 151 151 146 145 144 138 131 126 121 110 98 98 113 110 102 104 101 111 139 113 84 137 193 114 110 177 96 80 162 238 219 204 225 209 211 222 209 191 177 175 186 203 215 141 109 107 100 92 91 79 79 74 70 64 59 55 50 44 40 41 39 34 30 26 24 23 23 21 20 19 18 17 18 18 18 18 18 18 18 18 18 18 18 17 17 17 17 17 17 17 17 17 17 17 17 17 17 17 17 17 17 17 17 17 17 17 17 17 17 17 17 17 17 17 17 16 16 16 16 16 16 16 16 16 16 16 16 16 16 16 16 16 16 16 16 16 16 16 16 16 16 16 16 16 16 16 16 16 16 16 16 16 16 16 16 17 17 17 18 18 18 19 19 18 18 20 21 23 24 25
12 12 12 12 12 12 12 12 12 12 12 12 12 12 12 12 11 11 12 12 12 13 13 13 13 13 13 13 13 13 13 13 14 14 14 14 14 14 14 14 16 16 16 16 16 16 16 16 16 16 16 16 16 16 16 16 14 14 14 14 14 14 14 14 14 14 14 14 14 14 14 14 14 15 15 15 16 16 16 17 18 18 18 19 19 19 20 20 21 21 21 21 21 21 21 21 21 22 22 22 23 24 24 24 25 26 28 31 34 37 39 41 42 40 70 27 186 236 253 188 106 199 206 129 145 150 89 113 113 77 128 105 116 167 123 124 145 140 166 193 114 174 203 212 198 186 206 182 160 162 139 136 121 117 120 127 127 115 98 88 102 97 95 86 79 95 113 113 115 101 91 100 134 161 159 158 183 179 201 176 108 128 143 137 144 121 113 99 149 145 187 174 134 97 88 102 114 100 157 190 163 180 184 185 193 127 179 171 164 160 172 183 180 183 197 202 191 208 206 207 212 226 172 177 153 168 154 179 100 15 177 167 152 174 160 155 145 90 12 32 34 38 34 25 88 156 165 161 167 177 170 174 171 213 243 162 4 36 44 53 202 233 236 236 234 233 232 231 230 229 228 228 225 227 177 149 155 152 154 152 143 139 133 127 122 118 112 106 119 109 120 121 103 110 130 125 80 142 197 115 101 160 117 98 169 225 217 222 224 196 208 224 192 187 180 179 185 194 204 209 145 113 112 107 98 98 86 85 81 77 71 65 61 55 50 46 45 42 38 33 29 26 24 23 22 21 20 19 18 18 18 19 18 18 18 18 18 18 18 18 17 17 17 17 17 17 17 17 17 17 17 17 17 17 17 17 17 17 17 17 17 17 17 17 17 17 17 17 17 17 17 17 16 16 16 16 16 16 16 16 16 16 16 16 16 16 16 16 16 16 16 16 16 16 16 16 16 16 16 16 16 16 16 16 16 16 16 16 16 16 16 16 17 17 17 18 18 18 19 19 18 18 19 21 22 23 24
12 12 12 12 12 12 12 12 12 12 12 12 12 12 12 12 11 11 12 12 12 13 13 13 13 13 13 13 13 13 13 13 14 14 14 14 14 14 14 14 16 16 16 16 16 16 16 16 16 16 16 16 16 16 16 16 14 14 14 14 14 14 14 14 14 14 14 14 14 14 14 14 14 15 15 15 16 16 16 17 18 18 18 19 19 19 20 20 21 21 21 21 21 21 21 21 21 21 21 22 22 22 22 22 24 25 28 30 34 36 39 40 42 38 58 44 225 235 252 201 62 108 89 82 78 81 108 76 96 112 116 127 122 134 147 144 131 122 144 198 76 220 208 204 190 170 198 190 163 147 127 144 117 117 123 130 128 114 100 93 90 96 103 94 79 81 83 69 84 82 70 92 137 158 160 161 183 178 195 177 101 124 139 144 150 129 121 105 151 144 186 174 150 107 90 103 123 113 157 173 167 178 176 177 189 128 182 173 167 164 176 185 182 187 197 198 199 207 213 210 212 232 173 172 152 174 161 174 86 34 169 151 160 182 161 152 148 107 12 30 32 40 37 26 70 149 164 161 164 173 171 178 169 203 241 174 4 38 37 45 191 238 236 232 233 233 232 231 229 228 227 226 225 225 174 148 154 150 153 153 141 135 129 125 120 116 113 112 112 125 120 107 117 130 111 80 151 199 110 99 174 105 76 198 215 231 219 204 190 223 244 182 168 171 178 187 196 202 205 204 145 114 115 111 105 105 93 93 90 86 80 74 69 64 58 53 46 44 41 36 32 28 25 24 24 23 21 20 19 19 19 19 18 18 18 18 18 18 18 18 17 17 17 17 17 17 17 17 17 17 17 17 17 17 17 17 17 17 17 17 17 17 17 17 17 17 17 17 17 17 17 17 16 16 16 16 16 16 16 16 16 16 16 16 16 16 16 16 16 16 16 16 16 16 16 16 16 16 16 16 16 16 16 16 16 16 16 16 16 16 16 16 17 17 17 18 18 18 19 19 18 19 19 20 21 22 23
12 12 12 12 12 12 12 12 12 12 12 12 12 12 12 12 11 11 12 12 12 13 13 13 13 13 13 13 13 13 13 13 14 14 14 14 14 14 14 14 16 16 16 16 16 16 16 16 16 16 16 16 16 16 16 16 14 14 14 14 14 14 14 14 14 14 14 14 14 14 14 14 14 15 15 15 16 16 16 17 18 18 18 19 19 19 20 20 20 20 20 20 20 20 20 20 21 21 21 21 21 21 21 21 23 24 26 29 32 34 36 37 48 43 26 101 237 253 248 207 67 75 85 95 98 81 69 88 92 108 100 143 129 82 104 115 111 84 160 164 38 180 214 178 181 163 183 194 167 135 121 136 119 121 126 128 121 107 96 93 89 93 97 86 76 87 95 84 67 77 64 94 146 157 160 164 181 182 190 178 103 124 128 145 146 138 134 125 152 141 170 159 137 121 109 103 124 136 180 171 161 180 172 175 179 132 183 176 174 170 179 187 186 192 200 195 227 213 219 210 205 219 179 164 155 170 171 173 75 79 163 154 166 182 159 152 148 124 16 31 31 40 38 28 54 138 160 163 164 170 169 179 166 195 237 182 3 42 33 39 180 239 236 229 233 232 231 230 228 227 226 225 228 225 173 147 151 144 147 149 139 133 127 125 120 115 114 117 113 140 115 106 134 111 96 149 174 114 105 162 100 85 207 213 230 190 208 220 222 212 178 189 170 175 182 190 197 201 204 205 145 116 118 116 110 112 100 100 92 87 81 75 70 64 58 54 48 46 43 39 35 31 28 26 25 24 23 21 20 19 19 19 18 18 18 18 18 18 18 18 17 17 17 17 17 17 17 17 17 17 17 17 17 17 17 17 17 17 17 17 17 17 17 17 17 17 17 17 17 17 17 17 16 16 16 16 16 16 16 16 16 16 16 16 16 16 16 16 16 16 16 16 16 16 16 16 16 16 16 16 16 16 16 16 16 16 16 16 16 16 16 16 17 17 17 18 18 18 19 19 18 19 19 20 21 22 22
12 12 12 12 12 12 12 12 12 12 12 12 12 12 12 12 11 11 12 12 12 13 13 13 13 13 13 13 13 13 13 13 14 14 14 14 14 14 14 14 16 16 16 16 16 16 16 16 16 16 16 16 16 16 16 16 14 14 14 14 14 14 14 14 14 14 14 14 14 14 14 14 14 15 15 15 16 16 16 17 18 18 18 19 19 19 20 20 20 20 20 20 20 20 20 20 21 21 20 20 20 20 20 20 22 23 24 26 29 31 32 33 44 41 23 164 248 252 243 214 75 66 87 136 126 126 171 156 189 212 230 198 200 210 194 181 175 152 203 110 70 163 213 184 177 169 174 195 176 138 126 114 121 121 122 120 109 96 92 94 103 108 110 97 84 92 92 74 72 92 76 109 160 160 162 166 176 186 188 182 113 127 116 142 141 145 138 137 143 137 160 158 133 118 107 106 136 154 193 175 147 184 174 181 167 134 183 180 179 172 178 185 186 195 200 191 211 183 202 208 214 224 219 189 173 164 183 182 75 127 154 169 164 172 155 155 148 141 29 36 31 39 36 28 38 124 154 168 167 169 166 177 161 187 235 189 1 46 35 36 169 236 234 229 233 232 231 229 227 226 224 224 226 222 169 145 149 142 144 148 139 132 127 126 121 114 114 120 124 125 123 120 113 107 136 186 116 73 178 118 68 201 226 208 199 219 227 205 215 202 149 172 181 185 191 194 195 198 203 207 149 120 123 121 115 117 105 105 95 91 84 78 73 67 61 56 50 49 46 43 39 35 32 30 27 25 24 22 20 20 19 20 18 18 18 18 18 18 18 18 17 17 17 17 17 17 17 17 17 17 17 17 17 17 17 17 17 17 17 17 17 17 17 17 17 17 17 17 17 17 17 17 16 16 16 16 16 16 16 16 16 16 16 16 16 16 16 16 16 16 16 16 16 16 16 16 16 16 16 16 16 16 16 16 16 16 16 16 16 16 16 16 17 17 17 18 18 18 19 19 18 19 19 20 20 21 22
12 12 12 12 12 12 12 12 12 12 12 12 12 12 12 12 11 11 12 12 12 13 13 13 13 13 13 13 13 13 13 13 14 14 14 14 14 14 14 14 16 16 16 16 16 16 16 16 16 16 16 16 16 16 16 16 14 14 14 14 14 14 14 14 14 14 14 14 14 14 14 14 14 15 15 15 16 16 16 17 18 18 18 19 19 19 20 20 20 20 20 20 20 20 20 20 20 20 20 20 20 19 19 19 20 21 22 24 26 28 29 30 33 34 47 201 253 246 244 222 162 195 208 183 218 226 165 177 165 147 139 126 148 136 133 135 143 152 87 2 59 192 174 191 178 180 173 197 185 147 134 96 119 118 116 111 99 89 90 97 94 102 109 101 93 101 99 76 67 93 77 114 165 161 163 169 172 190 187 185 121 130 107 138 140 148 134 136 130 133 160 170 156 111 90 111 153 155 181 165 134 186 178 188 159 135 181 183 179 171 174 180 184 195 198 185 209 174 202 217 224 219 230 182 170 138 165 163 44 118 105 138 159 163 152 157 149 153 39 40 31 37 34 27 28 115 151 172 170 168 163 174 158 183 234 193 1 49 39 36 161 231 232 231 233 232 231 229 227 225 224 223 221 217 165 143 149 142 147 152 139 132 128 127 122 114 115 121 121 101 136 117 70 150 195 91 104 174 95 91 192 217 215 206 216 214 212 230 197 155 180 175 184 191 197 199 197 197 203 208 153 124 126 124 119 119 107 106 105 101 94 88 83 77 70 66 52 51 49 46 42 38 35 33 27 26 24 22 21 20 20 20 18 18 18 18 18 18 18 18 17 17 17 17 17 17 17 17 17 17 17 17 17 17 17 17 17 17 17 17 17 17 17 17 17 17 17 17 17 17 17 17 16 16 16 16 16 16 16 16 16 16 16 16 16 16 16 16 16 16 16 16 16 16 16 16 16 16 16 16 16 16 16 16 16 16 16 16 16 16 16 16 17 17 17 18 18 18 19 19 18 19 19 20 20 21 21
12 12 12 12 12 12 12 12 12 12 12 12 12 12 12 12 12 12 12 12 12 12 12 12 14 14 14 14 14 14 14 14 14 15 15 15 16 16 16 17 17 17 17 17 17 17 17 17 18 18 17 17 16 16 16 16 15 15 13 12 12 12 13 13 13 13 13 13 13 13 13 13 14 14 13 13 14 15 16 16 17 17 17 18 18 18 19 19 19 19 19 19 19 19 19 19 20 20 20 20 20 20 20 20 16 32 24 15 27 28 23 34 32 34 121 247 251 253 248 209 149 122 84 60 65 84 92 88 110 124 137 140 140 139 130 120 66 69 55 38 81 172 213 187 179 170 177 174 199 160 127 98 107 141 121 98 97 101 101 101 97 113 102 86 78 94 107 71 81 83 96 124 158 159 158 169 176 178 172 186 155 112 123 119 133 144 148 145 126 138 172 157 130 112 89 128 144 129 161 179 162 172 187 173 175 174 160 172 172 167 161 178 199 183 171 193 200 203 205 209 220 227 215 196 148 177 127 157 62 52 44 138 163 174 172 150 138 135 86 12 26 49 30 30 27 99 155 163 166 168 167 174 167 162 230 205 10 42 46 39 134 236 236 228 233 232 231 229 227 224 221 220 223 214 154 128 145 151 149 139 132 118 147 123 134 94 117 108 117 135 115 76 166 183 79 121 169 86 107 194 213 207 217 211 203 226 226 191 160 164 178 182 184 192 193 203 195 192 211 201 144 136 127 123 123 123 118 114 108 104 98 92 87 81 75 71 64 60 56 52 49 45 41 38 31 28 25 23 23 22 20 19 18 18 18 19 19 19 19 19 19 19 18 18 18 17 17 17 18 18 17 17 16 16 16 16 17 16 16 16 15 15 15 14 14 14 14 14 14 14 14 14 13 13 13 13 13 13 13 13 14 14 14 14 14 14 14 14 14 14 14 14 14 14 14 14 14 14 14 14 14 14 14 14 14 15 15 15 16 16 16 17 17 17 17 18 18 18 19 19 19 19 19 20 20 21 21
12 12 12 12 12 12 12 12 12 12 12 12 12 12 12 12 12 12 12 12 12 12 12 12 14 14 14 14 14 14 14 14 14 15 15 15 16 16 16 17 17 17 17 17 17 17 17 17 18 18 17 17 16 16 16 16 15 15 13 12 12 12 13 13 13 13 13 13 13 13 13 13 14 14 13 13 14 15 16 16 17 17 17 18 18 18 19 19 19 19 19 19 19 19 19 19 20 20 20 20 20 20 20 20 16 21 22 26 31 25 24 36 22 21 160 252 253 253 244 223 99 136 175 190 190 198 215 229 227 232 237 241 246 242 223 203 209 185 173 178 185 192 198 196 169 168 174 170 193 160 133 114 113 137 117 91 93 99 101 101 102 104 92 90 80 79 92 74 72 75 87 131 155 161 156 173 177 179 174 187 159 115 119 115 127 138 144 144 121 126 161 152 170 136 122 163 179 159 169 190 154 186 194 163 155 185 167 155 180 172 171 186 193 177 173 191 213 218 218 216 221 228 223 211 155 176 122 138 40 36 31 122 164 172 169 148 139 138 91 17 31 45 30 33 27 79 153 159 167 167 166 171 165 161 229 211 32 43 42 32 120 229 239 233 231 230 230 228 227 225 223 222 227 221 163 135 147 149 150 144 150 122 130 126 140 100 105 107 111 139 85 164 193 92 115 164 92 126 175 211 221 216 210 207 223 207 183 166 164 172 180 184 190 197 197 204 196 192 208 196 145 138 131 128 128 126 121 116 112 108 102 97 92 86 80 76 68 64 59 55 52 48 43 39 34 31 28 26 25 25 23 21 19 19 19 19 19 19 19 19 19 19 18 18 18 17 17 17 18 18 17 17 16 16 16 16 17 16 16 16 15 15 15 14 14 14 14 14 14 14 14 14 13 13 13 13 13 13 13 13 14 14 14 14 14 14 14 14 14 14 14 14 14 14 14 14 14 14 14 14 14 14 14 14 14 15 15 15 16 16 16 17 17 17 17 18 18 18 19 19 19 19 19 20 20 21 21
12 12 12 12 12 12 12 12 12 12 12 12 12 12 12 12 12 12 12 12 12 12 12 12 14 14 14 14 14 14 14 14 14 15 15 15 16 16 16 17 17 17 17 17 17 17 17 17 18 18 17 17 16 16 16 16 15 15 13 12 12 12 13 13 13 13 13 13 13 13 13 13 14 14 13 13 14 15 16 16 17 17 17 18 18 18 19 19 18 18 18 18 18 18 18 18 20 20 20 20 20 20 20 20 26 15 20 29 23 18 23 28 29 72 233 252 244 249 244 233 245 241 237 239 250 253 250 239 237 232 224 220 225 233 234 230 219 228 232 218 192 178 182 192 175 179 171 153 168 147 134 133 119 128 113 82 88 97 99 97 100 91 85 100 88 68 79 75 87 85 91 149 151 157 143 166 177 178 176 188 165 121 113 111 120 130 141 148 123 122 159 160 123 110 143 193 224 217 192 195 164 175 175 176 155 180 157 167 184 171 178 192 185 176 186 200 216 224 224 216 213 220 224 221 168 184 134 132 31 31 29 114 166 168 163 146 140 141 98 29 36 39 29 39 29 50 151 156 168 166 165 166 163 159 225 219 68 44 40 28 99 217 240 234 230 229 228 227 226 225 224 223 226 222 166 137 144 142 144 142 134 133 135 139 136 108 99 113 113 87 158 191 94 108 180 102 78 180 224 213 224 221 205 214 222 181 150 157 173 177 181 190 197 203 200 206 197 193 206 190 145 141 136 134 133 130 125 119 119 114 109 103 98 93 87 83 74 70 65 60 55 50 45 41 38 35 31 29 28 27 25 23 19 19 19 19 19 19 19 19 19 19 18 18 18 17 17 17 18 18 17 17 16 16 16 16 17 16 16 16 15 15 15 14 14 14 14 14 14 14 14 14 13 13 13 13 13 13 13 13 14 14 14 14 14 14 14 14 14 14 14 14 14 14 14 14 14 14 14 14 14 14 14 14 14 15 15 15 16 16 16 17 17 17 17 18 18 18 19 19 19 19 19 20 20 21 21
12 12 12 12 12 12 12 12 12 12 12 12 12 12 12 12 12 12 12 12 12 12 12 12 14 14 14 14 14 14 14 14 14 15 15 15 16 16 16 17 17 17 17 17 17 17 17 17 18 18 17 17 16 16 16 16 15 15 13 12 12 12 13 13 13 13 13 13 13 13 13 13 14 14 13 13 14 15 16 16 17 17 17 18 18 18 19 19 18 18 18 18 18 18 18 18 19 19 19 19 19 19 19 19 31 14 19 25 17 25 35 24 0 138 255 244 244 254 254 248 248 253 252 239 222 214 219 227 210 214 215 207 196 190 191 193 196 216 213 185 168 171 183 194 194 198 165 129 134 129 127 145 121 115 112 77 86 95 97 91 98 90 88 108 97 76 87 85 88 84 91 164 155 168 156 185 174 175 177 187 173 131 109 111 116 125 141 156 132 129 169 176 156 147 174 182 203 225 205 209 169 165 160 185 156 184 162 182 189 167 176 190 179 181 201 211 209 222 226 215 207 213 223 227 174 192 163 149 40 38 35 114 167 165 158 144 141 143 106 45 38 33 30 44 33 29 144 159 168 163 165 163 162 157 218 228 101 38 41 30 80 204 239 229 231 230 229 226 225 223 222 222 222 214 158 132 141 137 137 134 121 145 140 139 120 112 87 93 104 144 186 99 104 172 111 95 160 214 217 200 219 219 203 215 186 165 157 171 181 178 183 197 200 206 202 205 198 196 206 185 144 142 140 139 138 134 128 123 124 120 114 109 104 99 94 89 80 76 70 64 59 53 47 43 42 38 34 31 30 29 26 24 20 20 20 20 20 19 19 19 19 19 18 18 18 17 17 17 18 18 17 17 16 16 16 16 17 16 16 16 15 15 15 14 14 14 14 14 14 14 14 14 13 13 13 13 13 13 13 13 14 14 14 14 14 14 14 14 14 14 14 14 14 14 14 14 14 14 14 14 14 14 14 14 14 15 15 15 16 16 16 17 17 17 17 18 18 18 19 19 19 19 19 20 20 21 21
12 12 12 12 12 12 12 12 12 12 12 12 12 12 12 12 12 12 12 12 12 12 12 12 14 14 14 14 14 14 14 14 14 15 15 15 16 16 16 17 17 17 17 17 17 17 17 17 18 18 17 17 16 16 16 16 15 15 13 12 12 12 13 13 13 13 13 13 13 13 13 13 14 14 13 13 14 15 16 16 17 17 17 18 18 18 19 19 18 18 18 18 18 18 18 18 19 19 19 19 19 19 19 19 21 14 21 23 20 36 40 13 19 217 254 248 253 255 247 243 254 242 231 232 240 242 235 227 222 216 207 198 193 197 208 219 211 203 183 176 183 176 170 183 189 200 152 112 119 127 123 148 120 103 116 79 91 97 96 87 103 99 91 99 92 87 105 98 109 101 109 178 155 163 151 175 170 171 176 184 181 143 107 113 114 122 137 154 134 133 173 178 152 138 161 161 164 171 157 178 163 175 171 175 145 204 187 179 200 174 175 184 175 181 202 207 201 219 229 220 212 217 227 232 175 194 192 171 53 39 31 107 168 162 154 144 141 143 114 63 37 29 33 47 35 22 129 164 167 161 166 161 163 156 208 234 121 22 40 36 63 194 241 228 234 232 229 226 223 221 220 220 224 211 151 130 145 141 137 132 138 145 127 133 101 95 73 85 148 179 112 109 174 117 80 175 226 215 202 201 212 216 200 181 155 162 172 180 183 184 190 197 199 206 200 203 198 198 206 181 143 143 143 142 140 136 131 126 128 124 118 114 109 104 99 95 86 82 75 69 63 57 50 46 44 41 36 33 31 29 26 24 22 21 21 21 20 19 19 19 19 19 18 18 18 17 17 17 18 18 17 17 16 16 16 16 17 16 16 16 15 15 15 14 14 14 14 14 14 14 14 14 13 13 13 13 13 13 13 13 13 13 13 13 13 13 13 13 13 13 13 13 13 13 13 13 14 14 14 14 14 14 14 14 14 15 15 15 16 16 16 17 17 17 17 18 18 18 19 19 19 19 19 20 20 21 21
12 12 12 12 12 12 12 12 12 12 12 12 12 12 12 12 12 12 12 12 12 12 12 12 14 14 14 14 14 14 14 14 14 15 15 15 16 16 16 17 17 17 17 17 17 17 17 17 18 18 17 17 16 16 16 16 15 15 13 12 12 12 13 13 13 13 13 13 13 13 13 13 14 14 13 13 14 15 16 16 17 17 17 18 18 18 19 19 17 17 17 17 17 17 17 17 18 18 18 18 18 18 18 18 14 17 23 22 19 22 14 0 137 254 248 251 254 251 244 255 251 247 238 217 183 146 120 110 101 85 70 70 78 87 94 99 138 178 182 166 173 176 168 172 161 182 134 106 126 145 128 148 123 96 126 86 98 102 102 91 106 102 86 85 80 86 108 95 116 107 127 184 158 158 151 161 169 168 175 181 186 152 104 115 113 118 128 141 127 133 169 165 146 137 170 204 201 171 160 193 180 168 171 180 156 200 193 189 207 187 180 181 175 175 186 193 191 210 222 218 212 217 225 227 187 196 211 188 65 40 27 102 168 160 153 144 139 141 119 81 33 28 36 45 34 27 103 167 165 158 169 162 167 155 198 235 139 7 38 39 45 182 244 231 233 231 228 224 222 221 221 221 231 215 154 136 153 147 141 136 138 134 135 144 82 69 95 148 178 105 102 168 112 76 175 208 220 203 210 216 207 206 187 142 155 166 174 175 183 196 200 194 197 204 197 199 196 199 204 174 145 145 146 145 143 139 135 132 132 128 123 118 114 109 104 100 92 87 81 74 68 62 55 51 48 44 39 35 33 30 27 25 23 22 22 21 20 20 19 19 19 19 18 18 18 17 17 17 18 18 17 17 16 16 16 16 17 16 16 16 15 15 15 14 14 14 14 14 14 14 14 14 13 13 13 13 13 13 13 13 13 13 13 13 13 13 13 13 13 13 13 13 13 13 13 13 14 14 14 14 14 14 14 14 14 15 15 15 16 16 16 17 17 17 17 18 18 18 19 19 19 19 19 20 20 21 21
12 12 12 12 12 12 12 12 12 12 12 12 12 12 12 12 12 12 12 12 12 12 12 12 14 14 14 14 14 14 14 14 14 15 15 15 16 16 16 17 17 17 17 17 17 17 17 17 18 18 17 17 16 16 16 16 15 15 13 12 12 12 13 13 13 13 13 13 13 13 13 13 14 14 13 13 14 15 16 16 17 17 17 18 18 18 19 19 17 17 17 17 17 17 17 17 18 18 18 18 18 18 18 18 19 20 19 22 19 3 2 20 217 253 236 245 254 253 251 242 214 141 57 16 16 27 29 26 29 32 40 48 41 23 8 3 103 177 194 164 171 185 177 173 144 170 118 101 134 164 134 145 130 95 137 93 105 108 111 102 112 107 95 102 98 93 101 81 80 79 126 183 174 176 182 179 172 169 176 178 190 157 100 115 112 116 119 130 124 139 172 156 161 164 170 189 178 153 167 188 194 153 164 186 173 191 197 205 191 190 183 180 180 172 174 189 182 198 209 207 206 212 216 214 205 193 210 186 67 41 30 106 168 160 154 145 137 137 123 94 30 31 40 41 29 37 74 166 162 156 172 164 170 155 188 235 165 5 41 38 22 164 241 230 230 228 225 223 222 222 224 225 232 217 159 141 152 142 138 137 126 129 151 141 74 86 146 182 123 110 139 117 90 154 214 216 210 202 213 220 199 179 165 148 168 174 179 182 190 201 204 200 197 203 195 196 193 197 200 167 148 149 149 148 145 142 139 138 136 132 127 122 118 114 109 105 98 93 87 80 75 69 62 57 52 48 43 39 36 33 30 27 24 23 22 22 21 20 19 19 19 19 18 18 18 17 17 17 18 18 17 17 16 16 16 16 17 16 16 16 15 15 15 14 14 14 14 14 14 14 14 14 13 13 13 13 13 13 13 13 12 12 12 12 12 12 12 12 12 12 12 12 12 12 12 12 14 14 14 14 14 14 14 14 14 15 15 15 16 16 16 17 17 17 17 18 18 18 19 19 19 19 19 20 20 21 21
12 12 12 12 12 12 12 12 12 12 12 12 12 12 12 12 12 12 12 12 12 12 12 12 14 14 14 14 14 14 14 14 14 15 15 15 16 16 16 17 17 17 17 17 17 17 17 17 18 18 17 17 16 16 16 16 15 15 13 12 12 12 13 13 13 13 13 13 13 13 13 13 14 14 13 13 14 15 16 16 17 17 17 18 18 18 19 19 17 17 17 17 17 17 17 17 18 18 18 18 18 18 18 18 21 16 11 23 27 7 26 87 252 237 253 253 254 235 198 120 1 1 11 28 37 35 35 39 37 43 46 38 22 24 57 94 183 194 176 172 195 181 149 151 148 172 110 94 134 171 135 143 136 97 144 97 108 112 118 112 124 119 118 141 136 111 100 73 87 89 145 190 182 172 177 161 175 171 178 177 191 159 96 113 112 116 116 125 126 150 181 159 131 180 187 192 185 179 194 170 180 157 176 169 166 204 220 201 168 183 182 181 186 174 172 196 182 195 203 202 203 210 213 208 211 182 196 172 61 39 32 111 168 160 155 146 136 135 125 101 28 33 42 37 25 44 53 163 160 155 174 166 173 154 183 235 189 11 45 36 5 148 234 226 226 225 223 222 222 224 227 229 228 216 160 140 146 132 130 133 135 132 143 112 77 135 179 135 94 153 133 91 151 222 224 217 227 209 202 209 192 151 147 182 173 181 192 199 199 199 204 210 197 204 194 194 191 195 197 161 151 152 152 150 147 144 143 143 139 135 130 125 122 117 112 108 102 97 91 85 79 73 67 62 55 51 46 41 38 35 32 29 24 24 23 22 21 20 19 18 19 19 18 18 18 17 17 17 18 18 17 17 16 16 16 16 17 16 16 16 15 15 15 14 14 14 14 14 14 14 14 14 13 13 13 13 13 13 13 13 12 12 12 12 12 12 12 12 12 12 12 12 12 12 12 12 14 14 14 14 14 14 14 14 14 15 15 15 16 16 16 17 17 17 17 18 18 18 19 19 19 19 19 20 20 21 21
13 13 13 13 13 13 13 13 12 12 12 12 12 12 12 12 13 13 13 13 13 13 13 13 14 14 14 14 14 14 14 14 17 17 17 17 17 17 17 17 17 17 17 17 17 17 17 17 18 18 17 17 16 16 16 16 14 14 14 13 13 13 12 12 12 12 12 12 12 12 12 12 12 12 13 13 13 14 14 14 16 16 16 16 17 17 18 18 18 18 18 18 18 18 18 18 18 18 18 18 18 18 18 18 16 6 14 29 20 6 32 77 228 247 252 253 193 121 49 2 32 34 32 26 26 31 37 38 56 30 46 32 15 17 113 183 188 163 174 195 183 163 150 134 130 151 95 107 128 165 124 139 140 83 139 80 101 121 105 97 112 129 139 136 132 126 102 74 93 120 167 180 184 190 176 177 176 174 176 167 189 172 108 109 107 120 100 125 134 140 186 169 153 158 191 136 190 189 177 184 181 162 157 175 189 189 190 198 187 169 190 186 191 158 160 200 181 195 206 205 200 200 204 206 207 160 169 174 52 45 29 120 164 163 154 142 135 133 128 121 43 27 38 38 45 31 43 150 164 155 179 163 164 168 165 239 188 55 32 40 23 135 213 253 225 222 220 221 223 226 226 226 221 215 160 134 143 138 137 133 112 133 113 72 135 183 119 92 160 122 77 151 229 219 220 225 215 226 213 174 154 164 175 173 189 193 198 202 203 204 205 207 187 183 192 203 204 200 183 156 152 152 152 152 151 149 147 146 141 140 137 133 128 122 118 116 106 102 96 90 85 79 73 68 63 58 51 46 42 39 36 34 30 28 26 23 21 21 22 22 20 19 19 18 17 16 16 16 18 18 17 17 16 16 16 16 17 16 16 16 15 15 15 14 15 15 15 15 14 14 13 13 13 13 13 13 13 13 13 13 13 13 13 13 13 13 13 13 13 13 13 13 13 13 13 13 13 13 13 13 13 13 13 13 15 15 15 15 16 16 16 17 16 16 16 16 17 17 18 18 19 19 19 19 19 19 19
13 13 13 13 13 13 13 13 12 12 12 12 12 12 12 12 13 13 13 13 13 13 13 13 14 14 14 14 14 14 14 14 17 17 17 17 17 17 17 17 17 17 17 17 17 17 17 17 18 18 17 17 16 16 16 16 14 14 14 13 13 13 12 12 12 12 12 12 12 12 12 12 12 12 13 13 13 14 14 14 16 16 16 16 17 17 18 18 18 18 18 18 18 18 18 18 18 18 18 18 18 18 18 18 25 16 13 17 19 13 9 11 183 253 241 160 66 14 22 44 35 23 17 25 33 36 42 50 52 42 33 10 33 109 186 197 174 163 168 178 167 151 140 133 137 142 84 98 114 146 116 141 143 92 148 86 98 97 92 95 103 120 129 124 120 118 107 92 104 129 171 179 182 190 178 181 179 173 177 169 184 176 120 105 105 118 102 123 130 140 186 172 141 163 162 140 132 197 179 187 180 174 173 181 193 200 201 199 203 176 195 195 210 192 184 189 202 212 218 212 204 204 207 210 198 160 173 171 44 41 31 123 167 161 152 144 137 131 128 126 55 29 34 36 45 33 40 136 164 154 175 164 164 163 159 233 205 69 39 46 27 104 216 238 226 223 220 220 222 225 226 226 229 216 157 136 145 132 121 113 95 134 81 114 187 131 99 149 128 94 155 197 203 226 219 213 217 204 185 169 166 174 186 193 199 202 206 207 205 202 200 200 186 190 194 202 209 199 175 156 153 153 153 153 152 150 149 148 144 143 140 136 132 126 122 120 111 107 100 94 89 83 77 73 66 61 54 49 45 42 38 36 32 30 28 25 23 22 23 23 20 20 19 18 17 17 16 16 18 18 17 17 16 16 16 16 17 16 16 16 15 15 15 14 15 15 15 15 14 14 13 13 13 13 13 13 13 13 13 13 13 13 13 13 13 13 13 13 13 13 13 13 13 13 13 13 13 13 13 13 13 13 13 13 14 15 15 15 16 16 16 16 16 16 16 16 17 17 18 18 19 19 19 19 19 19 19
13 13 13 13 13 13 13 13 13 13 13 13 13 13 13 13 13 13 13 13 13 13 13 13 14 14 14 14 14 14 14 14 17 17 17 17 17 17 17 17 17 17 17 17 17 17 17 17 18 18 17 17 16 16 16 16 14 14 14 13 13 13 12 12 12 12 12 12 12 12 12 12 12 12 13 13 13 14 14 14 16 16 16 16 17 17 18 18 18 18 18 18 18 18 18 18 18 18 18 18 18 18 18 18 18 21 16 10 18 27 14 0 114 231 160 40 25 21 27 25 27 32 35 35 33 37 47 55 43 24 16 59 132 213 211 162 171 180 179 172 164 145 127 124 137 126 81 106 118 136 117 148 126 91 146 87 100 86 99 111 104 119 127 123 118 121 123 122 116 140 178 180 180 190 182 187 183 172 178 172 177 181 140 101 102 115 102 118 127 144 186 171 132 167 148 135 108 196 189 186 180 185 186 185 194 207 208 200 194 180 206 189 201 219 219 190 201 209 212 207 203 207 213 216 186 161 177 165 33 38 33 122 170 158 149 146 139 128 127 133 70 33 31 33 44 36 35 117 165 154 171 166 167 156 153 224 213 77 35 47 32 61 224 229 228 224 220 218 220 223 225 226 229 219 161 134 136 122 116 113 122 94 102 173 152 87 118 150 88 140 215 217 214 222 201 219 210 181 164 176 190 191 198 211 206 208 209 206 201 195 191 189 188 201 199 203 215 197 164 156 154 154 155 154 154 152 151 150 148 147 145 141 137 132 128 126 118 113 107 101 96 90 84 79 71 66 59 53 49 45 41 39 35 33 30 27 25 24 24 24 20 20 19 19 18 17 16 16 18 18 17 17 16 16 16 16 17 16 16 16 15 15 15 14 15 15 15 15 14 14 13 13 13 13 13 13 13 13 13 13 13 13 13 13 13 13 13 13 13 13 13 13 13 13 13 13 13 13 13 13 13 13 13 13 14 14 14 15 15 16 16 16 16 16 16 16 17 17 18 18 19 19 19 19 19 19 19
13 13 13 13 13 13 13 13 13 13 13 13 13 13 13 13 13 13 13 13 13 13 13 13 14 14 14 14 14 14 14 14 17 17 17 17 17 17 17 17 17 17 17 17 17 17 17 17 18 18 17 17 16 16 16 16 14 14 14 13 13 13 12 12 12 12 12 12 12 12 12 12 12 12 13 13 13 14 14 14 16 16 16 16 17 17 18 18 18 18 18 18 18 18 18 18 18 18 18 18 18 18 18 18 8 21 22 11 12 25 28 18 8 210 138 4 31 39 40 27 25 43 49 42 43 54 51 35 6 57 112 176 191 211 181 156 167 189 184 168 166 148 121 116 120 103 86 128 135 137 123 149 105 94 136 82 101 93 115 117 113 122 129 129 126 128 132 135 120 146 183 182 180 192 186 190 188 173 178 175 171 186 161 100 99 108 100 113 128 154 184 162 141 175 159 124 156 191 205 195 186 187 186 186 192 200 204 203 181 184 217 178 169 204 226 192 193 200 203 201 201 205 209 210 178 165 181 156 24 40 35 113 171 156 147 147 140 126 127 140 83 36 31 32 41 36 33 101 164 156 168 169 170 153 150 212 222 89 27 42 32 21 214 225 228 224 219 218 219 223 225 226 222 224 167 125 121 119 126 125 112 93 174 160 84 122 142 89 112 205 221 225 226 203 211 214 193 175 174 195 208 205 205 214 210 210 207 203 197 193 191 192 194 212 205 204 219 193 155 157 155 155 156 156 155 154 153 152 151 150 148 145 141 136 133 131 123 119 113 107 102 96 90 85 75 70 63 57 52 48 44 41 37 35 31 28 25 24 24 24 21 20 20 19 18 17 17 17 18 18 17 17 16 16 16 16 17 16 16 16 15 15 15 14 15 15 15 15 14 14 13 13 13 13 13 13 13 13 13 13 13 13 13 13 13 13 13 13 13 13 13 13 13 13 13 13 13 13 13 13 13 13 13 13 14 14 14 14 15 15 16 16 16 16 16 16 17 17 18 18 19 19 19 19 19 19 19
13 13 13 13 13 13 13 13 14 14 14 14 14 14 14 14 13 13 13 13 13 13 13 13 14 14 14 14 14 14 14 14 17 17 17 17 17 17 17 17 17 17 17 17 17 17 17 17 18 18 17 17 16 16 16 16 14 14 14 13 13 13 12 12 12 12 12 12 12 12 12 12 12 12 13 13 13 14 14 14 16 16 16 16 17 17 18 18 18 18 18 18 18 18 18 18 18 18 18 18 18 18 18 18 15 20 21 16 11 13 19 22 0 237 145 2 23 28 40 41 44 39 38 48 58 54 35 18 61 147 197 213 191 203 177 157 161 178 165 147 151 143 121 115 107 89 96 141 140 134 126 140 101 113 126 79 96 98 113 97 117 120 125 130 129 125 123 125 118 148 188 185 182 194 188 190 190 176 178 178 170 188 176 107 98 102 98 107 131 166 181 151 152 185 151 121 206 193 211 215 199 185 179 187 191 189 196 208 196 174 208 189 171 172 194 189 196 202 205 204 203 203 199 194 176 172 186 149 17 45 36 98 168 154 146 147 139 126 128 142 93 39 34 33 38 35 31 88 160 161 166 170 173 153 151 201 236 111 24 39 31 1 178 228 226 223 219 218 220 223 225 225 223 225 161 115 120 129 129 113 83 157 175 99 106 155 117 94 192 205 215 232 209 201 228 187 184 190 199 206 206 204 207 211 212 209 205 200 196 197 202 206 203 218 208 205 215 186 151 157 155 156 156 157 156 156 155 154 152 151 149 147 143 139 136 134 128 124 118 112 107 101 94 90 81 75 67 61 55 51 46 43 39 37 33 29 26 24 23 23 21 21 20 20 19 18 17 17 18 18 17 17 16 16 16 16 17 16 16 16 15 15 15 14 15 15 15 15 14 14 13 13 13 13 13 13 13 13 13 13 13 13 13 13 13 13 13 13 13 13 13 13 13 13 13 13 13 13 13 13 13 13 13 13 13 13 14 14 14 15 15 15 16 16 16 16 17 17 18 18 19 19 19 19 19 19 19
13 13 13 13 13 13 13 13 14 14 14 14 14 14 14 14 13 13 13 13 13 13 13 13 14 14 14 14 14 14 14 14 17 17 17 17 17 17 17 17 17 17 17 17 17 17 17 17 18 18 17 17 16 16 16 16 14 14 14 13 13 13 12 12 12 12 12 12 12 12 12 12 12 12 13 13 13 14 14 14 16 16 16 16 17 17 18 18 18 18 18 18 18 18 18 18 18 18 18 18 18 18 18 18 22 15 14 21 25 20 13 10 29 255 121 10 35 41 44 36 58 42 46 60 40 8 19 60 173 193 191 195 201 203 173 155 174 173 152 128 123 120 112 107 113 96 116 148 135 130 132 127 96 128 114 90 92 99 105 90 122 119 122 129 126 116 112 116 119 152 193 187 183 196 189 189 191 181 176 181 174 187 183 118 96 99 100 102 128 171 178 146 151 184 119 136 207 195 206 222 211 189 179 188 192 187 192 208 210 151 180 207 207 165 169 198 182 189 196 199 202 202 196 187 176 185 197 147 12 47 35 83 160 153 148 145 137 127 130 140 107 44 36 34 37 37 30 74 152 164 165 168 173 156 156 189 238 128 22 38 37 13 131 247 222 220 218 219 221 224 225 225 230 214 145 114 131 134 121 98 154 165 93 105 149 96 104 186 230 200 215 211 213 221 190 188 192 209 218 207 197 200 208 211 206 204 200 197 196 200 207 213 212 217 208 204 203 175 149 155 155 155 156 157 157 156 155 155 153 152 151 149 146 142 139 138 133 128 122 116 111 105 99 95 87 81 73 66 60 55 50 47 43 40 36 31 28 26 25 24 22 21 21 20 19 18 18 17 18 18 17 17 16 16 16 16 17 16 16 16 15 15 15 14 15 15 15 15 14 14 13 13 13 13 13 13 13 13 13 13 13 13 13 13 13 13 13 13 13 13 13 13 13 13 13 13 13 13 13 13 13 13 13 13 13 13 13 13 14 14 15 15 16 16 16 16 17 17 18 18 19 19 19 19 19 19 19
13 13 13 13 13 13 13 13 14 14 14 14 14 14 14 14 13 13 13 13 13 13 13 13 14 14 14 14 14 14 14 14 17 17 17 17 17 17 17 17 17 17 17 17 17 17 17 17 18 18 17 17 16 16 16 16 14 14 14 13 13 13 12 12 12 12 12 12 12 12 12 12 12 12 13 13 13 14 14 14 16 16 16 16 17 17 18 18 18 18 18 18 18 18 18 18 18 18 18 18 18 18 18 18 18 14 14 21 28 27 18 10 23 239 99 42 44 41 47 53 48 45 47 40 13 10 72 149 195 201 200 191 197 170 161 175 174 161 146 126 104 99 101 96 113 104 136 153 130 128 135 109 96 142 110 121 95 94 96 106 124 119 120 124 117 104 107 120 125 159 198 188 182 195 189 189 191 187 174 182 181 184 184 131 95 100 105 98 118 167 176 150 158 181 123 175 203 199 219 207 214 197 184 186 192 193 194 198 205 154 176 201 216 173 167 200 166 173 181 188 196 199 193 184 176 197 213 150 6 44 31 73 152 153 150 142 134 129 132 136 125 50 35 34 38 41 28 57 141 165 164 163 170 159 160 178 241 148 26 40 41 30 68 251 218 217 218 220 224 226 225 224 227 197 133 122 134 117 119 135 198 108 78 145 124 78 161 235 220 216 212 197 223 218 173 207 205 218 225 217 209 208 211 211 206 206 205 204 203 206 212 216 218 210 205 201 187 163 149 151 154 155 156 156 156 156 155 155 154 154 153 151 149 146 143 141 137 133 127 121 115 110 103 99 94 88 80 72 66 61 56 52 48 45 40 36 32 29 28 27 22 22 21 20 19 19 18 18 18 18 17 17 16 16 16 16 17 16 16 16 15 15 15 14 15 15 15 15 14 14 13 13 13 13 13 13 13 13 13 13 13 13 13 13 13 13 13 13 13 13 13 13 13 13 13 13 13 13 13 13 13 13 13 13 12 12 13 13 14 14 14 14 16 16 16 16 17 17 18 18 19 19 19 19 19 19 19
13 13 13 13 13 13 13 13 14 14 14 14 14 14 14 14 13 13 13 13 13 13 13 13 14 14 14 14 14 14 14 14 17 17 17 17 17 17 17 17 17 17 17 17 17 17 17 17 18 18 17 17 16 16 16 16 14 14 14 13 13 13 12 12 12 12 12 12 12 12 12 12 12 12 13 13 13 14 14 14 16 16 16 16 17 17 18 18 18 18 18 18 18 18 18 18 18 18 18 18 18 18 18 18 11 21 22 14 11 16 17 12 25 205 49 40 53 55 51 47 35 33 13 2 9 80 165 218 191 213 204 158 187 192 184 157 144 131 135 128 99 91 100 95 98 99 142 153 125 125 130 87 109 159 118 151 101 84 83 119 121 115 115 116 104 91 103 126 132 165 202 189 180 194 189 190 190 191 172 183 185 182 183 139 94 102 110 95 109 162 175 156 177 186 163 216 222 206 243 193 210 203 190 182 189 199 196 186 198 186 199 182 191 171 166 184 172 177 181 185 191 194 186 176 175 206 225 154 3 40 28 69 147 153 151 141 132 131 133 133 138 54 33 32 40 45 26 44 133 165 162 159 167 160 162 171 252 172 37 45 38 32 9 231 216 216 217 221 225 227 225 224 217 183 132 131 126 93 127 194 125 77 148 142 78 156 231 213 211 214 208 224 203 187 221 207 213 218 226 233 231 222 214 209 216 217 219 219 219 219 222 224 220 204 201 198 176 154 148 147 153 154 155 156 156 156 155 155 156 156 155 153 151 148 146 144 140 136 130 124 119 113 106 102 99 93 84 76 70 65 59 56 51 49 44 39 35 32 30 30 22 22 21 21 20 19 18 18 18 18 17 17 16 16 16 16 17 16 16 16 15 15 15 14 15 15 15 15 14 14 13 13 13 13 13 13 13 13 13 13 13 13 13 13 13 13 13 13 13 13 13 13 13 13 13 13 13 13 13 13 13 13 13 13 12 12 13 13 13 14 14 14 16 16 16 16 17 17 18 18 19 19 19 19 19 19 19
14 14 13 13 14 15 16 16 16 16 16 16 16 16 16 16 14 14 14 14 14 14 14 14 14 14 14 14 14 14 14 14 17 17 17 17 17 17 17 17 17 17 17 17 17 17 17 17 18 18 17 17 17 16 16 16 14 14 14 13 13 13 12 12 12 12 12 12 12 12 12 12 13 13 13 13 13 13 13 13 14 15 15 15 16 16 16 17 17 17 17 17 17 17 17 17 17 17 17 17 17 17 17 17 17 17 17 17 17 17 17 17 0 186 30 58 67 28 44 38 3 33 66 77 101 156 195 194 190 217 194 156 174 201 179 144 101 108 99 108 90 103 96 104 117 115 149 141 98 123 140 83 154 115 105 130 131 102 97 121 103 107 110 107 102 104 114 124 127 182 205 200 184 181 199 192 196 184 187 186 176 186 188 163 91 106 103 97 103 151 187 151 202 157 167 216 204 229 216 192 205 204 198 191 192 198 194 184 189 179 203 179 190 180 168 188 158 177 175 193 205 189 181 171 198 162 238 138 19 39 33 49 146 159 136 141 133 118 142 133 150 62 35 22 40 35 40 30 113 156 160 163 166 149 153 162 236 218 47 37 36 23 66 215 216 218 222 225 224 223 225 230 218 151 152 121 100 127 181 132 84 158 141 96 147 211 220 222 225 215 206 204 202 199 203 211 221 225 231 235 234 230 224 219 221 221 223 226 228 227 224 220 212 197 190 190 171 143 138 153 152 155 157 158 157 156 157 159 156 156 155 153 152 150 149 149 146 144 137 126 121 120 115 109 97 95 91 85 78 71 66 63 53 49 44 41 39 36 33 30 24 23 21 20 19 19 19 20 18 17 17 17 16 16 16 15 17 17 17 17 17 17 17 17 15 15 15 15 14 14 13 13 14 14 14 14 14 14 14 14 13 13 13 13 13 13 13 13 13 13 13 13 13 13 13 13 13 13 13 13 13 13 13 13 13 13 13 13 13 13 13 13 16 16 16 16 17 17 18 18 18 18 18 18 18 18 18
14 14 13 13 14 15 16 16 16 16 16 16 16 16 16 16 14 14 14 14 14 14 14 14 14 14 14 14 14 14 14 14 17 17 17 17 17 17 17 17 17 17 17 17 17 17 17 17 18 17 17 17 16 16 16 15 14 14 14 13 13 13 12 12 12 12 12 12 12 12 12 12 13 13 13 13 13 13 13 13 14 15 15 15 16 16 16 17 17 17 17 17 17 17 17 17 17 17 17 17 17 17 17 17 17 17 17 17 17 17 17 17 1 155 36 56 50 69 10 12 52 134 156 142 174 199 185 177 186 208 190 155 168 200 187 148 120 110 95 98 95 103 104 112 133 155 141 128 141 123 100 116 157 103 77 108 140 135 121 121 92 95 98 98 99 106 119 130 127 191 206 195 185 183 196 193 195 187 188 183 177 190 187 157 90 104 102 99 106 152 185 148 201 171 189 209 214 220 220 199 203 196 194 199 200 193 189 191 189 179 188 177 202 193 177 167 184 193 179 188 197 183 181 176 192 174 234 138 21 40 39 38 131 153 134 141 136 121 141 129 150 85 36 30 47 40 40 30 111 161 163 156 159 155 166 173 210 131 53 55 34 18 171 248 222 220 219 221 223 225 227 230 200 200 104 102 108 187 131 106 154 127 105 137 199 224 221 224 211 201 195 198 202 204 208 214 216 221 228 234 235 234 230 227 227 226 225 225 226 224 220 217 209 203 195 183 162 141 139 148 151 154 156 157 156 156 157 158 157 157 156 154 153 152 151 150 148 146 139 129 125 123 119 112 103 101 96 90 83 76 70 67 56 52 47 43 41 38 35 32 26 25 23 21 20 19 19 19 18 18 17 17 17 16 16 16 17 17 17 17 17 17 17 17 15 15 15 15 14 14 13 13 14 14 14 14 14 14 14 14 13 13 13 13 13 13 13 13 13 13 13 13 13 13 13 13 13 13 13 13 13 13 13 13 13 13 13 13 13 13 13 13 16 16 16 16 17 17 18 18 18 18 18 18 18 18 18
14 14 13 13 14 15 16 16 16 16 16 16 16 16 16 16 15 15 15 15 15 15 15 15 15 15 15 15 15 15 15 15 17 17 17 17 17 17 17 17 17 17 17 17 17 17 17 17 17 17 17 16 16 16 15 15 14 14 14 13 13 13 12 12 12 12 12 12 12 12 12 12 13 13 13 13 13 13 13 13 14 15 15 15 16 16 16 17 17 17 17 17 17 17 17 17 17 17 17 17 17 17 17 17 17 17 17 17 17 17 17 17 3 119 51 64 35 33 26 100 166 194 178 150 168 194 193 187 184 199 191 159 159 195 198 159 124 111 111 109 114 108 130 151 151 169 137 124 146 109 91 154 131 97 75 84 101 109 118 131 136 132 126 118 112 112 117 121 130 203 209 188 188 185 191 195 194 192 189 179 179 195 184 145 95 105 102 101 108 148 179 142 189 189 211 204 225 212 219 199 207 195 196 207 202 184 180 192 212 204 189 175 199 199 213 194 203 202 175 177 186 177 181 182 181 193 232 142 23 39 47 25 126 158 139 139 137 125 143 133 146 114 33 34 50 42 37 30 78 144 160 163 177 172 153 124 50 50 37 29 28 59 201 202 224 222 220 221 223 225 222 219 223 159 116 73 189 135 124 118 154 115 128 190 224 222 219 221 190 185 185 193 203 209 214 218 216 220 225 231 234 234 233 231 232 230 227 225 223 220 216 212 199 204 196 170 146 139 142 143 149 151 154 156 155 155 156 158 158 158 157 156 155 154 153 152 150 149 142 134 129 128 123 117 111 108 104 97 89 82 75 72 61 57 51 47 44 41 37 35 29 28 26 23 21 20 20 19 18 18 18 17 17 16 16 16 17 17 17 17 17 17 17 17 15 15 15 15 14 14 13 13 14 14 14 14 14 14 14 14 13 13 13 13 13 13 13 13 13 13 13 13 13 13 13 13 13 13 13 13 13 13 13 13 13 13 13 13 13 13 13 13 16 16 16 16 17 17 18 18 17 17 17 17 17 17 17
14 14 13 13 14 15 16 16 16 16 16 16 16 16 16 16 15 15 15 15 15 15 15 15 15 15 15 15 15 15 15 15 17 17 17 17 17 17 17 17 17 17 17 17 17 17 17 17 17 17 16 16 16 15 15 15 14 14 14 13 13 13 12 12 12 12 12 12 12 12 12 12 13 13 13 13 13 13 13 13 14 15 15 15 16 16 16 17 17 17 17 17 17 17 17 17 17 17 17 17 17 17 17 17 17 17 17 17 17 17 17 17 1 117 90 61 32 2 110 191 208 155 162 187 177 191 202 166 183 193 193 161 142 173 191 162 109 111 138 133 129 101 134 168 154 139 135 127 102 99 131 163 97 100 101 95 84 81 94 110 112 110 109 108 111 116 121 125 139 215 210 184 192 187 188 196 192 198 191 175 181 197 176 132 104 109 102 101 105 141 172 140 171 203 210 199 220 210 209 194 198 193 196 203 197 185 186 198 197 206 189 170 176 178 229 217 206 200 171 177 190 183 190 193 171 213 235 151 25 34 50 19 122 165 143 133 132 123 142 134 138 136 30 30 45 40 35 32 72 156 179 163 147 114 71 25 22 60 42 36 33 163 236 225 219 221 222 221 221 220 215 208 229 157 107 181 139 143 124 164 103 143 186 211 223 221 202 183 177 181 188 196 203 209 216 222 223 223 222 222 223 225 227 228 231 229 228 226 224 218 211 206 189 200 189 153 131 137 144 140 146 149 152 154 154 154 156 157 159 159 158 157 156 156 155 155 151 150 145 137 133 132 128 121 116 113 108 101 93 85 79 75 65 61 55 50 47 44 39 36 33 31 29 26 23 21 20 20 19 18 18 18 17 17 17 16 17 17 17 17 17 17 17 17 15 15 15 15 14 14 13 13 14 14 14 14 14 14 14 14 13 13 13 13 13 13 13 13 13 13 13 13 13 13 13 13 13 13 13 13 13 13 13 13 13 13 13 13 13 13 13 13 16 16 16 16 17 17 18 18 17 17 17 17 17 17 17
14 14 13 13 14 15 16 16 16 16 16 16 16 16 16 16 16 16 16 16 16 16 16 16 16 16 16 16 16 16 16 16 17 17 17 17 17 17 17 17 17 17 17 17 17 17 17 17 16 16 16 15 15 15 14 14 14 14 14 13 13 13 12 12 12 12 12 12 12 12 12 12 13 13 13 13 13 13 13 13 14 15 15 15 16 16 16 17 17 17 17 17 17 17 17 17 17 17 17 17 17 17 17 17 17 17 17 17 17 17 17 17 1 114 127 42 20 73 169 179 184 143 174 220 208 205 204 167 187 192 194 163 127 138 158 146 124 133 169 168 159 117 134 157 138 114 124 116 86 119 158 134 92 105 119 127 129 122 103 85 96 98 100 105 110 116 121 124 156 221 209 186 196 189 187 197 192 202 192 174 183 193 163 120 107 107 99 99 101 134 171 148 166 211 187 186 193 203 200 194 179 187 192 189 188 193 203 209 182 197 199 189 189 189 238 224 202 196 173 188 205 195 196 196 169 227 240 164 30 31 45 23 97 161 146 131 131 122 136 130 135 149 40 24 38 39 37 38 55 137 147 106 67 38 30 19 51 18 22 52 48 205 226 217 217 221 221 215 214 218 219 216 214 161 180 167 143 141 176 136 119 185 207 209 230 212 159 142 178 190 203 206 204 207 216 224 227 223 218 214 214 217 223 226 225 226 227 227 224 217 208 201 192 196 177 140 123 134 142 136 143 146 149 151 152 153 155 157 160 159 159 158 158 157 156 156 150 150 146 139 137 136 131 124 118 116 111 104 96 88 81 78 69 65 59 54 50 46 42 38 36 34 32 28 26 24 22 22 19 19 19 18 18 17 17 17 17 17 17 17 17 17 17 17 15 15 15 15 14 14 13 13 14 14 14 14 14 14 14 14 13 13 13 13 13 13 13 13 13 13 13 13 13 13 13 13 13 13 13 13 13 13 13 13 13 13 13 13 13 13 13 13 16 16 16 16 17 17 18 18 16 16 16 16 16 16 16
14 14 13 13 14 15 16 16 16 16 16 16 16 16 16 16 16 16 16 16 16 16 16 16 16 16 16 16 16 16 16 16 17 17 17 17 17 17 17 17 17 17 17 17 17 17 17 17 16 16 15 15 15 14 14 14 14 14 14 13 13 13 12 12 12 12 12 12 12 12 12 12 13 13 13 13 13 13 13 13 14 15 15 15 16 16 16 17 17 17 17 17 17 17 17 17 17 17 17 17 17 17 17 17 17 17 17 17 17 17 17 17 2 58 111 37 2 149 158 180 152 184 194 194 203 194 179 185 192 195 195 172 135 119 125 129 125 128 150 162 163 136 131 133 118 117 108 101 120 147 136 101 107 116 125 134 145 149 136 118 135 135 133 128 123 119 120 121 178 221 206 193 201 191 191 196 192 204 192 176 186 185 147 110 103 103 96 98 98 129 172 159 171 214 168 171 166 187 197 196 182 191 192 183 180 190 199 201 206 194 200 195 205 218 248 237 195 190 172 194 213 197 189 183 179 232 243 177 39 33 35 32 65 154 153 137 138 126 136 129 137 153 65 24 35 40 42 44 30 71 55 33 35 36 46 47 51 27 39 41 128 229 217 210 220 222 216 207 209 220 225 222 190 179 169 148 149 162 152 106 184 216 212 216 225 165 120 158 189 204 216 215 210 211 218 224 224 220 215 212 213 218 225 230 223 223 224 224 221 214 204 197 201 186 157 129 120 128 133 131 139 143 147 149 150 152 154 156 159 159 159 158 158 157 157 157 151 151 148 143 141 140 136 129 121 119 114 108 100 93 86 83 75 71 64 59 54 50 45 42 38 36 34 31 28 26 25 24 19 19 19 19 18 18 18 17 17 17 17 17 17 17 17 17 15 15 15 15 14 14 13 13 14 14 14 14 14 14 14 14 13 13 13 13 13 13 13 13 13 13 13 13 13 13 13 13 13 13 13 13 13 13 13 13 13 13 13 13 13 13 13 13 16 16 16 16 17 17 18 18 16 16 16 16 16 16 16
14 14 13 13 14 15 16 16 16 16 16 16 16 16 16 16 17 17 17 17 17 17 17 17 17 17 17 17 17 17 17 17 17 17 17 17 17 17 17 17 17 17 17 17 17 17 17 17 16 15 15 15 14 14 14 13 14 14 14 13 13 13 12 12 12 12 12 12 12 12 12 12 13 13 13 13 13 13 13 13 14 15 15 15 16 16 16 17 17 17 17 17 17 17 17 17 17 17 17 17 17 17 17 17 17 17 17 17 17 17 17 17 17 3 66 40 7 165 151 188 142 193 203 195 204 178 146 156 181 182 181 177 156 118 103 117 99 100 101 118 119 121 111 112 111 116 104 113 144 137 105 95 114 121 124 121 121 130 141 146 123 125 125 121 117 119 127 135 200 217 202 202 204 192 195 195 193 205 191 178 188 175 132 104 101 102 100 103 97 122 167 160 173 208 174 170 166 168 197 188 190 190 189 187 183 182 186 192 214 175 191 184 197 220 244 236 196 190 174 199 219 198 185 176 197 230 241 185 51 42 23 40 45 149 152 129 128 118 131 131 140 149 94 27 34 40 42 41 41 49 19 21 45 42 36 29 39 50 39 28 177 212 223 224 220 220 214 209 216 224 214 196 182 167 142 160 160 152 129 145 211 225 223 212 183 129 131 194 202 213 220 218 217 221 224 222 222 221 219 219 221 224 229 231 226 224 221 218 214 208 201 195 199 163 127 114 117 120 124 129 137 141 145 148 149 151 154 156 158 158 158 158 158 157 157 157 152 154 151 147 145 145 140 133 127 124 120 114 107 100 94 90 82 77 71 65 60 55 50 46 39 37 35 32 30 28 27 27 20 20 19 19 19 18 18 18 17 17 17 17 17 17 17 17 15 15 15 15 14 14 13 13 14 14 14 14 14 14 14 14 13 13 13 13 13 13 13 13 13 13 13 13 13 13 13 13 13 13 13 13 13 13 13 13 13 13 13 13 13 13 13 13 16 16 16 16 17 17 18 18 16 16 16 16 16 16 16
14 14 13 13 14 15 16 16 16 16 16 16 16 16 16 16 17 17 17 17 17 17 17 17 17 17 17 17 17 17 17 17 17 17 17 17 17 17 17 17 17 17 17 17 17 17 17 17 15 15 15 14 14 14 13 13 14 14 14 13 13 13 12 12 12 12 12 12 12 12 12 12 13 13 13 13 13 13 13 13 14 15 15 15 16 16 16 17 17 17 17 17 17 17 17 17 17 17 17 17 17 17 17 17 17 17 17 17 17 17 17 17 21 1 43 31 43 171 178 140 198 186 195 208 194 169 157 153 157 157 157 170 167 119 89 108 109 115 104 113 97 115 113 125 116 100 111 139 135 104 94 109 113 116 118 117 117 119 120 119 112 114 114 109 105 110 125 138 213 213 200 208 206 192 198 195 193 205 191 181 189 168 123 101 104 106 106 108 97 116 159 154 168 199 190 178 182 156 198 175 183 174 177 190 192 183 187 201 206 168 210 208 213 229 237 235 205 198 181 208 229 207 193 185 212 227 237 189 60 49 16 44 36 144 140 107 103 98 119 126 141 143 113 28 33 38 38 34 29 47 33 40 48 27 31 48 38 19 47 139 234 200 244 215 215 216 214 216 226 225 194 158 180 153 166 179 160 132 164 205 204 222 224 188 143 140 172 196 210 215 218 218 223 230 229 221 224 224 226 227 229 229 230 230 231 226 219 213 208 203 199 195 189 140 100 100 113 115 119 129 136 139 144 147 149 150 153 156 158 158 157 157 157 157 157 157 154 156 154 150 149 149 144 137 131 129 125 119 112 105 100 96 86 82 75 69 64 59 54 50 39 38 35 33 31 29 29 29 20 20 20 19 19 18 18 18 17 17 17 17 17 17 17 17 15 15 15 15 14 14 13 13 14 14 14 14 14 14 14 14 13 13 13 13 13 13 13 13 13 13 13 13 13 13 13 13 13 13 13 13 13 13 13 13 13 13 13 13 13 13 13 13 16 16 16 16 17 17 18 18 15 15 15 15 15 15 15
16 16 16 16 16 16 16 16 17 17 17 17 17 17 17 17 17 17 17 17 17 17 17 17 17 17 17 17 17 17 17 17 17 17 17 17 17 17 17 17 18 18 17 17 16 16 16 16 15 15 15 15 14 14 13 13 13 13 13 13 13 13 13 13 13 13 12 11 11 12 13 13 14 14 14 14 14 14 14 14 14 15 15 15 16 16 16 17 16 16 16 16 16 16 16 16 16 16 16 16 16 16 16 16 16 16 16 16 16 16 16 16 16 17 26 25 63 167 155 183 187 166 196 210 190 175 161 162 159 115 122 141 166 154 143 105 96 90 94 98 99 110 116 106 114 136 143 142 107 94 120 128 128 111 105 115 118 112 112 121 144 137 121 100 101 102 110 161 218 215 216 208 195 196 200 193 197 195 196 180 179 165 118 102 107 106 107 108 109 116 139 162 172 200 186 185 196 179 161 147 159 161 172 192 210 218 217 215 235 207 204 191 205 231 225 237 192 167 151 219 241 206 204 175 211 231 230 200 79 28 30 45 35 62 47 33 20 9 116 138 108 131 141 104 50 33 38 34 28 31 36 41 45 42 32 22 49 145 214 227 228 219 210 218 213 212 211 218 221 221 164 197 162 138 166 176 134 147 203 216 218 207 178 143 132 155 187 206 218 218 220 224 227 229 228 226 236 230 229 236 238 234 233 237 218 236 221 206 212 200 188 205 165 99 78 106 115 113 119 118 133 136 141 144 145 147 150 152 154 155 156 158 159 159 159 159 157 155 152 152 151 149 145 142 137 133 128 123 118 112 105 100 91 89 82 72 66 62 55 47 44 41 37 34 33 32 30 28 22 22 21 20 19 18 18 17 17 16 16 15 16 16 17 18 18 18 17 17 16 16 16 16 14 14 14 14 14 14 14 14 13 13 13 13 13 13 13 13 13 13 13 13 13 13 13 13 13 13 13 13 13 13 13 13 14 14 14 14 14 14 14 14 16 16 16 16 16 16 16 16 16 16 16 16 16 16 16
16 16 16 16 16 16 16 16 17 17 17 17 17 17 17 17 17 17 17 17 17 17 17 17 17 17 17 17 17 17 17 17 17 17 17 17 17 17 17 17 18 18 17 17 16 16 16 16 15 15 15 15 14 14 13 13 13 13 13 13 13 13 13 13 13 13 12 11 11 12 13 13 14 14 14 14 14 14 14 14 14 15 15 15 16 16 16 17 16 16 16 16 16 16 16 16 16 16 16 16 16 16 16 16 16 16 16 16 16 16 16 16 15 15 23 16 87 182 165 188 181 168 191 201 192 179 161 165 171 116 111 121 144 142 154 137 144 126 113 105 104 120 131 123 150 145 134 122 108 94 126 131 143 128 114 109 108 114 133 153 150 148 129 100 101 118 112 170 226 216 208 206 203 197 194 194 205 200 199 184 178 157 109 97 109 105 107 111 110 113 135 161 153 201 201 189 181 169 187 208 190 175 164 169 186 201 206 206 206 202 204 196 209 231 224 216 162 158 170 222 240 219 210 190 213 229 240 224 84 42 38 39 29 46 38 28 23 10 91 132 141 103 117 162 142 70 28 28 64 37 27 33 18 5 42 102 130 196 227 214 211 211 215 229 219 219 221 218 235 173 191 167 151 157 160 148 144 179 214 220 217 181 140 126 149 183 199 199 218 220 223 226 229 232 234 235 238 233 233 239 241 237 236 238 228 214 210 210 201 195 196 196 132 87 80 104 109 108 116 119 130 134 138 142 144 146 149 151 154 155 156 158 159 159 159 159 157 155 153 152 151 149 146 143 139 136 131 126 121 115 108 104 98 96 89 79 73 69 63 55 49 45 40 37 35 32 29 26 23 23 22 21 20 19 18 18 17 17 16 16 16 17 17 18 18 18 17 17 16 16 16 16 14 14 14 14 14 14 14 14 13 13 13 13 13 13 13 13 13 13 13 13 13 13 13 13 13 13 13 13 13 13 13 13 14 14 14 14 14 14 14 14 16 16 16 16 16 16 16 16 16 16 16 16 16 16 16
16 16 16 16 16 16 16 16 17 17 17 17 17 17 17 17 17 17 17 17 17 17 17 17 17 17 17 17 17 17 17 17 17 17 17 17 17 17 17 17 18 18 17 17 16 16 16 16 15 15 15 15 14 14 13 13 13 13 13 13 13 13 13 13 13 13 12 11 11 12 13 13 14 14 14 14 14 14 14 14 14 15 15 15 16 16 16 17 16 16 16 16 16 16 16 16 16 16 16 16 16 16 16 16 16 16 16 16 16 16 16 16 16 16 22 2 114 191 166 185 178 169 173 168 170 165 147 160 190 128 111 107 116 112 139 138 137 135 145 155 159 164 156 134 157 132 117 108 131 114 154 160 161 154 139 120 108 113 132 149 133 138 125 101 109 144 122 197 230 218 202 204 212 202 191 197 203 194 196 187 180 152 106 102 111 104 108 116 112 108 128 158 144 194 201 199 196 178 182 191 207 189 171 172 189 204 205 199 184 210 213 212 218 228 227 198 169 166 196 223 238 232 201 191 223 228 231 196 65 45 45 38 30 35 38 35 43 31 83 154 131 132 134 134 144 153 113 47 7 37 35 10 38 115 152 137 153 208 227 212 213 216 214 223 216 235 219 225 196 177 180 145 156 177 152 126 163 214 222 216 188 149 119 132 174 205 207 197 215 218 222 224 226 230 236 241 241 238 238 243 243 241 238 238 234 209 211 210 192 200 198 159 91 75 81 99 99 101 112 117 125 129 134 138 140 143 147 149 153 154 156 158 159 160 160 160 157 155 153 152 152 150 147 144 142 139 134 130 125 120 113 109 100 98 91 82 76 72 65 58 55 51 45 40 37 33 29 26 25 24 24 22 21 20 19 19 18 18 17 16 16 17 17 18 18 18 17 17 16 16 16 16 14 14 14 14 14 14 14 14 13 13 13 13 13 13 13 13 13 13 13 13 13 13 13 13 13 13 13 13 13 13 13 13 14 14 14 14 14 14 14 14 16 16 16 16 16 16 16 16 16 16 16 16 16 16 16
16 16 16 16 16 16 16 16 17 17 17 17 17 17 17 17 17 17 17 17 17 17 17 17 17 17 17 17 17 17 17 17 17 17 17 17 17 17 17 17 18 18 17 17 16 16 16 16 15 15 15 15 14 14 13 13 13 13 13 13 13 13 13 13 13 13 12 11 11 12 13 13 14 14 14 14 14 14 14 14 14 15 15 15 16 16 16 17 16 16 16 16 16 16 16 16 16 16 16 16 16 16 16 16 16 16 16 16 16 16 16 16 16 18 24 1 131 189 156 172 182 171 151 124 132 138 125 147 179 125 113 103 99 85 111 115 127 130 145 158 162 171 172 159 112 91 91 93 140 115 155 162 160 163 157 139 122 116 116 115 113 117 117 113 124 151 118 208 225 224 211 205 214 209 197 199 192 181 187 187 183 154 111 113 113 105 109 120 115 105 121 151 146 189 193 201 210 189 171 159 202 187 170 168 183 201 208 206 186 222 220 227 222 211 216 186 199 179 211 223 240 238 187 194 231 230 202 104 31 35 47 39 52 44 49 37 38 21 41 137 152 135 126 127 136 154 156 138 94 37 44 126 168 139 130 164 134 194 220 214 219 219 210 212 215 226 219 195 163 198 149 149 175 172 146 143 191 226 217 191 144 135 141 170 197 206 204 204 211 215 219 219 218 222 231 240 245 244 244 246 245 243 238 235 224 220 218 204 195 201 167 100 68 71 81 90 91 96 106 111 119 123 129 133 136 140 144 147 152 153 155 157 159 160 160 160 157 155 154 153 153 152 148 145 145 141 137 133 129 124 118 114 102 101 94 85 79 76 69 61 59 55 49 44 41 37 33 30 27 27 26 24 23 21 20 20 19 18 17 17 16 17 17 18 18 18 17 17 16 16 16 16 14 14 14 14 14 14 14 14 13 13 13 13 13 13 13 13 13 13 13 13 13 13 13 13 13 13 13 13 13 13 13 13 14 14 14 14 14 14 14 14 16 16 16 16 16 16 16 16 16 16 16 16 16 16 16
16 16 16 16 16 16 16 16 17 17 17 17 17 17 17 17 17 17 17 17 17 17 17 17 17 17 17 17 17 17 17 17 17 17 17 17 17 17 17 17 18 18 17 17 16 16 16 16 15 15 15 15 14 14 13 13 13 13 13 13 13 13 13 13 13 13 12 11 11 12 13 13 14 14 14 14 14 14 14 14 14 15 15 15 16 16 16 17 16 16 16 16 16 16 16 16 16 16 16 16 16 16 16 16 16 16 16 16 16 16 16 16 14 20 27 1 139 187 149 164 183 175 148 110 116 129 120 137 135 98 103 97 91 80 109 113 73 103 150 175 167 149 124 97 96 89 97 100 146 111 141 152 156 157 151 137 126 119 110 101 111 106 117 129 134 130 103 191 215 228 226 213 208 208 201 193 189 178 185 186 185 157 113 114 114 107 111 120 116 106 116 140 152 187 181 183 196 189 188 187 195 182 160 145 152 178 203 214 192 223 223 233 216 184 188 172 200 180 222 236 246 231 177 214 228 236 188 29 25 36 45 34 34 27 38 31 28 23 37 141 163 132 128 145 139 130 148 172 151 150 155 163 161 148 138 135 142 200 223 211 211 212 207 213 222 200 201 153 191 170 146 170 174 142 147 190 218 218 189 152 131 146 174 202 209 202 203 211 212 215 217 215 213 216 225 234 245 247 247 247 246 243 236 230 212 220 209 204 210 174 104 60 64 74 78 80 86 94 99 104 112 117 123 128 132 136 141 144 150 151 153 156 157 159 159 159 157 156 154 154 154 153 150 147 146 143 139 135 132 127 122 118 110 108 102 93 87 84 78 70 62 58 53 49 46 43 39 36 30 29 28 26 25 23 22 21 20 20 18 17 17 17 17 18 18 18 17 17 16 16 16 16 14 14 14 14 14 14 14 14 13 13 13 13 13 13 13 13 13 13 13 13 13 13 13 13 13 13 13 13 13 13 13 13 14 14 14 14 14 14 14 14 16 16 16 16 16 16 16 16 16 16 16 16 16 16 16
16 16 16 16 16 16 16 16 17 17 17 17 17 17 17 17 17 17 17 17 17 17 17 17 17 17 17 17 17 17 17 17 17 17 17 17 17 17 17 17 18 18 17 17 16 16 16 16 15 15 15 15 14 14 13 13 13 13 13 13 13 13 13 13 13 13 12 11 11 12 13 13 14 14 14 14 14 14 14 14 14 15 15 15 16 16 16 17 16 16 16 16 16 16 16 16 16 16 16 16 16 16 16 16 16 16 16 16 16 16 16 16 14 18 26 2 141 192 152 163 179 176 162 126 123 141 133 136 111 89 102 91 87 86 121 124 92 108 131 134 116 109 110 103 98 105 104 107 146 116 134 147 166 152 133 119 113 109 105 102 108 100 117 132 135 110 122 191 204 214 230 224 202 199 199 184 197 187 191 188 187 162 114 106 115 111 113 118 116 110 115 126 158 180 161 165 191 194 192 186 189 189 178 161 159 178 200 211 202 223 232 232 205 173 173 175 195 195 242 250 248 214 169 226 222 238 200 32 40 47 41 30 34 33 42 39 22 22 28 108 140 149 147 126 120 149 164 147 148 160 163 152 143 147 152 153 141 202 227 215 212 209 203 208 219 195 146 171 196 143 152 181 149 130 164 219 222 190 157 130 158 171 191 208 212 208 209 213 215 217 217 215 214 217 223 229 241 244 246 245 245 244 236 228 217 214 203 215 208 126 55 60 64 74 72 71 84 90 90 98 106 111 117 123 128 133 138 141 147 149 151 153 155 157 157 158 158 156 155 155 155 154 151 149 148 145 142 139 136 132 126 122 112 111 105 96 91 88 82 74 66 62 57 53 50 46 43 40 32 32 30 28 26 24 23 22 21 21 19 18 17 17 17 17 18 18 17 17 16 16 16 16 14 14 14 14 14 14 14 14 13 13 13 13 13 13 13 13 13 13 13 13 13 13 13 13 13 13 13 13 13 13 13 13 14 14 14 14 14 14 14 14 16 16 16 16 16 16 16 16 16 16 16 16 16 16 16
16 16 16 16 16 16 16 16 17 17 17 17 17 17 17 17 17 17 17 17 17 17 17 17 17 17 17 17 17 17 17 17 17 17 17 17 17 17 17 17 18 18 17 17 16 16 16 16 15 15 15 15 14 14 13 13 13 13 13 13 13 13 13 13 13 13 12 11 11 12 13 13 14 14 14 14 14 14 14 14 14 15 15 15 16 16 16 17 16 16 16 16 16 16 16 16 16 16 16 16 16 16 16 16 16 16 16 16 16 16 16 16 18 15 20 2 138 200 155 158 176 173 172 137 123 147 145 135 116 106 120 99 92 98 134 129 92 110 137 143 126 115 110 99 86 102 87 97 136 122 122 128 153 133 116 110 106 99 97 101 103 101 118 119 125 103 174 214 189 177 212 234 202 189 198 184 200 193 195 188 192 175 124 107 115 115 115 114 115 116 115 112 150 175 159 164 186 182 174 164 182 194 198 188 187 199 211 214 217 231 239 214 183 178 184 204 218 227 248 248 249 217 181 228 228 230 213 80 28 41 37 39 7 24 45 71 65 90 103 146 146 136 134 133 131 143 157 155 143 145 142 137 143 152 147 134 134 196 224 216 217 212 200 200 201 183 139 190 153 152 159 157 132 165 194 205 192 158 138 147 184 192 201 206 211 215 214 210 216 215 215 215 216 219 223 226 230 237 242 243 245 246 239 229 223 214 213 208 157 75 42 63 56 68 64 65 82 84 82 97 101 106 113 119 125 130 135 139 145 146 149 151 153 155 156 156 158 156 155 155 156 155 152 150 151 149 145 143 140 136 131 127 114 113 107 98 93 91 85 77 72 68 62 56 52 48 43 40 34 33 32 30 28 25 24 23 22 21 20 18 17 17 17 17 18 18 17 17 16 16 16 16 14 14 14 14 14 14 14 14 13 13 13 13 13 13 13 13 13 13 13 13 13 13 13 13 13 13 13 13 13 13 13 13 14 14 14 14 14 14 14 14 16 16 16 16 16 16 16 16 16 16 16 16 16 16 16
16 16 16 16 16 16 16 16 17 17 17 17 17 17 17 17 17 17 17 17 17 17 17 17 17 17 17 17 17 17 17 17 17 17 17 17 17 17 17 17 18 18 17 17 16 16 16 16 15 15 15 15 14 14 13 13 13 13 13 13 13 13 13 13 13 13 12 11 11 12 13 13 14 14 14 14 14 14 14 14 14 15 15 15 16 16 16 17 16 16 16 16 16 16 16 16 16 16 16 16 16 16 16 16 16 16 16 16 16 16 16 16 24 14 14 2 133 203 153 148 176 168 171 133 110 139 147 132 121 119 136 111 103 113 147 135 119 126 139 137 121 118 121 113 98 117 93 111 151 146 127 121 114 102 101 112 114 102 97 103 109 113 124 107 114 100 213 230 176 142 190 240 205 184 199 191 195 191 194 188 198 189 139 117 115 118 116 111 114 120 115 105 131 181 183 173 163 149 165 185 180 189 189 180 183 204 223 230 227 235 242 187 155 182 199 232 241 244 240 235 251 239 210 236 241 221 213 115 2 23 32 54 126 142 148 165 135 143 136 137 138 140 148 146 137 142 149 142 151 149 145 143 146 148 141 131 153 205 221 206 208 209 201 204 188 147 198 158 125 161 176 117 132 212 220 175 158 136 133 176 189 203 211 209 210 216 215 208 213 212 211 213 217 221 223 223 222 231 238 240 244 246 241 231 217 217 226 184 89 39 45 48 46 60 58 63 81 79 77 98 98 103 111 117 123 129 134 138 143 145 147 150 152 154 155 155 158 157 155 156 157 156 153 150 154 151 148 146 143 140 135 131 121 120 114 105 100 98 92 85 77 72 65 59 53 48 42 39 35 34 33 31 28 26 24 23 23 22 20 19 17 17 17 17 18 18 17 17 16 16 16 16 14 14 14 14 14 14 14 14 13 13 13 13 13 13 13 13 13 13 13 13 13 13 13 13 13 13 13 13 13 13 13 13 14 14 14 14 14 14 14 14 16 16 16 16 16 16 16 16 16 16 16 16 16 16 16
17 17 17 17 17 17 17 17 17 17 17 17 17 17 17 17 17 17 17 17 17 17 17 17 17 17 17 17 17 17 17 17 17 17 17 17 17 17 17 17 18 18 17 17 16 16 16 16 15 15 15 15 14 14 13 13 13 13 13 13 13 13 13 13 13 13 13 13 13 13 13 13 13 13 14 14 14 15 15 15 16 16 16 16 16 16 16 16 16 16 16 16 16 16 16 16 16 16 16 16 16 16 16 16 14 15 15 15 16 16 16 17 19 24 5 2 90 186 175 133 148 194 185 135 119 128 129 130 117 135 113 120 99 86 135 128 129 106 120 145 137 125 124 119 100 105 107 108 116 126 126 118 103 94 109 114 119 118 100 105 90 80 100 109 110 141 246 234 211 16 127 213 225 190 203 181 198 195 191 194 201 198 178 156 115 125 116 111 123 117 110 123 138 156 155 150 174 198 193 179 196 194 192 195 209 227 234 234 249 223 209 184 164 177 203 237 239 242 243 231 237 243 228 231 219 238 227 115 66 145 185 170 157 155 149 142 136 136 141 145 145 146 149 151 147 142 146 153 164 147 137 145 151 146 141 141 133 191 205 231 221 205 224 179 143 154 171 138 140 171 140 117 183 199 190 157 146 172 199 206 211 208 206 208 212 215 215 213 213 213 214 215 217 219 221 223 220 233 235 228 233 244 241 224 223 213 217 160 31 48 36 52 50 54 59 63 67 73 79 83 93 97 102 108 113 119 126 131 137 140 143 145 146 148 152 155 156 156 156 155 155 154 154 154 151 149 148 147 146 141 135 131 122 120 116 112 108 102 94 89 81 77 71 65 60 55 48 44 39 37 35 33 31 30 29 29 23 22 21 19 18 18 18 18 19 19 18 18 18 17 17 17 15 15 15 15 14 14 13 13 14 14 14 14 14 14 14 14 13 13 13 13 13 13 13 13 13 13 14 14 14 15 15 15 16 16 16 16 16 16 16 16 16 16 16 16 16 16 16 16 16 16 16 16 16 16 16
17 17 17 17 17 17 17 17 17 17 17 17 17 17 17 17 17 17 17 17 17 17 17 17 17 17 17 17 17 17 17 17 17 17 17 17 17 17 17 17 18 18 17 17 16 16 16 16 15 15 15 15 14 14 13 13 13 13 13 13 13 13 13 13 13 13 13 13 13 13 13 13 13 14 14 14 15 15 15 16 16 16 16 16 16 16 16 16 16 16 16 16 16 16 16 16 16 16 16 16 16 16 16 16 14 15 15 15 16 16 16 17 18 20 13 3 70 176 159 119 126 163 168 139 123 125 121 112 128 133 110 109 95 88 117 108 124 106 113 136 138 127 119 116 128 119 104 95 106 126 139 141 145 134 116 89 98 116 108 120 106 93 89 106 112 197 238 242 201 96 1 117 225 214 183 202 190 192 193 194 197 196 186 174 113 120 120 119 123 119 113 116 142 151 152 165 199 221 221 219 245 228 216 218 224 226 233 240 236 197 187 178 181 205 217 232 216 219 232 242 224 200 214 239 238 226 218 171 173 235 221 165 159 154 145 137 133 136 143 149 152 151 152 152 148 143 145 152 153 147 144 147 149 144 138 136 142 191 215 217 218 218 203 166 163 170 132 133 169 148 125 152 190 174 156 157 182 207 205 190 209 208 209 210 213 215 214 213 213 213 214 215 216 218 219 220 218 227 230 225 227 237 240 236 222 217 212 119 33 41 44 45 48 52 56 60 65 70 76 81 86 90 96 101 106 113 120 124 133 136 139 142 143 146 149 152 155 155 154 154 154 153 153 153 151 149 148 147 146 142 136 132 126 123 120 116 112 106 99 94 87 82 76 70 65 60 54 49 43 41 38 35 33 31 30 30 24 23 21 20 19 18 18 19 19 19 18 18 18 17 17 17 15 15 15 15 14 14 13 13 14 14 14 14 14 14 14 14 13 13 13 13 13 13 13 13 13 14 14 14 15 15 15 16 16 16 16 16 16 16 16 16 16 16 16 16 16 16 16 16 16 16 16 16 16 16 16
17 17 17 17 17 17 17 17 17 17 17 17 17 17 17 17 17 17 17 17 17 17 17 17 17 17 17 17 17 17 17 17 17 17 17 17 17 17 17 17 18 18 17 17 16 16 16 16 15 15 15 15 14 14 13 13 13 13 13 13 13 13 13 13 13 13 13 13 13 13 13 13 14 14 14 15 15 15 16 16 16 16 16 16 16 16 16 16 16 16 16 16 16 16 16 16 16 16 16 16 16 16 16 16 14 15 15 15 16 16 16 17 16 11 19 10 43 176 167 139 122 133 140 129 117 127 137 131 114 107 95 92 99 111 120 115 124 114 109 128 148 141 127 128 119 113 108 113 131 150 157 154 140 143 115 79 104 128 111 120 125 111 101 102 142 238 235 253 223 102 1 11 130 213 211 193 187 193 195 191 189 190 191 190 113 109 112 114 111 116 118 109 142 150 161 189 224 237 240 248 250 236 226 235 238 230 234 244 229 199 196 193 203 226 225 223 216 223 226 241 206 180 225 240 231 214 221 215 222 247 216 158 159 151 141 132 131 136 145 150 150 144 142 146 148 147 148 151 138 145 148 146 143 141 135 129 149 195 224 206 215 222 177 155 172 159 116 155 172 117 133 184 188 178 178 192 209 213 208 203 206 209 212 214 214 213 214 215 214 214 214 215 215 216 216 216 216 219 221 220 221 227 237 244 225 219 186 65 35 34 49 37 45 48 52 56 60 66 72 76 84 88 93 99 104 110 117 122 127 130 134 137 139 142 146 149 153 153 153 153 153 153 153 153 151 150 148 147 146 143 138 134 131 129 125 121 117 112 105 100 94 89 83 77 72 66 60 55 48 46 43 39 35 32 30 30 26 24 23 21 20 19 19 19 19 19 18 18 18 17 17 17 15 15 15 15 14 14 13 13 14 14 14 14 14 14 14 14 14 14 14 14 14 14 14 14 14 14 14 15 15 15 16 16 16 16 16 16 16 16 16 16 16 16 16 16 16 16 16 16 16 16 16 16 16 16 16
17 17 17 17 17 17 17 17 17 17 17 17 17 17 17 17 17 17 17 17 17 17 17 17 17 17 17 17 17 17 17 17 17 17 17 17 17 17 17 17 18 18 17 17 16 16 16 16 15 15 15 15 14 14 13 13 13 13 13 13 13 13 13 13 13 13 13 13 13 13 13 13 14 14 15 15 15 16 16 16 16 16 16 16 16 16 16 16 16 16 16 16 16 16 16 16 16 16 16 16 16 16 16 16 14 15 15 15 16 16 16 17 21 8 21 11 12 162 173 162 152 133 130 123 99 96 103 92 116 107 101 94 114 137 128 126 108 103 90 103 137 139 126 132 129 127 129 140 154 156 143 128 125 132 107 83 124 141 111 124 135 120 119 112 198 235 242 254 235 109 5 29 1 149 205 193 194 197 195 186 180 183 187 188 126 103 100 103 100 114 122 107 137 168 198 221 241 245 245 250 237 230 231 241 243 236 233 236 228 212 222 215 213 228 224 223 238 243 223 222 190 192 251 227 238 228 236 232 223 232 217 178 155 147 137 131 133 138 143 146 135 123 118 127 142 149 149 147 131 141 145 140 139 142 137 127 148 203 221 208 214 199 164 158 155 128 142 178 138 112 167 193 191 205 220 222 212 202 205 213 205 210 215 217 215 213 214 216 216 216 216 216 216 215 215 214 217 211 211 217 219 220 230 242 233 216 131 27 35 34 41 33 40 44 48 52 56 61 66 71 81 85 90 95 101 107 114 119 121 125 129 133 136 139 144 147 151 152 152 153 153 154 154 154 151 150 148 147 147 144 140 137 135 133 129 126 122 117 110 105 99 94 88 82 76 70 64 59 53 51 46 41 37 33 30 29 27 26 24 22 21 20 20 20 19 19 18 18 18 17 17 17 15 15 15 15 14 14 13 13 14 14 14 14 14 14 14 14 14 14 14 14 14 14 14 14 14 14 15 15 15 16 16 16 16 16 16 16 16 16 16 16 16 16 16 16 16 16 16 16 16 16 16 16 16 16 16
17 17 17 17 17 17 17 17 17 17 17 17 17 17 17 17 17 17 17 17 17 17 17 17 17 17 17 17 17 17 17 17 17 17 17 17 17 17 17 17 18 18 17 17 16 16 16 16 15 15 15 15 14 14 13 13 13 13 13 13 13 13 13 13 13 13 13 13 13 13 13 13 15 15 15 16 16 16 17 17 16 16 16 16 16 16 16 16 16 16 16 16 16 16 16 16 16 16 16 16 16 16 16 16 14 15 15 15 16 16 16 17 26 12 23 12 2 121 148 144 171 148 152 159 141 128 123 108 141 138 126 111 131 145 123 118 104 102 85 92 129 142 138 147 138 131 129 140 155 160 153 144 141 131 100 87 132 144 120 147 132 119 105 148 240 234 244 248 236 123 2 19 18 1 191 206 198 196 189 179 176 179 181 179 143 106 94 102 102 109 113 98 135 195 241 249 251 251 250 250 234 242 245 240 239 241 234 222 222 206 218 215 212 225 222 223 242 244 214 213 190 198 252 221 243 231 225 223 224 240 232 184 151 143 135 134 137 140 139 137 118 102 94 107 130 142 142 138 136 142 141 137 141 148 144 132 145 212 209 215 207 161 162 165 130 124 165 152 117 150 188 196 206 216 219 211 208 211 207 196 205 211 216 218 216 214 215 217 217 218 218 218 217 216 214 213 217 207 206 216 222 218 220 228 239 207 65 15 33 39 27 35 37 40 44 48 51 56 62 66 72 76 81 86 92 98 105 110 116 120 125 129 133 137 142 146 150 151 151 152 154 155 155 156 152 150 148 147 147 146 143 140 138 135 132 129 126 120 114 109 103 98 92 85 79 73 66 62 57 55 50 44 39 34 31 29 30 28 26 24 22 21 21 21 19 19 18 18 18 17 17 17 15 15 15 15 14 14 13 13 14 14 14 14 14 14 14 14 15 15 15 15 15 15 15 15 15 15 15 16 16 16 17 17 16 16 16 16 16 16 16 16 16 16 16 16 16 16 16 16 16 16 16 16 16 16 16
17 17 17 17 17 17 17 17 17 17 17 17 17 17 17 17 17 17 17 17 17 17 17 17 17 17 17 17 17 17 17 17 17 17 17 17 17 17 17 17 18 18 17 17 16 16 16 16 15 15 15 15 14 14 13 13 13 13 13 13 13 13 13 13 13 13 13 13 13 13 13 13 15 15 16 16 16 17 17 17 16 16 16 16 16 16 16 16 16 16 16 16 16 16 16 16 16 16 16 16 16 16 16 16 14 15 15 15 16 16 16 17 17 15 23 21 1 86 129 126 121 103 104 119 124 124 126 126 126 139 119 114 144 152 133 121 107 104 92 94 117 138 145 150 138 132 133 146 160 163 158 153 127 112 95 96 139 151 130 152 122 110 90 198 251 250 240 233 240 140 1 37 14 12 169 218 194 191 184 176 176 179 177 171 146 105 87 100 102 93 89 89 151 214 253 252 252 251 251 248 236 248 248 234 232 243 242 228 233 202 205 207 209 218 211 213 231 223 209 224 209 201 240 236 231 230 225 229 227 237 231 176 149 141 135 135 140 140 134 126 108 95 88 99 117 129 132 132 146 145 141 140 144 149 145 138 151 216 203 208 186 138 161 160 124 151 155 109 140 195 184 204 205 214 212 203 205 216 215 202 209 212 215 217 217 216 217 217 216 217 217 218 217 215 212 211 214 206 206 216 221 217 213 214 234 194 17 16 31 40 18 37 34 37 41 44 48 52 58 62 67 71 76 81 87 93 100 105 110 114 120 125 129 134 140 144 148 148 149 151 152 154 155 155 152 150 148 147 148 147 145 143 140 138 135 132 129 124 117 113 108 103 96 90 84 77 71 66 62 59 54 48 42 37 34 32 32 30 28 25 23 22 22 21 19 19 18 18 18 17 17 17 15 15 15 15 14 14 13 13 14 14 14 14 14 14 14 14 15 15 15 15 15 15 15 15 15 15 16 16 16 17 17 17 16 16 16 16 16 16 16 16 16 16 16 16 16 16 16 16 16 16 16 16 16 16 16
17 17 17 17 17 17 17 17 17 17 17 17 17 17 17 17 17 17 17 17 17 17 17 17 17 17 17 17 17 17 17 17 17 17 17 17 17 17 17 17 18 18 17 17 16 16 16 16 15 15 15 15 14 14 13 13 13 13 13 13 13 13 13 13 13 13 13 13 13 13 13 13 15 16 16 16 17 17 17 18 16 16 16 16 16 16 16 16 16 16 16 16 16 16 16 16 16 16 16 16 16 16 16 16 14 15 15 15 16 16 16 17 11 19 18 24 10 61 127 128 124 109 91 93 105 105 106 118 100 129 99 113 159 163 154 129 98 94 92 88 91 112 128 125 140 135 136 145 146 134 118 110 97 92 97 105 139 155 130 128 114 99 135 236 247 250 238 230 251 124 22 13 19 27 195 212 189 190 186 179 177 176 172 166 145 106 80 91 97 76 79 112 202 234 250 248 250 249 243 243 235 242 244 237 236 242 241 235 236 202 205 208 200 198 196 211 221 215 211 219 223 225 238 245 236 242 241 250 236 229 235 195 151 142 134 135 140 139 130 120 101 98 99 104 110 117 129 140 148 144 143 145 143 138 136 138 168 212 207 184 156 142 154 137 139 163 140 125 176 199 184 206 202 210 216 214 208 208 214 220 213 213 213 214 217 219 218 217 212 213 215 215 214 212 209 208 208 208 211 215 217 214 211 210 218 181 3 17 30 34 22 36 33 35 39 43 46 50 55 59 63 66 72 77 82 89 96 101 104 109 115 120 125 130 136 141 143 144 145 147 149 151 152 153 152 150 148 147 148 148 147 145 143 141 138 135 132 127 121 116 115 110 103 97 90 84 77 72 67 64 59 53 47 42 39 37 33 32 29 27 24 23 22 22 19 19 18 18 18 17 17 17 15 15 15 15 14 14 13 13 14 14 14 14 14 14 14 14 15 15 15 15 15 15 15 15 15 16 16 16 17 17 17 18 16 16 16 16 16 16 16 16 16 16 16 16 16 16 16 16 16 16 16 16 16 16 16
17 17 17 17 17 17 17 17 17 17 17 17 17 17 17 17 17 17 17 17 17 17 17 17 17 17 17 17 17 17 17 17 17 17 17 17 17 17 17 17 18 18 17 17 16 16 16 16 15 15 15 15 14 14 13 13 13 13 13 13 13 13 13 13 13 13 13 13 13 13 13 13 16 16 16 17 17 17 18 18 16 16 16 16 16 16 16 16 16 16 16 16 16 16 16 16 16 16 16 16 16 16 16 16 14 15 15 15 16 16 16 17 17 27 12 18 12 38 123 127 99 98 84 87 106 101 89 100 114 148 103 123 173 168 159 121 112 106 111 105 93 111 131 121 101 95 97 109 116 113 109 110 104 101 108 103 124 149 126 106 111 93 205 252 246 231 240 235 233 164 1 33 23 1 189 226 188 192 192 184 177 172 167 161 153 114 80 87 95 73 89 153 253 254 246 244 252 247 238 240 242 243 248 249 248 238 230 229 216 192 207 209 187 176 187 224 221 221 211 194 219 251 245 237 242 229 216 238 233 225 238 207 154 143 133 133 138 138 128 117 96 102 110 112 108 112 132 154 144 141 144 147 138 125 123 132 184 207 214 162 133 156 146 116 155 150 137 177 194 177 197 200 213 204 206 218 218 206 205 214 216 213 211 213 217 220 220 217 209 210 212 213 212 210 207 205 202 209 215 214 211 211 211 211 204 174 3 15 30 27 29 34 32 35 39 42 45 49 54 58 54 58 64 69 74 80 87 92 100 105 111 117 122 128 134 138 140 141 142 144 147 149 150 151 152 150 148 147 148 149 148 146 146 143 140 138 135 130 124 119 121 116 109 102 96 89 82 77 71 68 63 57 51 46 42 41 34 32 30 27 25 23 22 22 19 19 18 18 18 17 17 17 15 15 15 15 14 14 13 13 14 14 14 14 14 14 14 14 16 16 16 16 16 16 16 16 16 16 16 17 17 17 18 18 16 16 16 16 16 16 16 16 16 16 16 16 16 16 16 16 16 16 16 16 16 16 16
17 17 17 17 17 17 17 17 18 18 18 18 18 18 18 18 18 18 18 18 18 18 18 18 18 18 18 18 18 18 18 18 17 17 17 17 17 17 17 17 18 18 17 17 16 16 16 16 15 15 15 14 14 14 13 13 14 14 14 14 14 14 14 14 14 14 14 14 14 14 14 14 17 17 17 17 17 17 17 17 17 17 17 17 17 17 17 17 17 17 17 17 17 17 17 17 16 16 16 16 16 16 16 16 17 17 17 17 17 17 17 17 20 12 13 24 27 10 96 140 117 81 98 119 136 85 78 90 148 151 137 158 147 167 163 147 129 95 104 102 106 129 134 154 163 143 104 102 84 95 83 89 77 85 89 99 108 100 88 90 77 187 245 237 239 238 227 232 241 149 1 25 32 1 154 213 210 195 187 190 187 175 171 176 163 133 81 76 71 81 178 245 240 222 253 253 248 242 230 247 240 231 245 246 242 236 218 223 210 206 202 186 172 183 194 187 182 206 228 233 230 235 245 252 236 236 241 219 237 233 234 208 158 138 135 143 140 132 119 101 92 94 98 102 109 116 122 126 123 134 133 122 121 135 141 136 200 205 170 114 182 155 101 156 175 175 178 182 182 185 195 207 209 209 211 212 212 212 212 212 214 214 215 215 217 219 220 221 218 216 214 210 207 207 211 214 205 204 208 214 213 206 205 211 217 129 5 26 22 39 16 33 31 33 36 37 38 40 44 48 57 60 64 68 72 78 85 90 95 99 105 110 115 120 126 130 132 134 137 141 145 148 149 150 149 150 151 152 151 149 147 146 147 145 143 142 140 136 131 127 120 118 113 107 100 94 89 86 75 72 67 63 58 53 46 42 40 37 33 30 29 28 26 23 20 20 19 19 18 18 17 17 16 16 16 16 15 15 15 14 14 14 14 14 14 14 14 14 16 16 16 16 16 16 16 16 17 17 17 17 17 17 17 17 17 17 17 17 17 17 17 17 16 16 16 16 16 16 16 16 16 16 16 16 16 16 16
17 17 17 17 17 17 17 17 18 18 18 18 18 18 18 18 18 18 18 18 18 18 18 18 18 18 18 18 18 18 18 18 17 17 17 17 17 17 17 17 18 18 17 17 16 16 16 16 16 15 15 15 14 14 14 13 14 14 14 14 14 14 14 14 14 14 14 14 14 14 14 14 17 17 17 17 17 17 17 17 17 17 17 17 17 17 17 17 17 17 17 17 17 17 17 17 16 16 16 16 16 16 16 16 17 17 17 17 17 17 17 17 19 16 15 18 15 10 76 138 133 110 97 120 133 80 97 96 148 167 156 129 96 117 141 137 111 83 93 93 101 123 120 126 135 145 154 164 147 134 117 117 120 102 98 90 57 88 106 79 136 216 251 242 248 247 233 235 239 138 1 23 30 1 161 225 211 193 180 184 187 181 178 180 170 160 123 69 52 131 200 230 253 234 240 226 216 226 217 221 250 228 233 227 224 233 221 211 190 221 204 193 214 192 170 204 188 185 194 222 252 252 252 234 247 240 233 219 228 231 233 222 163 146 143 143 128 118 115 110 94 96 98 100 102 106 110 114 121 128 130 126 128 137 139 135 180 189 142 152 155 122 130 152 185 182 182 186 188 192 202 213 208 209 211 212 213 214 214 213 214 215 215 216 217 218 219 220 225 221 216 211 210 210 212 213 208 208 204 199 199 202 204 202 215 98 6 27 23 37 17 26 31 33 35 36 37 39 43 46 53 56 60 64 68 74 81 86 87 91 97 103 108 113 119 123 129 131 135 139 143 146 148 148 149 150 151 152 152 150 148 147 148 146 144 143 141 138 133 129 124 121 117 111 104 98 93 91 82 78 73 68 63 57 51 46 43 39 35 32 31 30 27 25 21 21 20 19 19 18 18 17 17 16 16 16 15 15 15 15 14 14 14 14 14 14 14 14 16 16 16 16 16 16 16 16 17 17 17 17 17 17 17 17 17 17 17 17 17 17 17 17 16 16 16 16 16 16 16 16 16 16 16 16 16 16 16
17 17 17 17 17 17 17 17 18 18 18 18 18 18 18 18 18 18 18 18 18 18 18 18 18 18 18 18 18 18 18 18 17 17 17 17 17 17 17 17 18 18 17 17 16 16 16 16 16 16 15 15 15 14 14 14 15 15 15 15 15 15 15 15 15 15 15 15 15 15 15 15 17 17 17 17 17 17 17 17 17 17 17 17 17 17 17 17 17 17 17 17 17 17 17 17 16 16 16 16 16 16 16 16 17 17 17 17 17 17 17 17 17 20 17 14 7 17 50 129 139 136 105 128 134 88 117 102 121 150 166 126 107 117 119 84 107 89 97 96 102 121 114 105 79 91 120 135 147 140 146 150 142 140 138 149 116 131 122 106 197 236 244 235 247 249 235 234 240 124 6 26 28 1 163 230 215 193 177 178 185 185 184 186 178 178 165 101 65 182 217 217 239 238 253 246 234 240 226 213 221 198 216 208 187 206 218 214 182 190 191 184 177 177 184 193 183 166 159 176 203 227 245 248 249 242 229 237 236 241 235 236 173 147 134 132 120 111 109 104 94 96 98 98 99 100 104 107 132 131 131 131 132 133 131 130 194 161 126 166 122 125 169 176 188 181 177 181 187 193 202 210 208 209 211 213 215 215 216 216 215 215 215 216 217 218 218 218 222 215 207 202 202 204 203 202 203 206 202 194 196 208 211 204 220 62 10 25 19 30 23 24 29 31 33 34 35 37 41 44 48 51 55 58 62 68 75 80 84 88 94 100 105 110 116 120 125 127 131 136 140 143 145 146 148 149 151 152 152 151 149 148 149 147 145 145 144 141 136 132 128 126 122 116 110 104 100 98 88 84 78 73 67 60 53 48 46 42 38 35 33 31 29 26 22 22 21 21 20 19 18 18 17 17 17 16 16 15 15 15 15 15 15 15 15 15 15 15 16 16 16 16 16 16 16 16 17 17 17 17 17 17 17 17 17 17 17 17 17 17 17 17 16 16 16 16 16 16 16 16 16 16 16 16 16 16 16
17 17 17 17 17 17 17 17 18 18 18 18 18 18 18 18 18 18 18 18 18 18 18 18 18 18 18 18 18 18 18 18 17 17 17 17 17 17 17 17 18 18 17 17 16 16 16 16 16 16 16 15 15 15 14 14 15 15 15 15 15 15 15 15 15 15 15 15 15 15 15 15 17 17 17 17 17 17 17 17 17 17 17 17 17 17 17 17 17 17 17 17 17 17 17 17 16 16 16 16 16 16 16 16 17 17 17 17 17 17 17 17 14 22 19 15 11 30 24 102 131 142 133 140 138 116 126 110 133 144 165 119 115 121 121 86 115 107 108 101 100 116 116 102 101 82 81 70 90 76 81 72 102 123 104 139 154 133 100 160 231 240 231 226 242 247 238 237 236 107 18 30 25 1 156 220 221 201 182 177 179 181 184 188 188 183 181 166 106 179 192 186 240 241 249 229 199 198 212 222 193 126 128 153 171 208 199 156 162 165 173 159 145 172 193 174 174 164 158 157 149 146 167 196 186 183 184 226 228 234 217 224 180 136 112 118 122 117 102 83 90 94 98 100 100 103 108 112 140 135 135 140 140 134 130 129 192 123 142 158 130 175 187 190 188 178 171 176 186 193 200 206 208 209 211 214 216 217 217 217 215 215 216 216 217 217 216 216 214 205 196 193 195 198 196 193 200 202 202 200 202 207 208 206 214 34 17 22 15 23 30 26 28 30 32 32 33 35 38 41 44 47 50 54 57 63 70 75 81 85 91 96 101 106 112 116 121 124 128 133 137 141 144 145 147 148 150 152 152 152 150 150 150 148 147 147 146 143 139 135 132 130 126 120 115 110 106 103 91 87 81 75 68 61 53 48 49 45 40 37 35 33 29 27 24 24 23 22 21 20 19 19 17 17 17 17 16 16 15 15 15 15 15 15 15 15 15 15 16 16 16 16 16 16 16 16 17 17 17 17 17 17 17 17 17 17 17 17 17 17 17 17 16 16 16 16 16 16 16 16 16 16 16 16 16 16 16
17 17 17 17 17 17 17 17 18 18 18 18 18 18 18 18 18 18 18 18 18 18 18 18 18 18 18 18 18 18 18 18 17 17 17 17 17 17 17 17 18 18 17 17 16 16 16 16 17 17 16 16 16 15 15 15 16 16 16 16 16 16 16 16 16 16 16 16 16 16 16 16 17 17 17 17 17 17 17 17 17 17 17 17 17 17 17 17 17 17 17 17 17 17 17 17 16 16 16 16 16 16 16 16 17 17 17 17 17 17 17 17 15 23 20 19 19 32 3 55 121 141 170 151 135 148 127 126 138 141 178 140 125 114 114 108 112 111 104 94 85 98 115 108 96 84 96 101 135 130 137 127 86 83 48 72 97 96 120 228 245 241 230 229 241 246 242 241 211 77 25 30 20 1 151 206 227 213 195 181 173 172 178 185 193 193 181 207 132 142 156 143 139 144 165 186 184 194 237 253 177 148 186 204 183 195 203 192 139 173 160 150 186 188 167 180 215 180 145 125 109 95 97 110 129 129 142 207 226 236 218 226 176 131 108 119 126 118 98 77 85 91 97 100 100 102 108 113 124 126 135 146 145 132 119 114 131 109 161 163 178 202 197 180 190 181 176 183 194 201 206 209 208 209 211 214 216 217 217 217 215 215 216 217 217 216 214 214 211 204 196 195 199 201 199 195 203 198 197 201 202 199 200 205 166 10 21 24 19 21 33 25 26 28 30 30 30 32 35 38 42 44 47 50 54 59 66 71 72 76 82 88 92 98 104 108 117 120 124 130 135 139 142 143 144 146 148 150 152 151 151 150 150 149 148 148 148 146 141 138 134 132 128 123 118 114 110 108 96 91 85 79 72 65 57 52 52 48 43 39 36 34 30 27 26 26 25 24 22 21 20 20 18 18 17 17 17 16 16 16 16 16 16 16 16 16 16 16 16 16 16 16 16 16 16 16 17 17 17 17 17 17 17 17 17 17 17 17 17 17 17 17 16 16 16 16 16 16 16 16 16 16 16 16 16 16 16
17 17 17 17 17 17 17 17 18 18 18 18 18 18 18 18 18 18 18 18 18 18 18 18 18 18 18 18 18 18 18 18 17 17 17 17 17 17 17 17 18 18 17 17 16 16 16 16 17 17 17 16 16 16 15 15 16 16 16 16 16 16 16 16 16 16 16 16 16 16 16 16 17 17 17 17 17 17 17 17 17 17 17 17 17 17 17 17 17 17 17 17 17 17 17 17 16 16 16 16 16 16 16 16 17 17 17 17 17 17 17 17 18 23 19 20 24 22 2 15 98 140 195 158 128 165 133 142 134 120 158 148 139 132 112 114 107 106 93 87 75 83 114 115 95 99 111 108 105 89 94 99 109 77 84 95 82 101 188 254 247 239 233 233 238 243 240 234 172 39 26 26 16 9 160 204 230 220 204 185 172 169 174 181 180 198 181 198 139 137 159 137 140 140 156 196 206 205 234 245 188 174 202 204 187 198 187 161 158 158 152 165 190 184 171 181 198 167 131 109 100 104 122 141 142 130 143 199 233 243 233 236 178 141 126 133 126 109 96 87 82 89 96 97 95 96 101 106 108 120 135 140 132 114 94 82 98 143 166 173 203 187 217 187 186 179 179 189 200 206 208 210 208 209 211 213 215 215 216 216 215 216 217 217 217 215 213 211 207 203 200 199 201 202 200 197 198 192 190 196 204 207 202 196 89 2 22 29 27 22 30 21 24 26 28 28 28 29 33 35 39 42 45 48 51 56 62 67 68 72 78 84 89 94 100 104 112 115 119 125 131 136 139 141 141 143 146 149 150 150 150 149 149 148 147 148 149 147 143 140 136 134 130 126 122 117 114 112 103 99 93 87 81 73 65 60 57 53 47 43 39 36 32 29 28 28 27 25 24 22 21 20 18 18 18 18 17 17 16 16 16 16 16 16 16 16 16 16 16 16 16 16 16 16 16 16 17 17 17 17 17 17 17 17 17 17 17 17 17 17 17 17 16 16 16 16 16 16 16 16 16 16 16 16 16 16 16
17 17 17 17 17 17 17 17 18 18 18 18 18 18 18 18 18 18 18 18 18 18 18 18 18 18 18 18 18 18 18 18 17 17 17 17 17 17 17 17 18 18 17 17 16 16 16 16 18 17 17 17 16 16 16 15 17 17 17 17 17 17 17 17 17 17 17 17 17 17 17 17 17 17 17 17 17 17 17 17 17 17 17 17 17 17 17 17 17 17 17 17 17 17 17 17 16 16 16 16 16 16 16 16 17 17 17 17 17 17 17 17 18 22 19 19 26 11 16 7 47 131 195 168 128 166 145 143 146 112 124 117 111 137 115 128 110 105 85 88 78 76 110 111 111 119 115 104 71 64 76 102 120 83 124 129 103 85 183 250 244 237 234 234 235 242 240 226 142 13 30 25 18 28 181 215 230 221 204 186 176 174 176 177 166 184 182 168 140 154 164 148 161 159 153 178 189 204 249 251 174 218 247 210 172 194 197 182 170 162 175 178 170 190 197 164 149 163 171 161 141 134 147 164 149 126 135 174 223 230 230 225 200 158 136 136 124 105 95 90 80 87 95 96 93 92 97 103 111 127 136 129 120 116 110 103 136 173 172 184 193 184 208 194 176 174 180 193 203 206 206 207 208 209 211 212 213 214 214 213 215 216 217 218 217 214 211 209 203 203 203 203 201 198 195 193 186 194 193 191 206 213 180 133 32 11 24 26 25 18 26 23 23 25 26 26 26 27 31 33 36 39 42 44 47 52 58 63 65 70 76 81 86 91 97 101 106 108 114 120 126 131 134 136 139 141 144 147 149 149 149 149 148 147 147 148 149 147 144 141 138 136 133 129 125 121 118 117 109 105 99 93 87 80 72 67 62 58 52 47 44 40 36 33 30 29 28 26 24 23 21 21 19 19 18 18 17 17 17 17 17 17 17 17 17 17 17 17 16 16 16 16 16 16 16 16 17 17 17 17 17 17 17 17 17 17 17 17 17 17 17 17 16 16 16 16 16 16 16 16 16 16 16 16 16 16 16
17 17 17 17 17 17 17 17 18 18 18 18 18 18 18 18 18 18 18 18 18 18 18 18 18 18 18 18 18 18 18 18 17 17 17 17 17 17 17 17 18 18 17 17 16 16 16 16 18 18 17 17 17 16 16 16 17 17 17 17 17 17 17 17 17 17 17 17 17 17 17 17 17 17 17 17 17 17 17 17 17 17 17 17 17 17 17 17 17 17 17 17 17 17 17 17 16 16 16 16 16 16 16 16 17 17 17 17 17 17 17 17 17 20 18 19 28 7 40 18 1 117 183 178 135 161 155 136 113 111 145 141 104 123 87 105 115 104 81 90 81 70 100 98 117 125 113 112 78 88 100 132 134 93 111 102 100 35 131 253 244 237 237 236 238 248 247 226 132 5 38 28 23 44 199 227 229 218 200 186 180 181 179 175 166 166 182 147 138 156 141 141 133 156 158 168 157 159 196 190 171 221 235 173 166 222 214 169 140 214 216 177 200 227 194 153 208 219 214 181 142 125 132 143 135 110 125 158 223 232 240 229 227 169 131 129 124 109 94 82 77 85 94 96 93 93 99 105 120 135 137 125 124 145 165 171 180 168 186 198 183 205 168 172 172 174 183 198 207 208 207 208 209 209 211 212 212 212 212 212 215 216 218 218 217 214 211 208 205 207 209 208 204 198 194 193 182 204 204 189 199 202 134 43 12 32 27 20 18 12 25 29 22 24 25 26 25 26 29 32 34 36 39 42 45 49 56 60 58 62 68 74 78 84 90 94 101 104 109 116 122 127 131 133 137 139 142 145 148 148 148 148 147 147 146 148 149 147 144 141 140 138 136 132 128 124 121 120 110 106 100 95 89 82 75 70 66 62 56 51 47 43 39 36 31 30 29 27 25 23 22 21 19 19 18 18 18 17 17 17 17 17 17 17 17 17 17 17 16 16 16 16 16 16 16 16 17 17 17 17 17 17 17 17 17 17 17 17 17 17 17 17 16 16 16 16 16 16 16 16 16 16 16 16 16 16 16
16 16 16 16 17 17 18 18 18 18 18 18 18 18 18 18 18 18 18 18 18 18 18 18 18 18 18 18 18 18 18 18 17 17 17 17 17 17 17 17 18 18 17 17 16 16 16 16 16 16 16 16 16 16 16 16 17 17 17 17 17 17 17 17 17 17 17 17 17 17 17 17 18 18 18 18 18 18 18 18 17 17 17 17 17 17 17 17 17 17 17 17 17 17 17 17 17 17 17 17 17 17 17 17 18 18 18 18 18 18 18 18 19 20 20 21 21 20 20 19 20 34 166 163 147 137 170 146 105 90 151 156 140 140 92 110 106 104 81 66 85 112 121 123 97 128 116 134 97 126 106 113 106 84 93 92 70 32 73 251 242 248 237 237 231 251 221 215 40 42 29 29 22 84 197 220 233 208 203 199 178 175 184 180 171 174 170 153 150 132 169 179 165 164 173 161 140 194 194 213 185 184 189 202 188 208 109 94 84 121 116 89 113 103 79 150 137 145 77 82 56 71 74 127 203 221 165 148 186 222 244 223 237 207 140 125 134 108 88 81 67 73 88 98 90 77 84 102 131 144 157 164 173 181 181 175 197 173 174 189 194 203 194 161 163 179 194 201 204 208 211 211 215 213 211 210 211 213 216 218 219 218 215 213 211 211 211 212 207 207 205 201 197 196 197 199 196 199 187 201 200 72 18 17 22 22 22 22 22 22 22 22 25 24 24 23 24 25 26 27 34 34 36 38 41 45 48 50 56 58 61 66 71 77 82 84 94 99 104 110 115 120 126 130 132 136 141 144 145 145 147 149 147 148 148 148 148 147 146 145 143 142 140 137 133 129 125 123 116 112 106 100 95 89 83 79 76 69 60 53 48 44 42 40 39 35 31 28 27 25 23 21 20 20 19 19 18 18 17 17 17 17 17 17 17 17 17 17 17 17 17 17 17 17 17 17 17 17 17 17 17 17 17 17 16 16 16 16 16 16 16 16 16 16 16 16 16 16 16 16 16 16 15 15 14 13 13
16 16 16 16 17 17 18 18 18 18 18 18 18 18 18 18 18 18 18 18 18 18 18 18 18 18 18 18 18 18 18 18 17 17 17 17 17 17 17 17 18 18 17 17 16 16 16 16 16 16 16 16 16 16 16 16 17 17 17 17 17 17 17 17 17 17 17 17 17 17 17 17 18 18 18 18 18 18 18 18 17 17 17 17 17 17 17 17 17 17 17 17 17 17 17 17 17 17 17 17 17 17 17 17 18 18 18 18 18 18 18 18 19 20 20 21 21 20 20 19 14 17 128 168 130 127 157 129 97 86 122 134 138 128 85 95 94 99 92 88 98 103 110 125 127 133 122 132 129 129 109 113 107 98 102 79 44 15 78 249 246 232 240 237 223 245 216 171 14 35 30 37 26 117 199 221 217 203 198 196 187 184 190 192 183 187 193 201 225 214 235 226 245 252 247 211 169 210 250 252 251 244 238 248 231 226 97 54 45 59 59 56 79 86 90 207 183 109 87 60 60 70 126 203 240 253 216 182 198 228 242 233 239 224 168 149 147 112 87 77 92 87 86 86 81 81 101 126 145 159 173 181 187 189 183 174 176 181 192 192 182 177 169 155 164 180 195 201 204 208 211 211 208 209 212 214 215 214 213 212 216 215 213 211 210 209 209 209 207 206 204 200 196 194 195 197 196 202 197 194 115 30 19 25 22 22 22 22 22 22 22 22 24 24 23 23 24 25 26 26 32 32 34 36 39 42 45 47 53 55 58 62 68 73 78 81 91 95 101 106 111 116 122 126 129 133 138 141 142 143 145 147 147 148 148 149 148 148 147 146 147 146 143 140 136 132 128 126 122 117 111 105 100 94 88 83 78 72 63 56 51 48 45 42 39 36 32 29 27 26 23 21 21 20 20 19 19 18 18 17 17 17 17 17 17 17 17 17 17 17 17 17 17 17 17 17 17 17 17 17 17 17 17 17 16 16 16 16 16 16 16 16 16 16 16 16 16 16 16 16 16 16 15 15 14 14 13
16 16 16 16 17 17 18 18 18 18 18 18 18 18 18 18 18 18 18 18 18 18 18 18 18 18 18 18 18 18 18 18 17 17 17 17 17 17 17 17 18 18 17 17 16 16 16 16 16 16 16 16 16 16 16 16 17 17 17 17 17 17 17 17 17 17 17 17 17 17 17 17 18 18 18 18 18 18 18 18 17 17 17 17 17 17 17 17 17 17 17 17 17 17 17 17 17 17 17 17 17 17 17 17 18 18 18 18 18 18 18 18 19 20 20 21 21 20 20 19 15 6 79 164 124 117 139 111 90 85 90 112 140 113 81 82 77 93 103 105 96 77 77 99 141 140 136 131 144 112 100 112 120 106 92 56 23 9 92 237 249 220 239 235 216 239 224 104 1 32 34 38 39 159 201 216 219 215 202 194 193 185 181 189 157 189 219 223 225 204 235 240 237 252 225 208 173 183 235 248 241 231 224 238 230 224 110 69 66 63 52 40 48 74 70 178 232 100 97 58 53 58 112 186 245 253 242 190 186 218 228 236 244 241 192 162 145 105 81 72 69 66 69 80 91 106 134 160 160 171 183 189 192 191 184 175 181 191 185 166 151 142 147 162 168 183 197 202 204 208 211 211 207 209 211 212 213 214 213 212 212 212 211 211 209 208 206 206 207 206 204 200 195 193 194 196 197 203 200 172 36 4 27 23 22 22 22 22 22 22 22 22 24 24 23 23 23 24 25 26 29 30 31 33 36 39 42 44 49 51 53 58 63 69 73 76 85 89 95 101 105 111 117 121 125 129 134 138 139 141 143 145 147 148 149 149 149 149 148 148 151 150 147 144 140 135 131 129 128 124 117 111 106 100 94 89 82 76 68 61 56 52 49 46 41 38 33 30 29 27 24 22 22 22 21 20 19 19 18 18 17 17 17 17 17 17 17 17 17 17 17 17 17 17 17 17 17 17 17 17 17 17 17 17 16 16 16 16 16 16 16 16 16 16 16 16 16 16 16 16 15 15 15 15 14 14 14
16 16 16 16 17 17 18 18 18 18 18 18 18 18 18 18 18 18 18 18 18 18 18 18 18 18 18 18 18 18 18 18 17 17 17 17 17 17 17 17 18 18 17 17 16 16 16 16 16 16 16 16 16 16 16 16 17 17 17 17 17 17 17 17 17 17 17 17 17 17 17 17 18 18 18 18 18 18 18 18 17 17 17 17 17 17 17 17 17 17 17 17 17 17 17 17 17 17 17 17 17 17 17 17 18 18 18 18 18 18 18 18 19 20 20 21 21 20 20 19 22 13 41 134 140 118 124 108 90 91 74 103 147 102 84 82 73 105 124 119 101 78 74 89 127 144 142 121 117 86 87 117 132 91 56 32 23 15 109 217 246 230 230 230 216 241 248 40 9 35 41 25 65 187 206 206 225 228 208 192 195 184 174 186 222 230 233 227 237 220 239 226 247 226 189 205 209 198 220 243 236 240 241 246 222 191 87 50 79 98 97 84 102 164 144 189 234 145 110 68 39 62 97 162 232 245 251 195 180 214 216 228 232 247 215 190 170 121 87 71 45 55 78 106 129 144 160 174 167 172 178 181 182 180 176 171 179 175 153 137 132 119 126 164 173 188 201 205 205 208 211 212 213 212 210 209 210 212 216 218 210 210 211 212 211 209 206 205 209 208 206 201 197 195 195 197 197 205 197 133 15 12 37 12 22 22 22 22 22 22 22 22 24 23 23 22 23 24 25 26 28 29 30 32 34 37 40 41 46 47 50 54 59 64 69 71 80 84 90 95 100 106 112 116 121 125 131 135 137 139 141 143 146 147 148 149 150 150 149 149 152 151 149 146 142 137 133 131 131 127 121 115 110 104 97 93 86 81 73 66 61 57 53 50 44 40 36 33 31 29 26 23 23 23 22 21 20 19 18 18 18 18 18 18 18 18 18 18 17 17 17 17 17 17 17 17 17 17 17 17 17 17 17 17 16 16 16 16 16 16 16 16 16 16 16 16 16 16 16 16 15 15 15 14 14 14 14
16 16 16 16 17 17 18 18 18 18 18 18 18 18 18 18 18 18 18 18 18 18 18 18 18 18 18 18 18 18 18 18 17 17 17 17 17 17 17 17 18 18 17 17 16 16 16 16 16 16 16 16 16 16 16 16 17 17 17 17 17 17 17 17 17 17 17 17 17 17 17 17 18 18 18 18 18 18 18 18 17 17 17 17 17 17 17 17 17 17 17 17 17 17 17 17 17 17 17 17 17 17 17 17 18 18 18 18 18 18 18 18 19 20 20 21 21 20 20 19 21 23 17 83 152 125 120 120 92 94 77 106 152 92 89 89 65 110 128 110 93 85 83 86 122 141 121 95 77 85 95 124 112 58 23 24 25 10 122 205 235 250 221 222 224 248 254 3 34 36 40 11 106 202 217 206 220 225 206 190 196 191 184 196 188 230 250 225 193 165 216 242 251 206 182 179 208 212 200 229 231 229 223 234 237 240 204 199 196 225 231 217 209 234 208 209 220 243 234 215 218 211 183 162 214 235 253 229 212 236 219 210 209 239 232 234 224 169 124 100 98 109 129 149 161 164 164 166 165 168 172 175 171 162 152 147 135 132 121 123 122 100 111 161 182 195 206 208 207 209 211 212 214 214 214 214 215 215 215 215 211 211 212 213 212 211 208 207 211 210 208 204 199 198 199 200 198 216 199 89 22 20 36 12 22 22 22 22 22 22 22 22 23 23 22 22 22 23 24 25 28 29 29 31 33 36 38 40 43 44 47 51 56 61 65 67 75 79 85 91 95 101 107 111 117 121 127 132 135 137 140 142 144 145 147 149 150 150 150 150 151 150 149 146 142 138 135 133 132 128 122 117 112 107 101 97 90 85 78 71 67 62 57 54 48 44 40 36 34 32 29 26 25 25 24 22 21 20 19 18 18 18 18 18 18 18 18 18 17 17 17 17 17 17 17 17 17 17 17 17 17 17 17 17 16 16 16 16 16 16 16 16 16 16 16 16 16 16 16 16 14 14 14 14 14 15 15
16 16 16 16 17 17 18 18 18 18 18 18 18 18 18 18 18 18 18 18 18 18 18 18 18 18 18 18 18 18 18 18 17 17 17 17 17 17 17 17 18 18 17 17 16 16 16 16 16 16 16 16 16 16 16 16 17 17 17 17 17 17 17 17 17 17 17 17 17 17 17 17 18 18 18 18 18 18 18 18 17 17 17 17 17 17 17 17 17 17 17 17 17 17 17 17 17 17 17 17 17 17 17 17 18 18 18 18 18 18 18 18 19 20 20 21 21 20 20 19 15 24 7 37 124 129 122 131 96 87 87 113 152 87 91 92 79 124 133 102 85 87 88 88 135 123 90 75 70 106 115 113 67 30 16 29 21 2 133 204 219 253 221 215 232 252 221 1 46 33 28 21 154 212 227 215 221 222 209 195 195 194 191 195 195 217 230 221 227 217 247 245 235 228 233 197 231 247 225 233 197 180 158 169 198 218 213 216 214 222 220 209 150 74 68 73 68 94 71 57 172 217 207 130 153 195 249 251 244 252 224 181 201 225 220 233 234 190 160 152 160 161 162 161 157 155 155 157 157 158 164 166 156 135 116 107 91 93 92 90 83 84 124 181 191 203 212 212 210 210 212 212 210 214 219 223 222 218 212 207 212 213 213 213 213 212 211 210 211 210 209 205 201 200 201 203 201 229 204 63 14 12 28 23 22 22 22 22 22 22 22 22 23 22 22 22 22 23 24 25 27 27 28 29 32 34 36 38 40 41 44 47 52 57 61 63 70 74 80 85 90 96 102 106 112 116 123 128 131 133 136 139 142 143 145 147 149 150 150 150 149 149 148 146 143 140 137 135 134 130 125 120 116 112 106 102 95 91 84 78 73 68 63 59 53 49 44 40 38 35 32 29 27 26 25 23 22 20 19 18 18 18 18 18 18 18 18 18 17 17 17 17 17 17 17 17 17 17 17 17 17 17 17 17 16 16 16 16 16 16 16 16 16 16 16 16 16 16 16 16 13 14 14 14 15 15 15
16 16 16 16 17 17 18 18 18 18 18 18 18 18 18 18 18 18 18 18 18 18 18 18 18 18 18 18 18 18 18 18 17 17 17 17 17 17 17 17 18 18 17 17 16 16 16 16 16 16 16 16 16 16 16 16 17 17 17 17 17 17 17 17 17 17 17 17 17 17 17 17 18 18 18 18 18 18 18 18 17 17 17 17 17 17 17 17 17 17 17 17 17 17 17 17 17 17 17 17 17 17 17 17 18 18 18 18 18 18 18 18 19 20 20 21 21 20 20 19 17 23 11 19 61 125 124 128 103 76 97 120 152 88 91 91 103 138 143 114 96 96 106 118 139 93 84 84 101 112 114 71 32 21 22 35 20 2 150 198 207 247 233 210 234 251 142 10 40 32 14 57 194 222 225 224 226 221 218 207 194 194 193 181 192 226 248 240 239 223 249 245 189 224 234 200 236 242 235 224 160 168 175 204 232 227 210 199 206 197 199 223 169 38 83 103 111 106 91 78 166 236 202 116 94 154 216 250 251 250 226 159 195 208 196 209 207 162 147 158 150 151 149 141 135 135 140 144 143 139 138 136 123 100 81 74 68 71 66 48 48 96 162 197 199 210 218 216 212 211 212 211 215 216 218 219 217 214 211 208 213 213 212 211 211 211 212 212 208 208 207 204 201 200 202 205 208 227 196 66 2 15 24 27 22 22 22 22 22 22 22 22 22 22 21 21 22 23 24 24 25 25 25 27 29 31 33 34 36 37 39 43 47 52 56 58 64 68 74 80 85 90 96 100 105 110 117 122 126 129 132 134 140 141 143 146 148 149 149 150 149 148 148 147 145 142 140 139 138 134 129 126 123 119 114 111 102 97 91 85 80 75 70 66 57 53 48 44 41 39 35 32 28 27 26 24 22 21 19 19 19 19 19 19 19 19 19 19 17 17 17 17 17 17 17 17 17 17 17 17 17 17 17 17 16 16 16 16 16 16 16 16 16 16 16 16 16 16 16 16 13 13 14 14 15 15 16
16 16 16 16 17 17 18 18 18 18 18 18 18 18 18 18 18 18 18 18 18 18 18 18 18 18 18 18 18 18 18 18 17 17 17 17 17 17 17 17 18 18 17 17 16 16 16 16 16 16 16 16 16 16 16 16 17 17 17 17 17 17 17 17 17 17 17 17 17 17 17 17 18 18 18 18 18 18 18 18 17 17 17 17 17 17 17 17 17 17 17 17 17 17 17 17 17 17 17 17 17 17 17 17 18 18 18 18 18 18 18 18 19 20 20 21 21 20 20 19 26 24 20 22 7 119 124 119 110 68 104 124 152 92 92 89 82 110 118 102 89 88 109 138 128 68 98 107 133 101 96 28 22 23 27 35 24 6 167 188 200 229 245 208 232 246 75 23 32 34 5 91 217 228 217 227 220 213 220 215 196 198 199 178 243 251 250 243 253 242 243 208 192 226 205 189 232 219 239 231 191 203 204 214 225 211 217 225 206 188 183 219 180 31 101 107 114 116 137 139 121 228 208 197 90 156 211 253 253 246 231 155 176 193 191 209 197 133 107 118 110 119 127 126 122 122 124 127 132 121 110 102 88 70 61 61 51 57 54 34 50 130 189 182 204 214 221 218 213 212 212 211 226 221 213 207 205 208 213 216 214 213 211 210 209 210 212 213 206 206 205 203 200 200 202 205 214 217 182 80 2 31 28 20 22 22 22 22 22 22 22 22 22 22 21 21 21 22 23 24 23 23 23 24 26 28 31 32 33 34 36 40 44 48 52 54 60 65 71 76 81 86 92 96 101 106 113 118 122 125 129 131 138 140 142 144 147 148 149 149 149 149 149 148 147 145 143 142 141 138 134 130 128 125 120 117 106 102 96 90 85 80 74 70 59 55 50 46 43 40 37 34 28 28 26 25 23 21 19 19 19 19 19 19 19 19 19 19 17 17 17 17 17 17 17 17 17 17 17 17 17 17 17 17 16 16 16 16 16 16 16 16 16 16 16 16 16 16 16 16 13 13 13 14 15 15 16
18 18 18 18 18 18 18 18 19 19 19 19 19 19 19 19 19 19 19 19 19 19 19 19 18 18 18 18 18 18 18 18 17 17 17 17 17 17 17 17 17 17 17 17 17 17 17 17 18 18 18 17 16 16 15 15 17 17 17 17 17 17 17 17 18 18 18 18 18 18 18 18 19 19 19 19 19 19 19 19 18 18 18 18 18 18 18 18 17 17 17 17 17 17 17 17 17 17 17 17 17 17 17 17 17 17 17 18 18 18 19 19 19 19 19 19 19 19 19 19 20 12 19 39 16 45 134 135 117 101 90 124 161 92 86 94 77 146 93 79 99 85 113 117 94 70 97 108 97 107 25 28 21 28 23 23 28 2 172 190 181 246 235 213 231 202 57 27 34 36 1 117 232 203 227 226 220 226 218 220 195 191 208 155 237 240 245 250 247 240 242 252 229 231 246 238 244 236 209 238 230 233 233 230 231 231 220 206 221 214 202 188 214 197 239 171 152 221 252 241 198 190 205 213 147 148 171 235 247 229 233 201 131 140 204 204 190 172 108 106 103 104 107 110 112 109 104 99 84 80 75 67 52 40 42 51 43 59 40 37 106 178 195 188 202 217 225 220 213 213 217 217 210 205 205 212 214 211 213 220 217 212 207 206 209 213 214 213 215 209 201 197 198 200 202 203 211 220 189 51 14 26 27 17 22 22 22 22 22 22 22 22 22 22 22 22 22 22 22 22 22 23 24 25 26 28 29 29 34 34 36 38 41 45 48 50 53 57 64 70 76 82 89 93 99 103 109 114 117 121 125 129 133 137 143 146 146 146 147 148 148 148 148 147 147 147 147 147 140 139 138 135 131 126 121 118 111 106 100 95 89 84 78 73 62 58 53 49 45 41 35 32 28 27 26 26 26 23 19 16 19 19 19 19 19 19 18 18 17 17 17 17 17 17 17 17 17 17 17 17 17 17 17 17 16 16 16 16 16 16 16 16 14 14 14 14 14 14 14 14 13 13 14 14 15 15 15
18 18 18 18 18 18 18 18 19 19 19 19 19 19 19 19 19 19 19 19 19 19 19 19 18 18 18 18 18 18 18 18 17 17 17 17 17 17 17 17 17 17 17 17 17 17 17 17 18 18 17 17 16 16 15 15 17 17 17 17 17 17 17 17 18 18 18 18 18 18 18 18 19 19 19 19 19 19 19 19 18 18 18 18 18 18 18 18 17 17 17 17 17 17 17 17 17 17 17 17 17 17 17 17 17 17 17 18 18 18 19 19 19 19 19 19 19 19 19 19 28 22 25 15 5 25 81 142 122 104 89 128 173 102 78 85 115 124 86 84 87 93 131 125 95 73 116 100 99 59 22 27 21 28 23 21 26 2 169 187 191 245 237 218 217 166 38 31 31 23 18 164 226 218 224 231 230 217 226 221 205 209 204 185 181 211 197 196 243 247 224 237 192 184 186 164 164 170 138 130 132 132 125 112 107 112 117 117 124 118 131 140 138 73 112 90 69 111 153 154 119 87 82 94 72 90 98 175 230 176 136 145 148 125 116 131 176 205 170 128 116 115 113 108 96 79 59 46 51 96 148 185 211 215 179 135 95 87 66 85 156 199 197 193 206 219 227 225 220 219 219 216 208 204 204 210 213 213 216 222 214 211 207 206 208 210 212 213 215 209 201 197 198 201 203 203 206 221 172 35 14 26 20 21 22 22 22 22 22 22 22 22 22 22 22 22 22 22 22 22 22 23 24 25 26 28 29 29 32 32 34 36 39 42 45 47 52 56 62 67 72 77 82 87 92 97 104 109 114 119 124 127 130 134 139 143 143 144 145 146 147 147 147 147 147 147 147 147 142 141 140 137 133 128 124 122 116 112 106 100 95 90 84 80 70 66 61 56 52 48 42 39 30 29 27 27 26 24 20 17 20 20 19 19 19 19 18 18 17 17 17 17 17 17 17 17 17 17 17 17 17 17 17 17 16 16 16 16 16 16 16 16 14 14 14 14 14 14 14 14 13 13 14 14 15 15 15
18 18 18 18 18 18 18 18 19 19 19 19 19 19 19 19 19 19 19 19 19 19 19 19 18 18 18 18 18 18 18 18 17 17 17 17 17 17 17 17 17 17 17 17 17 17 17 17 18 17 17 17 16 16 16 16 17 17 17 17 17 17 17 17 18 18 18 18 18 18 18 18 19 19 19 19 19 19 19 19 18 18 18 18 18 18 18 18 17 17 17 17 17 17 17 17 17 17 17 17 17 17 17 17 17 17 17 18 18 18 19 19 19 19 19 19 19 19 19 19 18 21 30 12 26 23 16 98 142 134 99 110 159 116 84 83 141 101 87 83 75 113 141 107 96 87 109 101 93 37 22 19 20 28 22 20 25 2 167 186 200 243 238 217 191 118 22 38 36 6 72 213 213 231 223 240 239 214 236 228 217 208 173 185 134 129 119 147 205 227 224 237 149 132 165 179 150 124 121 142 142 136 128 124 127 131 124 114 113 105 122 143 142 74 102 94 92 84 77 75 72 66 64 66 63 64 76 122 151 148 134 97 107 132 121 112 113 125 140 119 90 82 68 55 44 35 28 24 45 69 97 130 180 228 243 234 232 197 151 154 194 200 185 191 203 212 221 222 221 220 215 210 205 203 206 212 216 216 219 223 210 210 208 206 205 207 210 213 215 208 200 197 199 203 204 204 202 223 145 15 17 27 11 26 22 22 22 22 22 22 22 22 22 22 22 22 22 22 22 22 22 23 23 25 26 27 28 28 29 30 31 33 36 39 42 44 50 54 59 63 66 70 75 79 85 90 97 103 109 114 120 124 126 130 135 138 139 140 142 143 147 147 147 147 147 147 147 147 144 143 142 139 135 131 128 126 121 117 111 105 100 95 89 85 73 69 63 59 55 50 44 41 34 32 30 29 28 25 22 18 20 20 20 20 19 19 18 18 17 17 17 17 17 17 17 17 17 17 17 17 17 17 17 17 16 16 16 16 16 16 16 16 14 14 14 14 14 14 14 14 13 13 14 14 15 15 15
18 18 18 18 18 18 18 18 19 19 19 19 19 19 19 19 19 19 19 19 19 19 19 19 18 18 18 18 18 18 18 18 17 17 17 17 17 17 17 17 17 17 17 17 17 17 17 17 17 17 17 17 17 16 16 16 17 17 17 17 17 17 17 17 18 18 18 18 18 18 18 18 19 19 19 19 19 19 19 19 18 18 18 18 18 18 18 18 17 17 17 17 17 17 17 17 17 17 17 17 17 17 17 17 17 17 17 18 18 18 19 19 19 19 19 19 19 19 19 19 12 20 20 18 43 30 0 36 101 148 138 118 137 114 87 93 137 93 95 82 86 139 130 80 83 112 98 107 55 26 19 21 19 27 22 21 26 2 170 188 205 243 237 202 156 79 20 41 40 1 124 232 204 233 231 247 243 227 239 241 224 179 135 151 156 81 102 163 155 154 184 183 167 165 227 246 178 124 135 159 130 133 136 137 138 136 132 127 136 127 119 119 142 121 133 100 95 96 88 78 87 100 91 69 68 57 67 83 95 134 148 100 102 125 132 119 105 99 89 71 29 20 10 4 5 9 15 18 9 3 4 27 57 92 137 174 227 226 200 184 194 189 178 186 193 197 203 208 211 211 207 203 200 204 210 217 221 221 219 219 206 208 209 207 204 205 210 215 215 207 199 196 200 205 206 205 204 219 115 3 22 29 6 31 22 22 22 22 22 22 22 22 22 22 22 22 22 22 22 22 22 23 23 24 25 26 27 27 28 29 30 32 34 37 40 41 46 50 54 58 62 66 71 74 81 86 92 98 103 108 114 117 122 126 131 134 136 138 140 142 146 146 146 146 146 147 147 147 145 144 142 140 137 133 131 129 122 118 112 107 102 97 91 87 76 72 67 62 58 53 47 43 38 36 33 31 30 27 23 20 21 21 21 20 19 19 18 18 17 17 17 17 17 17 17 17 17 17 17 17 17 17 17 17 16 16 16 16 16 16 16 16 14 14 14 14 14 14 14 14 13 13 14 14 15 15 15
18 18 18 18 18 18 18 18 19 19 19 19 19 19 19 19 19 19 19 19 19 19 19 19 18 18 18 18 18 18 18 18 17 17 17 17 17 17 17 17 17 17 17 17 17 17 17 17 16 16 16 17 17 17 17 17 17 17 17 17 17 17 17 17 18 18 18 18 18 18 18 18 19 19 19 19 19 19 19 19 18 18 18 18 18 18 18 18 17 17 17 17 17 17 17 17 17 17 17 17 17 17 17 17 17 17 17 18 18 18 19 19 19 19 19 19 19 19 19 19 22 29 11 15 21 19 29 16 15 96 145 156 154 124 90 113 130 89 89 87 117 143 102 86 91 133 100 81 17 2 23 26 18 26 22 22 28 3 174 193 211 249 241 183 123 54 26 34 27 1 168 231 217 234 245 246 244 246 235 248 220 150 130 136 151 89 125 176 134 115 148 150 153 188 245 236 158 135 151 122 119 126 130 122 108 103 114 129 133 135 119 96 110 110 116 93 73 82 84 77 76 78 72 60 59 66 60 78 126 132 119 143 124 113 143 135 128 115 52 33 20 21 24 29 32 32 28 24 36 23 18 20 12 1 3 17 44 129 176 171 177 186 182 181 184 184 186 193 198 200 200 199 194 203 214 223 226 224 217 211 205 207 209 208 207 208 212 217 215 206 197 196 202 207 208 206 210 201 83 3 27 31 8 31 22 22 22 22 22 22 22 22 22 22 22 22 22 22 22 22 23 23 23 24 25 25 26 26 28 29 29 31 33 36 38 40 41 45 50 54 58 63 68 72 79 83 89 94 98 102 107 110 119 123 127 131 133 136 139 142 144 145 145 145 146 147 147 147 146 144 142 139 137 135 133 132 125 121 115 111 106 101 96 92 85 81 75 70 66 60 55 51 43 40 36 33 31 29 26 23 23 22 22 21 20 19 18 18 17 17 17 17 17 17 17 17 17 17 17 17 17 17 17 17 16 16 16 16 16 16 16 16 14 14 14 14 14 14 14 14 13 13 14 14 15 15 15
18 18 18 18 18 18 18 18 19 19 19 19 19 19 19 19 19 19 19 19 19 19 19 19 18 18 18 18 18 18 18 18 17 17 17 17 17 17 17 17 17 17 17 17 17 17 17 17 16 16 16 16 17 17 17 18 17 17 17 17 17 17 17 17 18 18 18 18 18 18 18 18 19 19 19 19 19 19 19 19 18 18 18 18 18 18 18 18 17 17 17 17 17 17 17 17 17 17 17 17 17 17 17 17 17 17 17 18 18 18 19 19 19 19 19 19 19 19 19 19 17 30 19 25 6 8 47 16 8 28 72 136 168 161 121 140 133 87 78 100 139 126 85 118 138 126 78 27 24 10 41 15 18 26 22 22 29 4 174 193 216 250 247 176 103 36 32 23 8 41 204 233 241 240 254 240 247 254 235 241 199 136 145 146 127 129 134 131 119 121 150 181 172 208 250 249 186 167 206 197 191 172 156 154 157 148 129 115 117 139 146 129 113 92 105 134 145 109 92 113 130 116 93 83 58 57 65 64 83 103 98 108 72 72 137 144 138 116 30 15 15 15 16 17 18 17 13 10 16 18 17 15 23 34 31 20 4 112 179 168 165 176 171 164 176 173 175 182 187 187 189 192 186 198 212 221 225 224 216 206 205 207 209 210 211 214 217 220 215 206 196 196 203 209 210 207 213 167 50 14 28 30 16 28 22 22 22 22 22 22 22 22 22 22 22 22 22 22 22 22 23 23 23 24 24 24 25 25 27 27 28 29 32 34 36 38 37 41 46 50 54 58 64 67 75 79 85 89 93 96 101 104 116 119 124 127 130 133 138 141 143 144 144 145 146 146 147 147 147 145 143 140 138 137 136 136 131 127 122 117 113 108 103 99 89 85 79 74 69 63 57 53 48 44 39 36 33 31 27 25 24 23 22 21 20 19 18 18 17 17 17 17 17 17 17 17 17 17 17 17 17 17 17 17 16 16 16 16 16 16 16 16 14 14 14 14 14 14 14 14 13 13 14 14 15 15 15
18 18 18 18 18 18 18 18 19 19 19 19 19 19 19 19 19 19 19 19 19 19 19 19 18 18 18 18 18 18 18 18 17 17 17 17 17 17 17 17 17 17 17 17 17 17 17 17 15 15 16 16 17 17 18 18 17 17 17 17 17 17 17 17 18 18 18 18 18 18 18 18 19 19 19 19 19 19 19 19 18 18 18 18 18 18 18 18 17 17 17 17 17 17 17 17 17 17 17 17 17 17 17 17 17 17 17 18 18 18 19 19 19 19 19 19 19 19 19 19 14 18 27 31 18 18 29 16 39 5 11 60 101 154 143 158 148 116 108 128 148 129 110 138 134 83 33 4 32 28 38 12 21 28 23 22 27 3 170 189 212 249 250 182 100 24 36 23 10 121 232 240 251 244 254 240 248 247 247 225 163 124 132 133 137 144 129 105 103 122 152 180 178 185 213 236 179 138 184 206 219 184 160 172 195 190 153 118 127 155 175 173 155 130 135 184 218 176 165 207 240 217 167 134 106 85 104 82 63 109 120 93 81 77 111 136 163 151 64 4 32 27 21 19 21 25 28 29 21 26 27 23 21 20 11 1 107 173 197 174 166 162 152 151 161 159 162 169 171 167 167 172 177 190 204 212 218 221 216 207 207 207 208 211 216 221 223 223 215 205 195 195 204 211 211 207 209 126 19 25 25 26 25 22 22 22 22 22 22 22 22 22 22 22 22 22 22 22 22 22 23 23 23 23 24 24 24 24 25 25 25 27 29 31 33 34 35 38 42 46 49 52 56 60 67 72 78 83 88 92 97 100 112 115 119 122 126 130 135 139 142 143 144 144 145 146 147 147 149 147 145 142 141 140 140 140 136 132 127 122 118 114 108 105 92 88 82 76 71 66 60 55 51 47 42 37 35 32 29 26 25 24 23 22 20 19 18 18 17 17 17 17 17 17 17 17 17 17 17 17 17 17 17 17 16 16 16 16 16 16 16 16 14 14 14 14 14 14 14 14 13 13 14 14 15 15 15
18 18 18 18 18 18 18 18 19 19 19 19 19 19 19 19 19 19 19 19 19 19 19 19 18 18 18 18 18 18 18 18 17 17 17 17 17 17 17 17 17 17 17 17 17 17 17 17 15 15 16 16 17 18 18 18 17 17 17 17 17 17 17 17 18 18 18 18 18 18 18 18 19 19 19 19 19 19 19 19 18 18 18 18 18 18 18 18 17 17 17 17 17 17 17 17 17 17 17 17 17 17 17 17 17 17 17 18 18 18 19 19 19 19 19 19 19 19 19 19 32 11 20 15 27 34 7 23 24 16 19 10 4 96 133 159 164 161 161 160 154 154 154 142 65 38 6 21 9 18 11 33 23 29 23 21 25 2 166 184 205 242 251 192 104 17 38 30 27 189 249 245 247 243 253 243 249 235 255 213 133 110 98 101 117 88 106 125 112 135 174 169 165 163 165 190 176 165 193 179 212 194 184 193 208 215 215 215 198 218 226 225 229 223 207 231 243 229 220 226 238 240 227 213 217 203 203 196 216 218 193 224 200 199 174 166 166 142 85 9 2 2 2 4 5 5 1 1 1 1 0 7 1 1 14 48 162 179 173 166 173 162 147 155 146 146 151 158 156 148 146 151 171 184 197 204 211 218 216 209 208 207 207 212 220 225 226 225 215 205 195 195 204 212 212 208 203 97 2 32 21 23 32 17 22 22 22 22 22 22 22 22 22 22 22 22 22 22 22 22 23 23 23 23 23 24 24 24 23 23 23 24 26 28 31 32 34 37 41 43 44 47 50 53 61 66 73 79 84 89 95 99 108 111 116 119 122 127 132 137 142 142 143 144 145 146 147 148 151 149 147 144 143 142 143 143 136 133 127 123 119 115 110 106 100 95 89 83 78 73 67 62 53 49 43 38 35 33 30 27 25 24 23 22 20 19 18 17 17 17 17 17 17 17 17 17 17 17 17 17 17 17 17 17 16 16 16 16 16 16 16 16 14 14 14 14 14 14 14 14 13 13 14 14 15 15 15
18 18 18 18 18 18 18 18 19 19 19 19 19 19 19 19 19 19 19 19 19 19 19 19 19 19 19 19 19 19 19 19 18 18 18 18 18 18 18 18 17 17 17 17 17 17 17 17 18 18 18 18 18 18 18 18 18 18 18 18 18 18 18 18 19 19 19 19 19 19 19 19 19 19 19 19 19 19 19 19 18 18 18 18 18 18 18 18 18 18 18 18 18 18 18 18 17 17 17 17 17 17 17 17 17 17 17 17 17 17 17 17 18 18 18 19 19 19 20 20 21 21 21 21 21 21 21 21 18 23 27 25 16 15 32 51 109 141 170 159 169 149 70 52 11 20 27 23 13 9 16 25 28 20 34 27 24 1 173 179 178 239 247 228 125 12 12 14 43 149 235 241 231 245 251 235 241 255 244 201 173 183 203 210 227 230 236 240 243 244 243 242 247 247 247 247 247 247 247 247 243 244 245 246 248 249 250 250 251 251 251 251 251 251 251 251 251 251 251 251 251 251 251 251 242 242 242 242 242 242 242 242 253 250 241 227 209 189 173 163 155 154 153 150 148 145 144 143 125 122 118 112 101 94 104 120 182 177 170 160 151 144 140 137 122 125 126 127 133 143 147 146 177 184 193 200 209 217 215 208 211 198 203 220 228 235 235 224 214 224 201 195 203 205 218 218 186 13 21 33 21 24 35 18 23 23 23 23 23 23 23 23 22 22 22 22 22 22 22 22 22 22 22 22 22 22 22 22 23 23 24 25 26 27 28 28 34 36 38 40 40 42 46 50 59 63 70 75 79 84 89 92 101 102 108 116 121 123 128 136 140 141 142 144 145 147 148 149 148 147 146 145 144 143 143 142 138 134 129 124 122 118 115 112 104 100 94 89 83 77 70 65 57 53 48 44 42 39 36 33 30 28 26 23 21 20 19 19 19 19 18 18 17 17 17 17 18 18 17 17 16 16 16 16 16 16 16 16 16 16 16 16 13 13 13 13 13 13 13 13 14 14 14 14 14 14 14
18 18 18 18 18 18 18 18 19 19 19 19 19 19 19 19 19 19 19 19 19 19 19 19 19 19 19 19 19 19 19 19 18 18 18 18 18 18 18 18 17 17 17 17 17 17 17 17 18 18 18 18 18 18 18 18 18 18 18 18 18 18 18 18 19 19 19 19 19 19 19 19 19 19 19 19 19 19 19 19 18 18 18 18 18 18 18 18 18 18 18 18 18 18 18 18 17 17 17 17 17 17 17 17 17 17 17 17 17 17 17 17 18 18 18 19 19 19 20 20 21 21 21 21 21 21 21 21 26 24 24 21 14 8 12 20 6 8 3 6 1 5 1 5 20 16 15 19 25 28 25 20 12 3 12 7 13 10 161 184 170 229 240 224 135 43 57 69 66 140 210 232 231 236 235 226 238 250 247 225 216 230 246 251 244 246 249 252 253 253 253 252 253 253 253 253 253 253 253 253 253 253 253 253 253 253 253 253 251 251 251 251 251 251 251 251 250 250 250 250 250 250 250 250 249 249 249 249 249 249 249 249 247 249 253 255 255 255 255 254 255 255 255 255 254 254 254 254 255 255 255 255 252 246 252 255 254 254 254 252 250 247 246 245 234 226 211 193 179 166 147 131 164 171 182 196 209 216 210 200 200 191 200 219 227 233 235 226 215 226 209 209 215 214 226 226 135 4 17 28 20 23 31 23 23 23 23 23 23 23 23 23 22 22 22 22 22 22 22 22 22 22 22 22 22 22 22 22 23 23 24 25 26 27 28 28 32 34 36 38 39 41 45 49 55 59 65 71 75 79 84 88 97 98 104 112 117 119 125 132 136 137 138 141 143 145 147 148 147 147 146 145 144 143 143 142 139 135 130 127 124 121 117 114 107 104 98 93 87 81 74 69 62 58 53 49 46 42 38 36 31 29 27 25 23 21 21 20 19 19 18 18 18 17 17 17 18 18 17 17 16 16 16 16 16 16 16 16 16 16 16 16 13 13 13 13 13 13 13 13 14 14 14 14 14 14 14
18 18 18 18 18 18 18 18 19 19 19 19 19 19 19 19 19 19 19 19 19 19 19 19 19 19 19 19 19 19 19 19 18 18 18 18 18 18 18 18 17 17 17 17 17 17 17 17 18 18 18 18 18 18 18 18 18 18 18 18 18 18 18 18 19 19 19 19 19 19 19 19 19 19 19 19 19 19 19 19 18 18 18 18 18 18 18 18 18 18 18 18 18 18 18 18 17 17 17 17 17 17 17 17 17 17 17 17 17 17 17 17 18 18 18 19 19 19 20 20 21 21 21 21 21 21 21 21 24 20 18 23 24 20 16 16 16 19 8 29 14 34 35 25 34 20 4 0 0 7 12 13 63 68 87 95 106 108 184 208 202 232 234 249 225 187 206 208 221 237 255 255 255 248 246 248 248 252 252 248 249 255 255 255 254 254 255 255 255 255 254 254 253 253 253 253 253 253 253 253 255 255 255 254 253 252 251 250 252 252 252 252 252 252 252 252 250 250 250 250 250 250 250 250 251 251 251 251 251 251 251 251 251 252 253 253 253 252 251 251 249 249 249 249 250 250 250 250 250 250 252 255 253 249 250 255 247 248 249 251 252 252 251 251 253 252 252 248 248 244 228 211 162 164 175 194 210 213 201 189 182 178 193 215 224 230 234 227 216 224 212 215 217 215 230 227 78 3 20 26 23 23 24 26 24 24 24 24 24 24 24 24 23 23 23 23 23 23 23 23 23 23 23 23 23 23 23 23 23 23 24 25 26 26 27 27 28 30 33 35 36 39 43 47 50 54 60 64 68 73 78 82 91 92 98 107 112 114 120 128 130 131 134 137 140 143 145 146 147 147 146 145 144 144 143 143 141 138 134 130 128 125 121 118 112 108 103 98 92 86 79 74 70 65 59 54 50 46 41 38 32 30 28 26 24 23 22 22 19 19 19 18 18 18 17 17 18 18 17 17 16 16 16 16 16 16 16 16 16 16 16 16 14 14 14 14 14 14 14 14 14 14 14 14 14 14 14
18 18 18 18 18 18 18 18 19 19 19 19 19 19 19 19 19 19 19 19 19 19 19 19 19 19 19 19 19 19 19 19 18 18 18 18 18 18 18 18 18 18 18 18 18 18 18 18 18 18 18 18 18 18 18 18 18 18 18 18 18 18 18 18 19 19 19 19 19 19 19 19 19 19 19 19 19 19 19 19 18 18 18 18 18 18 18 18 18 18 18 18 18 18 18 18 17 17 17 17 17 17 17 17 17 17 17 17 17 17 17 17 18 18 18 19 19 19 20 20 21 21 21 21 21 21 21 21 21 17 18 25 31 30 28 27 36 38 16 9 3 41 16 14 0 20 72 115 143 163 181 193 198 210 233 242 247 244 246 255 251 255 244 255 255 255 255 255 255 255 253 253 253 251 255 255 255 255 255 255 255 252 249 249 255 254 253 251 251 252 253 254 252 252 252 252 252 252 252 252 255 255 254 253 252 251 250 249 252 252 252 252 252 252 252 252 251 251 251 251 251 251 251 251 252 252 252 252 252 252 252 252 249 248 248 248 248 249 250 250 253 253 253 252 251 250 250 250 245 244 245 248 250 249 248 248 252 253 254 254 255 255 254 254 248 250 251 253 253 253 251 241 177 168 170 186 200 197 183 172 164 164 185 210 220 227 231 226 214 216 205 207 204 207 228 222 46 14 27 27 27 27 17 25 24 24 24 24 24 24 24 24 23 23 23 23 23 23 23 23 23 23 23 23 23 23 23 23 23 24 24 24 25 26 26 26 25 27 30 32 33 36 40 44 46 50 55 59 62 67 73 77 86 87 93 102 107 110 116 123 125 127 130 134 138 141 144 146 146 146 146 145 145 144 144 143 143 140 137 135 133 130 126 122 116 113 107 102 97 91 84 80 75 70 63 57 52 48 43 39 32 31 29 26 24 23 23 22 20 20 19 19 18 18 18 18 18 18 17 17 16 16 16 16 16 16 16 16 16 16 16 16 14 14 14 14 14 14 14 14 14 14 14 14 14 14 14
18 18 18 18 18 18 18 18 19 19 19 19 19 19 19 19 19 19 19 19 19 19 19 19 19 19 19 19 19 19 19 19 18 18 18 18 18 18 18 18 18 18 18 18 18 18 18 18 18 18 18 18 18 18 18 18 18 18 18 18 18 18 18 18 19 19 19 19 19 19 19 19 19 19 19 19 19 19 19 19 18 18 18 18 18 18 18 18 18 18 18 18 18 18 18 18 17 17 17 17 17 17 17 17 17 17 17 17 17 17 17 17 18 18 18 19 19 19 20 20 21 21 21 21 21 21 21 21 24 21 21 24 24 21 21 25 4 18 36 31 35 37 0 25 143 179 223 248 251 248 252 255 250 254 255 253 254 255 236 255 250 255 255 255 247 236 247 251 238 243 246 248 251 254 251 245 255 252 254 255 255 250 250 255 255 254 252 251 252 254 255 255 254 254 254 254 254 254 254 254 254 254 254 254 254 254 254 254 252 252 252 252 252 252 252 252 253 253 253 253 253 253 253 253 255 255 255 255 255 255 255 255 255 254 254 254 254 255 255 255 251 251 250 250 249 249 248 248 249 247 245 244 246 248 248 246 243 244 246 247 247 246 244 243 252 254 254 251 246 243 240 235 205 181 166 173 179 170 158 153 155 157 179 206 216 223 226 221 204 206 197 196 191 205 230 211 32 28 27 26 29 31 16 23 25 25 25 25 25 25 25 25 24 24 24 24 24 24 24 24 24 24 24 24 24 24 24 24 24 24 24 24 24 25 25 25 23 25 28 29 31 33 37 41 44 47 51 54 58 63 69 73 81 82 89 98 103 106 112 120 122 124 127 132 136 140 144 145 146 145 145 145 145 144 144 144 144 142 140 139 137 134 130 126 120 116 111 106 102 96 89 85 78 73 66 60 54 49 44 40 34 33 30 27 25 23 22 21 20 20 20 19 19 19 18 18 18 18 17 17 16 16 16 16 16 16 16 16 16 16 16 16 15 15 15 15 15 15 15 15 14 14 14 14 14 14 14
18 18 18 18 18 18 18 18 19 19 19 19 19 19 19 19 19 19 19 19 19 19 19 19 19 19 19 19 19 19 19 19 18 18 18 18 18 18 18 18 18 18 18 18 18 18 18 18 18 18 18 18 18 18 18 18 18 18 18 18 18 18 18 18 19 19 19 19 19 19 19 19 19 19 19 19 19 19 19 19 18 18 18 18 18 18 18 18 18 18 18 18 18 18 18 18 17 17 17 17 17 17 17 17 17 17 17 17 17 17 17 17 18 18 18 19 19 19 20 20 21 21 21 21 21 21 21 21 23 21 22 23 20 17 21 28 32 13 22 9 9 4 46 174 255 254 250 244 239 239 244 250 255 255 255 252 254 255 246 255 249 250 251 252 252 252 255 255 255 255 255 255 253 255 255 245 250 250 252 254 251 248 250 255 250 250 249 249 250 252 254 255 250 250 250 250 250 250 250 250 248 249 249 250 250 251 252 252 250 250 250 250 250 250 250 250 253 253 253 253 253 253 253 253 251 251 251 251 251 251 251 251 255 255 252 249 247 245 244 244 248 248 249 250 251 252 253 253 251 251 247 242 242 246 247 244 244 245 246 246 247 247 246 246 241 248 251 247 245 247 251 251 235 198 168 163 162 150 144 149 156 154 174 199 207 212 212 203 185 196 197 196 191 211 225 180 21 31 20 24 25 33 19 25 25 25 25 25 25 25 25 25 24 24 24 24 24 24 24 24 24 24 24 24 24 24 24 24 24 24 24 24 24 24 24 24 23 25 27 28 29 31 35 38 42 44 47 50 53 59 65 70 76 77 84 93 99 101 108 116 119 121 125 129 134 138 141 143 145 145 145 145 145 145 145 145 145 143 142 141 141 138 133 129 124 120 116 111 107 101 94 90 83 78 71 64 59 53 48 44 38 36 33 29 26 23 22 21 21 20 20 20 19 19 19 19 18 18 17 17 16 16 16 16 16 16 16 16 16 16 16 16 15 15 15 15 15 15 15 15 14 14 14 14 14 14 14
18 18 18 18 18 18 18 18 19 19 19 19 19 19 19 19 19 19 19 19 19 19 19 19 19 19 19 19 19 19 19 19 18 18 18 18 18 18 18 18 19 19 19 19 19 19 19 19 18 18 18 18 18 18 18 18 18 18 18 18 18 18 18 18 19 19 19 19 19 19 19 19 19 19 19 19 19 19 19 19 18 18 18 18 18 18 18 18 18 18 18 18 18 18 18 18 17 17 17 17 17 17 17 17 17 17 17 17 17 17 17 17 18 18 18 19 19 19 20 20 21 21 21 21 21 21 21 21 21 19 20 24 24 23 26 31 20 6 23 31 21 10 150 241 242 243 246 251 255 255 249 243 242 245 248 247 252 245 250 243 255 252 246 244 252 255 247 238 243 244 241 236 236 243 250 253 248 250 249 246 245 246 247 246 246 246 246 246 246 248 249 249 246 246 246 246 246 246 246 246 245 245 245 246 246 247 247 247 249 249 249 249 249 249 249 249 250 250 250 250 250 250 250 250 246 246 246 246 246 246 246 246 242 244 246 249 251 254 255 255 242 242 243 244 244 245 245 246 248 251 250 243 241 246 247 244 244 244 244 244 244 245 246 246 233 238 239 235 233 236 236 234 247 202 163 152 146 134 136 150 157 151 164 185 191 192 187 174 160 185 202 204 194 209 200 121 15 30 16 29 20 30 22 28 26 26 26 26 26 26 26 26 24 24 24 24 24 24 24 24 24 24 24 24 24 24 24 24 24 24 24 24 23 23 23 23 24 26 28 28 28 29 33 35 39 41 44 46 49 54 61 66 70 71 78 88 93 97 103 111 116 118 121 126 130 134 138 139 144 145 145 145 145 145 145 145 145 144 143 143 143 140 135 131 129 125 121 116 112 106 100 96 90 85 78 71 66 61 55 51 44 42 38 33 29 26 24 22 21 21 20 20 20 19 19 19 18 18 17 17 16 16 16 16 16 16 16 16 16 16 16 16 15 15 15 15 15 15 15 15 14 14 14 14 14 14 14
18 18 18 18 18 18 18 18 19 19 19 19 19 19 19 19 19 19 19 19 19 19 19 19 19 19 19 19 19 19 19 19 18 18 18 18 18 18 18 18 19 19 19 19 19 19 19 19 18 18 18 18 18 18 18 18 18 18 18 18 18 18 18 18 19 19 19 19 19 19 19 19 19 19 19 19 19 19 19 19 18 18 18 18 18 18 18 18 18 18 18 18 18 18 18 18 17 17 17 17 17 17 17 17 17 17 17 17 17 17 17 17 18 18 18 19 19 19 20 20 21 21 21 21 21 21 21 21 24 20 19 23 24 20 18 19 28 21 21 29 13 25 239 251 241 243 244 244 242 243 246 250 254 253 251 245 249 236 255 246 244 245 253 244 241 248 247 255 249 245 248 254 252 243 239 242 244 247 246 243 247 255 254 247 248 248 248 248 248 248 248 248 249 249 249 249 249 249 249 249 250 250 249 249 249 249 249 249 248 248 248 248 248 248 248 248 248 248 248 248 248 248 248 248 249 249 249 249 249 249 249 249 249 250 250 249 248 246 244 243 252 251 250 249 248 247 246 246 242 249 251 244 242 245 246 242 248 246 245 243 243 244 245 246 243 245 244 242 243 245 241 233 239 191 149 137 130 118 125 145 156 146 154 171 175 173 165 148 141 178 207 210 195 201 171 67 14 31 18 35 18 26 24 29 26 26 26 26 26 26 26 26 25 25 25 25 25 25 25 25 25 25 25 25 25 25 25 25 24 24 24 23 23 23 23 23 25 27 28 28 27 28 31 34 37 39 41 43 46 51 58 63 66 68 74 84 90 93 100 108 114 116 119 123 127 131 135 136 144 144 145 145 145 145 145 146 144 144 143 144 143 141 136 132 132 129 124 120 116 110 104 99 95 90 83 77 72 67 61 58 48 46 42 37 32 28 25 24 21 21 21 20 20 20 19 19 18 18 17 17 16 16 16 16 16 16 16 16 16 16 16 16 16 16 16 16 16 16 16 16 14 14 14 14 14 14 14
17 17 17 17 17 17 17 17 18 18 18 19 19 19 20 20 20 20 20 20 20 20 20 20 20 20 20 20 20 20 20 20 18 18 18 18 18 18 18 18 19 19 19 19 19 19 19 19 19 19 19 19 19 19 19 19 19 19 19 19 19 19 19 19 19 19 19 19 19 19 19 19 19 19 19 19 19 19 19 19 19 19 19 19 19 19 19 19 19 19 18 18 18 17 17 17 17 17 17 17 17 17 17 17 18 18 18 18 18 18 18 18 18 18 18 19 19 19 20 20 19 19 19 20 20 20 21 21 8 35 11 15 32 26 34 24 27 23 28 26 0 177 230 251 241 241 242 244 245 247 248 248 248 248 248 248 248 248 248 248 246 246 246 246 246 246 246 246 247 247 247 247 247 247 247 247 246 246 247 247 247 247 247 248 250 250 250 250 249 249 249 249 251 251 251 251 251 251 251 251 250 250 250 250 250 250 250 250 251 251 251 251 251 251 251 251 251 251 251 251 251 251 251 251 250 250 250 250 250 250 250 250 251 251 251 251 251 251 251 251 248 248 248 248 248 248 248 248 251 250 250 250 249 249 249 248 250 251 251 252 252 253 254 254 251 251 251 251 251 251 251 251 242 232 214 193 173 158 148 143 147 145 150 172 180 155 135 144 147 186 192 177 166 207 84 14 27 26 25 25 25 25 26 27 26 26 26 26 26 26 26 26 26 26 26 26 26 26 26 26 26 26 26 26 26 26 26 26 23 23 23 22 22 22 21 21 22 23 24 25 26 28 29 29 35 37 40 41 43 46 50 53 62 65 69 74 79 86 94 99 104 108 114 119 123 127 131 134 136 137 139 142 144 145 146 146 144 144 144 143 142 140 138 137 131 129 126 123 120 114 108 103 97 93 87 82 76 70 63 58 54 51 46 42 39 35 30 27 26 25 24 22 20 20 19 19 20 19 19 18 17 16 16 16 15 15 15 15 15 15 15 15 17 16 16 16 15 15 15 14 13 13 13 13 13 13 13
17 17 17 17 17 17 17 17 18 18 18 19 19 19 20 20 20 20 20 20 20 20 20 20 20 20 20 20 20 20 20 20 18 18 18 18 18 18 18 18 19 19 19 19 19 19 19 19 19 19 19 19 19 19 19 19 19 19 19 19 19 19 19 19 19 19 19 19 19 19 19 19 19 19 19 19 19 19 19 19 19 19 19 19 19 19 19 19 19 19 18 18 18 17 17 17 17 17 17 17 17 17 17 17 18 18 18 18 18 18 18 18 18 18 18 19 19 19 20 20 19 19 20 20 20 21 21 21 33 24 22 28 25 22 25 21 20 21 18 5 13 200 246 244 241 242 243 244 245 247 248 248 250 250 250 250 250 250 250 250 249 249 249 249 249 249 249 249 254 254 254 254 254 254 254 254 251 251 251 251 251 251 251 251 251 251 251 251 251 251 250 250 251 251 251 251 251 251 251 251 251 251 251 251 251 251 251 251 251 251 251 251 251 251 251 251 251 251 251 251 251 251 251 252 251 251 251 251 251 251 251 251 252 252 252 252 252 252 252 252 250 250 250 250 250 250 250 250 252 252 251 251 251 250 250 250 251 251 251 252 253 253 253 254 253 253 253 253 253 253 253 253 255 255 255 252 249 248 248 249 211 203 177 154 149 147 143 143 153 160 158 176 188 123 42 18 27 26 25 25 25 25 26 27 26 26 26 26 26 26 26 26 26 26 26 26 26 26 26 26 26 26 26 26 26 26 26 26 23 23 23 23 22 22 21 21 22 23 24 25 26 28 29 29 33 36 38 40 41 44 48 51 59 62 67 71 76 83 91 96 100 104 110 115 119 123 128 131 135 136 139 141 144 145 146 146 144 144 144 144 143 141 139 138 134 132 129 126 123 118 112 107 101 97 92 87 81 75 67 62 57 54 49 45 42 38 33 29 27 26 24 22 20 20 19 19 20 20 19 18 17 17 16 16 16 16 16 16 16 16 16 16 17 16 16 16 15 15 15 14 13 13 13 13 13 13 13
17 17 17 17 17 17 17 17 18 18 18 19 19 19 20 20 20 20 20 20 20 20 20 20 20 20 20 20 20 20 20 20 18 18 18 18 18 18 18 18 19 19 19 19 19 19 19 19 19 19 19 19 19 19 19 19 19 19 19 19 19 19 19 19 19 19 19 19 19 19 19 19 19 19 19 19 19 19 19 19 19 19 19 19 19 19 19 19 19 19 18 18 18 17 17 17 17 17 17 17 17 17 17 17 18 18 18 18 18 18 18 18 18 18 18 19 19 19 20 20 19 20 20 20 21 21 21 21 15 13 37 29 0 0 0 1 19 34 54 57 96 225 245 236 245 246 247 248 249 250 251 252 253 253 253 253 253 253 253 253 254 254 254 254 254 254 254 254 255 255 255 255 255 255 255 255 255 255 255 255 254 254 253 253 251 251 252 252 252 252 252 252 252 252 252 252 252 252 252 252 251 251 251 251 251 251 251 251 252 252 252 252 252 252 252 252 252 252 252 252 252 252 252 253 252 252 252 252 252 252 252 252 253 253 253 253 253 253 253 253 251 251 251 251 251 251 251 251 253 252 252 252 251 251 251 251 250 250 251 251 251 252 252 252 253 253 253 253 253 253 253 253 244 244 245 248 251 254 255 254 253 249 205 142 120 141 151 139 164 157 146 175 172 41 14 24 27 26 26 25 25 26 26 27 26 26 26 26 26 26 26 26 26 26 26 26 26 26 26 26 26 26 26 26 26 26 26 26 24 24 23 23 22 22 22 22 22 23 23 25 26 27 28 28 31 33 36 37 38 41 45 48 55 58 62 67 71 78 85 91 94 99 105 110 114 118 123 126 133 135 137 140 143 145 146 146 145 145 145 145 144 143 142 141 138 136 133 131 128 123 117 113 107 104 98 93 88 81 74 70 62 58 53 49 45 41 36 32 28 27 25 23 21 20 20 20 20 20 19 19 18 17 16 16 16 16 16 16 16 16 16 16 17 16 16 16 15 15 15 14 14 14 14 14 14 14 14
17 17 17 17 17 17 17 17 18 18 18 19 19 19 20 20 20 20 20 20 20 20 20 20 20 20 20 20 20 20 20 20 19 19 19 19 19 19 19 19 19 19 19 19 19 19 19 19 19 19 19 19 19 19 19 19 19 19 19 19 19 19 19 19 19 19 19 19 19 19 19 19 19 19 19 19 19 19 19 19 19 19 19 19 19 19 19 19 19 19 18 18 18 17 17 17 17 17 17 17 17 17 17 17 18 18 18 18 18 18 18 18 18 18 18 19 19 19 20 20 20 20 20 21 21 21 22 22 26 29 10 4 18 66 132 155 172 183 212 217 234 255 247 255 252 252 253 254 255 255 255 255 255 255 255 255 255 255 255 255 255 255 255 255 255 255 255 255 253 253 253 253 253 253 253 253 255 255 255 255 254 253 252 252 250 250 250 250 251 251 251 251 251 251 251 251 251 251 251 251 251 251 251 251 251 251 251 251 251 251 251 251 251 251 251 251 251 251 251 251 251 251 251 252 251 251 251 251 251 251 251 251 252 252 252 252 252 252 252 252 250 250 250 250 250 250 250 250 252 251 251 251 250 250 250 249 248 248 248 249 249 249 249 249 249 249 249 249 249 249 249 249 255 254 254 254 254 253 252 251 252 253 225 162 128 146 159 145 150 164 161 173 91 14 19 31 27 27 26 26 26 26 27 27 26 26 26 26 26 26 26 26 26 26 26 26 26 26 26 26 26 26 26 26 26 26 26 26 24 24 24 23 23 23 22 22 22 23 23 24 25 26 27 27 29 31 33 34 35 37 41 45 50 53 57 61 66 72 79 84 89 93 100 105 110 114 119 122 130 132 135 138 141 143 145 145 144 145 146 146 146 145 144 143 140 138 136 134 132 127 122 117 113 109 104 99 94 88 81 76 67 63 57 53 48 44 38 34 30 29 27 24 22 21 21 20 21 20 20 19 18 17 17 17 16 16 16 16 16 16 16 16 17 16 16 16 15 15 15 14 14 14 14 14 14 14 14
17 17 17 17 17 17 17 17 18 18 18 19 19 19 20 20 20 20 20 20 20 20 20 20 20 20 20 20 20 20 20 20 19 19 19 19 19 19 19 19 19 19 19 19 19 19 19 19 19 19 19 19 19 19 19 19 19 19 19 19 19 19 19 19 19 19 19 19 19 19 19 19 19 19 19 19 19 19 19 19 19 19 19 19 19 19 19 19 19 19 18 18 18 17 17 17 17 17 17 17 17 17 17 17 18 18 18 18 18 18 18 18 18 18 18 19 19 19 20 20 20 20 21 21 22 22 22 22 17 28 5 87 188 218 248 243 255 255 255 255 255 243 236 255 253 254 254 255 255 255 255 255 255 255 255 255 255 255 255 255 254 254 254 254 254 254 254 254 253 253 253 253 253 253 253 253 253 252 252 251 250 249 248 247 247 247 248 248 249 249 250 250 250 250 250 250 250 250 250 250 248 248 248 248 248 248 248 248 250 250 250 250 250 250 250 250 250 250 250 250 250 250 250 250 248 248 248 248 248 248 248 248 250 250 250 250 250 250 250 250 249 249 249 249 249 249 249 249 250 249 249 249 248 248 248 247 246 246 246 246 245 245 245 245 245 245 245 245 245 245 245 245 244 244 244 244 243 241 239 238 238 243 240 203 157 152 164 158 139 163 183 196 23 24 27 31 28 27 27 26 26 27 27 28 26 26 26 26 26 26 26 26 26 26 26 26 26 26 26 26 26 26 26 26 26 26 26 26 25 25 24 24 23 23 23 23 23 23 23 24 25 25 26 26 27 29 31 32 33 35 38 41 45 48 52 56 60 66 73 78 84 89 95 101 106 110 115 119 126 128 131 135 138 141 143 144 144 144 145 146 146 146 145 145 141 139 137 135 134 130 125 120 117 113 108 103 99 93 86 82 72 68 62 57 52 47 41 37 33 32 29 27 25 23 22 22 21 21 20 20 19 18 17 17 17 17 17 17 17 17 17 17 17 16 16 16 15 15 15 14 15 15 15 15 15 15 15
17 17 17 17 17 17 17 17 18 18 18 19 19 19 20 20 20 20 20 20 20 20 20 20 20 20 20 20 20 20 20 20 20 20 20 20 20 20 20 20 19 19 19 19 19 19 19 19 19 19 19 19 19 19 19 19 19 19 19 19 19 19 19 19 19 19 19 19 19 19 19 19 19 19 19 19 19 19 19 19 19 19 19 19 19 19 19 19 19 19 18 18 18 17 17 17 17 17 17 17 17 17 17 17 18 18 18 18 18 18 18 18 18 18 18 19 19 19 20 20 21 21 21 22 22 22 23 23 32 27 38 158 250 238 246 255 247 255 254 243 255 255 255 255 250 250 251 251 251 252 252 252 253 253 253 253 253 253 253 253 251 251 251 251 251 251 251 251 248 248 248 248 248 248 248 248 248 248 247 247 246 245 245 245 245 246 246 247 248 249 249 249 249 249 249 249 249 249 249 249 247 247 247 247 247 247 247 247 249 249 249 249 249 249 249 249 249 249 249 249 249 249 249 249 247 247 247 247 247 247 247 247 249 249 249 249 249 249 249 249 248 248 248 248 248 248 248 248 248 248 248 248 247 247 247 246 245 245 245 245 244 244 244 243 243 243 243 243 243 243 243 243 248 248 248 249 248 247 247 246 239 234 245 228 173 148 159 162 171 170 198 236 44 33 22 27 28 28 27 26 26 27 28 28 26 26 26 26 26 26 26 26 26 26 26 26 26 26 26 26 26 26 26 26 26 26 26 26 25 25 25 24 24 23 23 23 23 23 23 24 24 24 25 25 26 28 30 31 31 33 36 39 42 44 48 52 56 62 69 74 79 83 90 96 101 106 111 114 121 123 127 131 135 138 141 142 142 143 144 146 146 146 146 146 141 139 138 137 136 132 127 123 121 117 112 108 103 98 91 87 78 74 68 62 57 51 45 41 37 35 33 30 27 26 25 24 22 21 21 20 19 18 18 17 17 17 17 17 17 17 17 17 17 16 16 16 15 15 15 14 15 15 15 15 15 15 15
17 17 17 17 17 17 17 17 18 18 18 19 19 19 20 20 20 20 20 20 20 20 20 20 20 20 20 20 20 20 20 20 20 20 20 20 20 20 20 20 19 19 19 19 19 19 19 19 19 19 19 19 19 19 19 19 19 19 19 19 19 19 19 19 19 19 19 19 19 19 19 19 19 19 19 19 19 19 19 19 19 19 19 19 19 19 19 19 19 19 18 18 18 17 17 17 17 17 17 17 17 17 17 17 18 18 18 18 18 18 18 18 18 18 18 19 19 19 20 20 21 21 22 22 22 23 23 23 0 4 135 246 254 246 230 249 242 251 244 248 247 253 247 233 248 248 248 249 249 249 249 249 250 250 250 250 250 250 250 250 249 249 249 249 249 249 249 249 245 245 245 245 245 245 245 245 246 246 246 246 246 246 245 245 246 246 247 248 249 250 250 251 249 249 249 249 249 249 249 249 248 248 248 248 248 248 248 248 249 249 249 249 249 249 249 249 249 249 249 249 249 249 249 249 248 248 248 248 248 248 248 248 249 249 249 249 249 249 249 249 249 249 249 249 249 249 249 249 249 249 249 248 248 248 247 247 247 247 246 246 245 245 244 244 245 245 245 245 245 245 245 245 243 243 242 241 239 239 238 238 248 232 245 236 180 150 160 161 183 152 165 220 111 18 23 24 29 28 27 27 27 27 28 29 26 26 26 26 26 26 26 26 26 26 26 26 26 26 26 26 26 26 26 26 26 26 26 26 25 25 25 25 24 24 24 23 23 23 23 23 24 24 24 24 26 28 30 30 30 32 35 38 40 42 46 49 53 59 66 71 73 78 85 91 96 101 106 110 117 119 123 128 132 136 138 139 140 141 143 145 146 146 146 146 142 141 140 139 138 135 131 127 125 121 117 112 108 102 96 92 85 81 74 68 63 56 50 46 40 38 36 33 30 28 27 27 22 22 21 20 19 19 18 18 18 18 18 18 18 18 18 18 17 16 16 16 15 15 15 14 15 15 15 15 15 15 15
17 17 17 17 17 17 17 17 18 18 18 19 19 19 20 20 20 20 20 20 20 20 20 20 20 20 20 20 20 20 20 20 20 20 20 20 20 20 20 20 19 19 19 19 19 19 19 19 19 19 19 19 19 19 19 19 19 19 19 19 19 19 19 19 19 19 19 19 19 19 19 19 19 19 19 19 19 19 19 19 19 19 19 19 19 19 19 19 19 19 18 18 18 17 17 17 17 17 17 17 17 17 17 17 18 18 18 18 18 18 18 18 18 18 18 19 19 19 20 20 21 21 22 22 23 23 23 23 33 22 202 253 216 254 245 252 249 244 238 254 246 241 246 254 249 249 249 249 249 249 250 250 248 248 248 248 248 248 248 248 248 248 248 248 248 248 248 248 249 249 249 249 249 249 249 249 246 246 246 247 247 247 247 247 247 247 248 249 250 251 252 252 251 251 251 251 251 251 251 251 249 249 249 249 249 249 249 249 251 251 251 251 251 251 251 251 251 251 251 251 251 251 251 251 249 249 249 249 249 249 249 249 251 251 251 251 251 251 251 251 251 251 251 251 251 251 251 251 251 250 250 250 249 249 249 248 249 248 248 248 247 246 246 246 248 248 248 248 248 248 248 248 248 248 247 247 247 248 249 250 254 237 249 243 190 164 172 165 146 104 99 157 149 1 33 26 29 28 28 27 27 28 28 29 26 26 26 26 26 26 26 26 26 26 26 26 26 26 26 26 26 26 26 26 26 26 26 26 26 25 25 25 24 24 24 24 23 23 23 23 23 24 24 24 26 28 30 30 30 32 35 38 39 41 45 48 52 57 64 69 69 74 81 87 92 97 103 106 115 117 121 126 131 134 137 138 139 140 142 144 145 146 146 146 144 143 141 141 140 138 133 129 127 124 119 115 111 106 99 95 90 85 79 72 67 60 54 49 42 40 38 35 32 30 29 28 22 22 21 21 20 19 18 18 18 18 18 18 18 18 18 18 17 16 16 16 15 15 15 14 16 16 16 16 16 16 16
17 17 17 17 17 17 17 17 17 17 17 18 18 18 19 19 20 20 20 20 20 20 20 20 20 20 20 20 20 20 20 20 20 20 20 20 20 20 20 20 19 19 19 19 19 19 19 19 19 19 19 19 19 19 19 19 20 20 20 20 20 20 20 20 20 20 20 20 20 20 20 20 20 20 20 20 20 20 20 20 19 19 19 19 19 19 19 19 19 19 19 19 19 19 19 19 18 18 18 18 18 18 18 18 18 19 20 19 16 15 16 17 21 17 21 9 19 30 14 21 20 19 22 19 17 30 38 28 19 48 250 238 241 239 255 246 246 247 247 248 248 249 249 250 249 249 249 249 249 249 249 249 251 251 251 251 251 251 251 251 251 251 251 251 251 251 251 251 252 252 252 252 252 252 252 252 254 254 254 253 253 252 252 252 252 252 252 252 252 252 252 252 251 251 251 251 251 251 251 251 251 252 251 252 251 252 251 251 251 251 251 251 251 251 251 251 251 251 251 251 251 251 251 251 251 251 251 251 251 251 251 251 251 251 251 251 251 251 251 251 252 252 252 252 252 252 252 252 251 251 251 251 251 251 251 251 251 252 251 252 251 252 252 252 251 251 251 251 251 251 251 251 252 253 253 252 252 252 252 253 255 254 252 249 246 243 240 239 200 191 192 169 177 40 1 36 28 28 28 27 27 27 27 27 28 28 28 28 28 28 28 28 29 29 28 28 27 26 26 26 29 29 29 28 27 27 26 26 26 26 26 25 25 25 24 24 23 23 23 23 23 23 23 23 23 24 25 27 28 30 31 32 32 36 42 46 49 52 56 59 64 68 74 79 83 88 94 97 107 109 113 119 124 130 134 136 138 139 141 143 145 146 146 147 147 147 146 144 142 139 136 134 134 132 129 125 119 114 109 106 92 88 82 78 73 69 63 59 53 49 44 40 37 33 29 26 24 24 24 23 22 22 21 21 17 18 19 19 19 18 17 17 19 15 17 22 19 11 9 13 17 8 15 24 18 14 16
17 17 17 17 17 17 17 17 17 17 17 18 18 18 19 19 20 20 20 20 20 20 20 20 20 20 20 20 20 20 20 20 20 20 20 20 20 20 20 20 19 19 19 19 19 19 19 19 19 19 19 19 19 19 19 19 20 20 20 20 20 20 20 20 20 20 20 20 20 20 20 20 20 20 20 20 20 20 20 20 19 19 19 19 19 19 19 19 18 18 18 18 18 18 18 18 18 18 18 18 18 18 18 18 15 16 18 18 16 16 17 19 16 15 19 19 18 18 15 19 25 28 28 27 24 18 10 6 0 53 235 241 241 233 247 243 248 248 249 249 250 250 251 251 251 251 251 251 251 251 251 251 252 252 252 252 252 252 252 252 255 255 255 255 255 255 255 255 254 254 254 254 254 254 254 254 255 255 255 255 255 254 254 254 254 254 254 254 254 254 254 254 252 252 252 252 252 252 252 252 252 252 252 252 252 252 252 252 251 251 251 251 251 251 251 251 252 252 252 252 252 252 252 252 252 252 252 252 252 252 252 252 252 252 252 252 252 252 252 252 252 252 252 252 252 252 252 252 252 252 252 252 252 252 252 252 251 251 251 251 251 251 251 251 252 252 252 252 252 252 252 252 252 252 252 252 252 252 252 252 255 255 254 252 251 249 248 247 255 255 240 235 227 133 32 5 27 27 27 28 28 28 28 28 27 27 27 27 27 27 27 27 31 31 31 31 31 30 30 30 27 27 26 26 25 25 24 24 25 25 25 24 24 23 23 23 21 21 21 21 21 21 21 21 25 25 26 27 29 30 31 31 33 37 41 44 47 50 55 58 59 63 69 75 81 87 93 97 103 105 110 117 123 130 134 137 139 140 141 142 142 142 141 141 148 148 147 145 143 140 137 136 135 133 129 125 119 113 108 105 102 97 91 85 79 73 66 62 51 46 41 37 37 37 36 36 33 31 29 26 24 22 22 22 22 22 23 24 24 23 22 22 18 13 11 14 14 12 17 24 15 18 22 20 12 6 9
17 17 17 17 17 17 17 17 17 17 17 18 18 18 19 19 20 20 20 20 20 20 20 20 20 20 20 20 20 20 20 20 20 20 20 20 20 20 20 20 19 19 19 19 19 19 19 19 19 19 19 19 19 19 19 19 20 20 20 20 20 20 20 20 20 20 20 20 20 20 20 20 20 20 20 20 20 20 20 20 19 19 19 19 19 19 19 19 18 18 18 18 18 18 18 18 18 18 18 18 18 18 18 18 15 17 18 18 16 16 17 19 18 18 18 26 17 13 27 22 12 9 0 0 32 56 68 88 98 145 241 244 241 237 251 253 251 251 251 252 252 252 253 253 253 253 253 253 253 253 253 253 254 254 254 254 254 254 254 254 255 255 255 255 255 255 255 255 253 253 253 253 253 253 253 253 255 255 255 254 254 253 253 253 253 253 253 253 253 253 253 253 251 251 251 251 251 251 251 251 251 251 251 251 251 251 251 251 251 251 251 251 251 251 251 251 251 251 251 251 251 251 251 251 251 251 251 251 251 251 251 251 251 251 251 251 251 251 251 251 252 252 252 252 252 252 252 252 251 251 251 251 251 251 251 251 250 250 250 250 250 250 250 250 250 250 250 250 250 250 250 250 251 251 251 251 251 251 251 251 252 252 252 252 253 253 253 253 247 255 235 255 255 230 93 2 23 24 24 25 25 26 26 27 30 30 30 30 30 30 30 30 25 25 25 26 26 26 26 26 28 28 28 27 27 26 26 26 28 28 27 27 27 26 26 26 24 24 24 24 24 24 24 24 26 26 26 27 27 28 28 28 32 33 36 37 39 43 48 52 53 57 64 71 77 83 90 95 98 101 106 113 121 128 133 136 142 143 144 145 146 146 146 145 150 150 149 148 146 144 141 140 141 140 136 132 126 120 115 112 108 103 96 89 82 75 67 63 68 60 49 40 34 30 27 25 25 23 20 18 17 18 20 21 10 11 13 15 16 17 17 17 16 14 16 20 20 16 14 15 18 21 13 9 21 24 17
17 17 17 17 17 17 17 17 17 17 17 18 18 18 19 19 20 20 20 20 20 20 20 20 20 20 20 20 20 20 20 20 20 20 20 20 20 20 20 20 19 19 19 19 19 19 19 19 19 19 19 19 19 19 19 19 20 20 20 20 20 20 20 20 20 20 20 20 20 20 20 20 20 20 20 20 20 20 20 20 20 20 20 20 20 20 20 20 17 17 17 17 17 17 17 17 19 19 19 19 19 19 19 19 19 20 21 20 17 16 16 18 19 21 14 19 13 17 34 13 1 62 98 124 173 198 203 222 231 252 253 249 251 252 255 252 253 253 253 253 253 253 254 254 253 253 253 253 253 253 253 253 253 253 253 253 253 253 253 253 252 252 252 252 252 252 252 252 250 250 250 250 250 250 250 250 251 251 251 250 250 250 249 249 249 249 249 249 249 249 249 249 249 249 249 249 249 249 249 249 250 250 250 250 250 250 250 250 249 249 249 249 249 249 249 249 250 250 250 250 250 250 250 250 250 250 250 250 250 250 250 250 250 250 250 250 250 250 250 250 251 251 251 251 251 251 251 251 250 250 250 250 250 250 250 250 250 250 250 250 250 250 250 250 248 248 248 248 248 248 248 248 248 248 248 248 248 248 248 248 248 248 248 249 249 250 250 250 241 252 233 254 246 250 132 23 0 0 1 2 3 4 5 5 0 0 0 0 0 0 0 0 2 2 2 3 4 4 5 5 1 1 1 1 1 1 1 1 3 3 3 2 2 2 1 1 1 1 1 1 1 1 1 1 1 1 1 1 1 1 1 1 3 4 5 5 5 9 14 19 29 33 39 45 50 55 61 65 86 89 93 99 105 111 115 118 123 124 127 130 132 134 135 135 135 135 135 134 133 131 129 128 127 126 124 121 116 112 108 106 96 91 85 78 72 66 59 54 38 34 31 29 31 33 34 34 35 32 27 22 20 20 21 22 34 33 32 29 26 22 19 17 29 23 16 13 11 11 13 14 16 25 15 6 16 18 9
17 17 17 17 17 17 17 17 17 17 17 18 18 18 19 19 20 20 20 20 20 20 20 20 20 20 20 20 20 20 20 20 20 20 20 20 20 20 20 20 19 19 19 19 19 19 19 19 19 19 19 19 19 19 19 19 20 20 20 20 20 20 20 20 20 20 20 20 20 20 20 20 20 20 20 20 20 20 20 20 20 20 20 20 20 20 20 20 18 18 18 18 18 18 18 18 19 19 19 19 19 19 19 19 18 19 21 21 19 19 20 22 16 21 15 13 16 25 24 0 60 172 243 250 255 255 255 255 254 255 249 253 255 255 251 241 254 254 253 253 253 253 253 253 251 251 251 251 251 251 251 251 251 251 251 251 251 251 251 251 249 249 249 249 249 249 249 249 249 249 249 249 249 249 249 249 250 250 249 249 248 248 248 248 248 248 248 248 248 248 248 248 248 248 248 248 248 248 248 248 250 250 250 250 250 250 250 250 250 250 250 250 250 250 250 250 250 250 250 250 250 250 250 250 250 250 250 250 250 250 250 250 250 250 250 250 250 250 250 250 250 250 250 250 250 250 250 250 250 250 250 250 250 250 250 250 250 250 250 250 250 250 250 250 247 247 247 247 247 247 247 247 246 246 246 246 246 246 246 246 246 246 246 246 246 246 246 246 254 254 253 253 247 247 195 123 105 105 106 107 108 109 110 110 127 127 127 127 127 127 127 127 131 131 132 132 133 134 134 134 136 136 136 136 136 137 137 137 139 139 138 138 138 137 137 137 139 139 139 139 139 139 139 139 142 142 142 142 141 141 141 141 140 141 141 140 140 142 147 151 144 147 152 155 157 160 164 167 157 158 161 164 168 171 174 175 174 175 178 180 182 184 184 185 186 187 187 186 185 184 182 182 176 176 175 174 173 170 168 167 164 161 156 152 148 144 139 136 134 127 117 105 93 81 69 61 37 32 23 15 8 4 2 2 0 0 0 0 0 1 1 1 0 0 6 12 19 22 20 15 16 28 30 19 12 9 12
17 17 17 17 17 17 17 17 17 17 17 18 18 18 19 19 20 20 20 20 20 20 20 20 20 20 20 20 20 20 20 20 20 20 20 20 20 20 20 20 19 19 19 19 19 19 19 19 19 19 19 19 19 19 19 19 20 20 20 20 20 20 20 20 20 20 20 20 20 20 20 20 20 20 20 20 20 20 20 20 21 21 21 21 21 21 21 21 19 19 19 19 19 19 19 19 20 20 20 20 20 20 20 20 13 16 18 20 20 21 24 26 17 19 27 18 27 31 10 23 174 238 255 234 232 245 244 242 234 254 247 248 249 247 249 252 253 253 252 252 252 251 251 251 249 249 249 249 249 249 249 249 248 248 248 248 248 248 248 248 249 249 249 249 249 249 249 249 251 251 251 251 251 251 251 251 251 251 250 250 250 249 249 249 249 249 249 249 249 249 249 249 249 249 249 249 249 249 249 249 251 251 251 251 251 251 251 251 251 251 251 251 251 251 251 251 251 251 251 251 251 251 251 251 251 251 251 251 251 251 251 251 251 251 251 251 251 251 251 251 247 247 247 247 247 247 247 247 251 251 251 251 251 251 251 251 248 248 248 248 248 248 248 248 248 248 248 248 248 248 248 248 244 244 244 244 244 244 244 244 246 246 246 246 245 245 245 245 245 239 251 242 249 246 250 231 241 241 241 242 243 243 244 244 243 243 243 243 243 243 243 243 238 238 238 239 239 239 239 239 244 244 244 245 245 246 246 246 247 247 247 246 246 246 245 245 248 248 248 248 248 248 248 248 249 249 249 249 248 248 248 248 246 246 247 245 244 245 248 251 238 240 243 243 243 244 246 248 241 242 242 243 244 245 246 246 247 247 248 248 248 247 247 246 247 247 248 248 247 246 245 244 243 244 244 245 245 244 243 243 248 245 243 241 241 240 237 234 237 237 238 241 243 242 238 235 248 245 240 236 232 231 231 231 225 219 208 193 176 160 147 140 128 104 63 24 2 0 0 0 18 0 0 4 10 21 27
17 17 17 17 17 17 17 17 17 17 17 18 18 18 19 19 20 20 20 20 20 20 20 20 20 20 20 20 20 20 20 20 20 20 20 20 20 20 20 20 19 19 19 19 19 19 19 19 19 19 19 19 19 19 19 19 20 20 20 20 20 20 20 20 20 20 20 20 20 20 20 20 20 20 20 20 20 20 20 20 21 21 21 21 21 21 21 21 20 20 20 20 20 20 20 20 20 20 20 20 20 20 20 20 14 16 18 18 17 17 19 21 19 7 26 12 24 20 4 97 239 251 250 243 251 255 255 237 245 247 255 244 244 245 253 255 251 251 250 250 249 249 248 248 249 249 249 249 249 249 249 249 248 248 248 248 248 248 248 248 248 248 248 248 248 248 248 248 250 250 250 250 250 250 250 250 250 250 249 249 249 248 248 248 248 248 248 248 248 248 248 248 249 249 249 249 249 249 249 249 247 247 247 247 247 247 247 247 248 248 248 248 248 248 248 248 247 247 247 247 247 247 247 247 247 247 247 247 247 247 247 247 247 247 247 247 247 247 247 247 245 245 245 245 245 245 245 245 247 247 247 247 247 247 247 247 245 245 245 245 245 245 245 245 244 244 244 244 244 244 244 244 242 242 242 242 242 242 242 242 244 244 244 244 245 245 245 245 248 241 244 234 242 232 241 242 243 243 243 243 243 243 243 243 242 242 242 242 242 242 242 242 247 247 246 246 246 246 246 245 238 238 238 239 239 240 240 240 241 240 240 240 239 239 239 238 239 239 239 239 239 239 239 239 237 237 237 238 238 238 238 238 235 237 238 237 235 234 235 237 243 245 246 246 244 243 244 246 239 239 239 238 238 238 237 237 241 241 241 241 240 239 237 236 236 236 237 237 237 237 236 235 238 239 240 241 241 240 240 239 241 240 238 239 240 241 240 238 243 241 240 240 241 240 237 234 238 238 238 238 240 242 243 245 248 249 251 252 252 252 252 252 245 255 255 255 255 240 208 180 94 36 22 29 11 13 22
17 17 17 17 17 17 17 17 17 17 17 18 18 18 19 19 20 20 20 20 20 20 20 20 20 20 20 20 20 20 20 20 20 20 20 20 20 20 20 20 19 19 19 19 19 19 19 19 19 19 19 19 19 19 19 19 20 20 20 20 20 20 20 20 20 20 20 20 20 20 20 20 20 20 20 20 20 20 20 20 21 21 21 21 21 21 21 21 21 21 21 21 21 21 21 21 20 20 20 20 20 20 20 20 20 20 20 17 13 10 10 11 16 0 10 0 4 0 0 162 235 235 245 247 237 241 254 255 253 236 255 247 255 255 250 240 250 249 249 248 248 247 247 246 249 249 249 249 249 249 249 249 248 248 248 248 248 248 248 248 246 246 246 246 246 246 246 246 247 247 247 247 247 247 247 247 247 247 246 246 246 245 245 245 245 245 245 245 245 245 245 245 246 246 246 246 246 246 246 246 242 242 242 242 242 242 242 242 243 243 243 243 243 243 243 243 242 242 242 242 242 242 242 242 242 242 242 242 242 242 242 242 242 242 242 242 242 242 242 242 243 243 243 243 243 243 243 243 242 242 242 242 242 242 242 242 242 242 242 242 242 242 242 242 239 239 239 239 239 239 239 239 241 241 241 241 241 241 241 241 239 240 241 242 243 244 245 245 242 241 234 236 246 243 234 238 241 241 241 241 241 240 240 240 239 239 239 239 239 239 239 239 240 240 239 239 238 237 237 237 240 240 240 241 242 242 243 243 242 242 242 242 241 241 240 240 239 239 239 239 239 239 239 239 240 241 241 241 242 242 242 242 240 242 244 243 241 239 239 240 235 237 238 237 235 234 235 236 241 241 241 240 239 238 238 238 237 238 239 240 240 240 239 239 241 242 243 244 244 243 242 242 241 241 242 242 242 241 240 239 237 236 235 236 239 240 239 237 241 239 237 237 240 242 242 242 243 243 242 241 239 238 237 237 237 238 239 240 240 240 239 239 243 244 241 239 246 255 255 251 239 182 170 138 43 3 24
17 17 17 17 17 17 17 17 18 18 18 19 19 19 20 20 19 19 19 20 20 21 21 21 20 20 20 20 20 20 20 20 20 20 20 20 20 20 20 20 20 20 20 20 20 20 20 20 20 20 20 20 20 20 20 20 15 33 8 22 36 13 16 14 21 17 17 22 24 21 20 22 22 20 18 16 16 18 20 22 17 19 22 23 22 22 23 24 13 19 24 22 14 7 4 5 1 1 1 3 4 3 2 1 1 1 1 1 5 18 32 40 58 61 78 95 93 93 129 176 244 244 245 245 246 247 248 248 250 250 250 250 250 250 250 250 246 246 246 245 244 244 243 243 243 243 243 243 243 243 243 243 242 242 242 242 242 242 242 242 242 242 242 242 242 242 242 242 241 241 241 241 241 241 241 241 239 239 239 239 239 239 239 239 236 236 236 236 236 236 236 236 237 237 237 237 237 237 237 237 238 238 238 238 238 238 238 238 238 238 238 238 238 238 238 238 237 237 237 237 237 237 237 237 237 237 237 237 237 237 237 237 237 237 237 237 237 237 237 237 237 237 237 237 237 237 237 237 237 237 237 237 237 237 237 237 237 237 237 237 237 237 237 237 238 238 238 238 238 238 238 238 238 238 238 238 238 238 238 238 238 238 238 238 238 238 238 238 238 238 238 238 238 238 238 238 238 238 238 238 238 238 238 238 239 239 239 239 239 239 239 239 239 239 239 239 239 239 239 239 239 239 239 239 239 239 239 239 239 239 239 239 239 239 239 239 239 239 239 239 239 239 239 239 239 239 239 239 239 239 239 239 238 238 239 239 239 240 240 240 239 239 239 239 239 239 239 239 239 239 239 239 239 239 239 239 239 239 239 239 239 239 239 239 240 240 240 239 239 239 239 239 241 240 240 239 239 238 238 237 241 242 243 243 242 240 237 236 238 238 238 238 238 237 237 237 241 240 240 240 239 238 238 238 238 238 240 241 243 244 246 246 250 250 251 251 251 251 251 251 245 246 236 241 123 3 16
17 17 17 17 17 17 17 17 18 18 18 19 19 19 20 20 19 19 19 20 20 21 21 21 20 20 20 20 20 20 20 20 20 20 20 20 20 20 20 20 20 20 20 20 20 20 20 20 20 20 20 20 20 20 20 20 16 33 19 10 14 16 28 31 27 22 20 21 20 17 19 23 14 13 12 11 9 7 5 4 1 1 2 2 1 1 1 1 9 6 1 1 1 13 33 49 85 93 108 127 146 162 173 178 194 198 204 212 219 224 228 230 225 222 228 234 228 220 236 255 244 244 243 242 242 241 240 240 238 238 238 238 238 238 238 238 240 240 239 239 238 238 237 237 238 238 238 238 238 238 238 238 237 237 237 237 237 237 237 237 237 237 237 237 237 237 237 237 236 236 236 236 236 236 236 236 238 238 238 238 238 238 238 238 236 236 236 236 236 236 236 236 237 237 237 237 237 237 237 237 238 238 238 238 238 238 238 238 238 238 238 238 238 238 238 238 237 237 237 237 237 237 237 237 237 237 237 237 237 237 237 237 237 237 237 237 237 237 237 237 237 237 237 237 237 237 237 237 237 237 237 237 237 237 237 237 237 237 237 237 237 237 237 237 238 238 238 238 238 238 238 238 238 238 238 238 238 238 238 238 238 238 238 238 238 238 238 238 238 238 238 238 238 238 238 238 238 238 238 238 238 238 238 238 239 239 239 239 239 239 239 239 239 239 239 239 239 239 239 239 239 239 239 239 239 239 239 239 239 239 239 239 239 239 239 239 239 239 239 239 239 239 239 239 239 239 239 239 239 239 239 239 238 239 239 239 240 240 240 241 239 239 239 239 239 239 239 239 239 239 239 239 239 239 239 239 239 239 239 239 239 239 239 239 240 240 240 240 239 239 239 239 240 240 240 240 240 239 239 239 242 242 242 242 241 240 239 238 237 237 238 239 239 240 241 241 238 238 239 240 241 242 242 243 247 248 248 248 248 248 249 249 239 239 239 239 239 238 238 238 239 239 237 238 132 2 18
17 17 17 17 17 17 17 17 18 18 18 19 19 19 20 20 19 19 19 20 20 21 21 21 20 20 20 20 20 20 20 20 20 20 20 20 20 20 20 20 20 20 20 20 20 20 20 20 20 20 20 20 20 20 20 20 24 12 17 21 28 28 14 15 4 2 3 6 5 6 13 22 31 37 46 56 64 69 71 71 109 118 132 148 163 178 190 198 226 234 243 249 251 252 254 254 254 254 254 254 254 251 249 247 237 241 246 250 250 247 242 238 246 242 241 242 241 236 234 236 239 239 238 237 237 236 235 235 234 234 234 234 234 234 234 234 235 235 235 235 234 234 234 233 234 234 234 234 234 234 234 234 234 234 234 234 234 234 234 234 234 234 234 234 234 234 234 234 234 234 234 234 234 234 234 234 236 236 236 236 236 236 236 236 236 236 236 236 236 236 236 236 237 237 237 237 237 237 237 237 238 238 238 238 238 238 238 238 238 238 238 238 238 238 238 238 237 237 237 237 237 237 237 237 237 237 237 237 237 237 237 237 237 237 237 237 237 237 237 237 237 237 237 237 237 237 237 237 237 237 237 237 237 237 237 237 237 237 237 237 237 237 237 237 238 238 238 238 238 238 238 238 238 238 238 238 238 238 238 238 238 238 238 238 238 238 238 238 238 238 238 238 238 238 238 238 238 238 238 238 238 238 238 238 239 239 239 239 239 239 239 239 239 239 239 239 239 239 239 239 239 239 239 239 239 239 239 239 239 239 239 239 239 239 239 239 239 239 239 239 239 239 239 239 239 239 239 239 239 239 239 239 239 239 239 240 240 240 241 241 240 240 240 240 240 240 240 240 240 240 240 240 240 240 240 240 240 240 240 240 240 240 240 240 240 240 240 240 240 240 240 240 240 240 240 241 241 241 241 241 241 241 240 239 239 239 240 240 239 239 240 241 243 243 244 244 245 245 246 247 246 248 248 249 249 250 248 248 246 245 244 244 236 235 235 234 233 233 232 232 231 232 240 234 145 1 20
17 17 17 17 17 17 17 17 18 18 18 19 19 19 20 20 19 19 19 20 20 21 21 21 20 20 20 20 20 20 20 20 20 20 20 20 20 20 20 20 20 20 20 20 20 20 20 20 20 20 20 20 20 20 20 20 26 1 16 16 1 1 1 60 86 92 106 122 133 145 161 177 197 204 216 230 242 250 254 255 254 254 254 254 253 251 250 250 244 245 244 240 236 234 236 238 231 233 235 237 239 239 239 239 245 243 241 238 235 233 231 230 234 234 233 234 238 242 236 228 232 232 233 233 234 235 236 236 235 235 235 235 235 235 235 235 235 235 235 235 234 234 234 234 234 234 234 234 234 234 234 234 236 236 236 236 236 236 236 236 236 236 236 236 236 236 236 236 235 235 235 235 235 235 235 235 235 235 235 235 235 235 235 235 236 236 236 236 236 236 236 236 236 236 236 236 236 236 236 236 237 237 237 237 237 237 237 237 237 237 237 237 237 237 237 237 237 237 237 237 237 237 237 237 237 237 237 237 237 237 237 237 237 237 237 237 237 237 237 237 237 237 237 237 237 237 237 237 237 237 237 237 237 237 237 237 237 237 237 237 237 237 237 237 238 238 238 238 238 238 238 238 238 238 238 238 238 238 238 238 238 238 238 238 238 238 238 238 238 238 238 238 238 238 238 238 238 238 238 238 238 238 238 238 239 239 239 239 239 239 239 239 239 239 239 239 239 239 239 239 239 239 239 239 239 239 239 239 239 239 239 239 239 239 239 239 239 239 239 239 239 239 239 239 239 239 239 239 239 239 239 239 239 239 240 240 240 241 241 241 240 240 240 240 240 240 240 240 240 240 240 240 240 240 240 240 240 240 240 240 240 240 240 240 240 241 241 241 241 242 242 242 240 241 241 242 242 243 243 244 241 240 239 238 238 239 241 242 243 243 243 244 245 245 246 246 250 249 248 247 246 246 245 245 241 241 240 238 237 235 234 234 237 236 235 235 233 233 232 231 226 228 241 232 160 3 18
17 17 17 17 17 17 17 17 18 18 18 19 19 19 20 20 19 19 19 20 20 21 21 21 20 20 20 20 20 20 20 20 20 20 20 20 20 20 20 20 20 20 20 20 20 20 20 20 20 20 20 20 20 20 20 20 22 3 42 95 157 192 185 213 219 225 236 245 248 249 254 254 242 243 244 246 246 246 245 244 227 230 234 236 237 238 241 243 243 243 242 240 237 236 237 238 247 246 244 241 237 234 231 229 234 233 232 231 232 235 238 240 231 234 233 229 230 235 232 225 231 231 232 233 233 234 235 235 232 232 232 232 232 232 232 232 234 234 234 235 235 235 235 235 235 235 235 235 235 235 235 235 236 236 236 236 236 236 236 236 236 236 236 236 236 236 236 236 237 237 237 237 237 237 237 237 234 234 234 234 234 234 234 234 236 236 236 236 236 236 236 236 236 236 236 236 236 236 236 236 237 237 237 237 237 237 237 237 237 237 237 237 237 237 237 237 237 237 237 237 237 237 237 237 237 237 237 237 237 237 237 237 237 237 237 237 237 237 237 237 237 237 237 237 237 237 237 237 237 237 237 237 237 237 237 237 237 237 237 237 237 237 237 237 238 238 238 238 238 238 238 238 238 238 238 238 238 238 238 238 238 238 238 238 238 238 238 238 238 238 238 238 238 238 238 238 238 238 238 238 238 238 238 238 239 239 239 239 239 239 239 239 239 239 239 239 239 239 239 239 239 239 239 239 239 239 239 239 239 239 239 239 239 239 239 239 239 239 239 239 239 239 239 239 239 239 239 239 239 239 239 239 240 240 240 241 241 241 242 242 241 241 241 241 241 241 241 241 241 241 241 241 241 241 241 241 241 241 241 241 241 241 241 241 241 241 241 242 242 243 243 243 242 242 243 243 244 244 245 245 245 244 242 241 242 243 245 246 248 248 247 247 245 244 244 244 242 242 241 240 238 237 236 235 233 233 232 232 231 231 230 230 233 233 232 231 230 229 228 228 227 229 239 234 171 8 13
17 17 17 17 17 17 17 17 18 18 18 19 19 19 20 20 19 19 19 20 20 21 21 21 20 20 20 20 20 20 20 20 20 20 20 20 20 20 20 20 20 20 20 20 20 20 20 20 20 20 20 20 20 20 20 20 1 115 217 231 235 240 231 246 244 244 247 248 242 232 229 231 248 247 244 241 238 236 235 234 243 244 245 243 239 236 235 235 230 234 240 244 245 243 238 235 228 229 232 235 238 241 243 244 231 233 235 238 239 238 237 236 235 239 239 235 233 235 237 237 235 235 234 233 232 232 231 231 233 233 233 233 233 233 233 233 232 232 232 233 233 234 234 234 234 234 234 234 234 234 234 234 234 234 234 234 234 234 234 234 234 234 234 234 234 234 234 234 235 235 235 235 235 235 235 235 235 235 235 235 235 235 235 235 236 236 236 236 236 236 236 236 235 235 235 235 235 235 235 235 236 236 236 236 236 236 236 236 236 236 236 236 236 236 236 236 237 237 237 237 237 237 237 237 237 237 237 237 237 237 237 237 237 237 237 237 237 237 237 237 237 237 237 237 237 237 237 237 237 237 237 237 237 237 237 237 237 237 237 237 237 237 237 237 238 238 238 238 238 238 238 238 238 238 238 238 238 238 238 238 238 238 238 238 238 238 238 238 238 238 238 238 238 238 238 238 238 238 238 238 238 238 238 238 239 239 239 239 239 239 239 239 239 239 239 239 239 239 239 239 239 239 239 239 239 239 239 239 239 239 239 239 239 239 239 239 239 239 239 239 239 239 239 239 239 239 239 239 239 239 239 239 240 240 241 241 241 242 242 242 241 241 241 241 241 241 241 241 241 241 241 241 241 241 241 241 241 241 241 241 241 241 241 241 241 241 242 243 243 244 245 245 244 244 244 245 245 245 245 245 248 248 247 246 246 246 247 247 247 246 245 244 243 241 241 240 235 235 235 235 235 235 235 235 234 234 233 233 233 233 233 233 232 232 231 231 230 229 229 228 230 233 231 238 177 19 8
17 17 17 17 17 17 17 17 18 18 18 19 19 19 20 20 19 19 19 20 20 21 21 21 20 20 20 20 20 20 20 20 20 20 20 20 20 20 20 20 20 20 20 20 20 20 20 20 20 20 20 20 20 20 20 20 9 181 254 235 239 246 243 242 229 229 235 244 247 247 249 253 233 234 235 236 238 240 242 243 236 238 240 239 237 236 236 237 246 239 228 221 222 229 239 245 241 240 239 237 236 235 234 234 235 236 238 239 237 233 229 226 227 227 228 230 229 229 232 237 234 234 233 233 232 231 230 230 235 235 235 235 235 235 235 235 232 232 232 233 233 234 234 234 234 234 234 234 234 234 234 234 234 234 234 234 234 234 234 234 234 234 234 234 234 234 234 234 235 235 235 235 235 235 235 235 236 236 236 236 236 236 236 236 236 236 236 236 236 236 236 236 235 235 235 235 235 235 235 235 236 236 236 236 236 236 236 236 236 236 236 236 236 236 236 236 237 237 237 237 237 237 237 237 237 237 237 237 237 237 237 237 237 237 237 237 237 237 237 237 237 237 237 237 237 237 237 237 237 237 237 237 237 237 237 237 237 237 237 237 237 237 237 237 238 238 238 238 238 238 238 238 238 238 238 238 238 238 238 238 238 238 238 238 238 238 238 238 238 238 238 238 238 238 238 238 238 238 238 238 238 238 238 238 239 239 239 239 239 239 239 239 239 239 239 239 239 239 239 239 239 239 239 239 239 239 239 239 239 239 239 239 239 239 239 239 239 239 239 239 239 239 239 239 239 239 239 239 239 239 239 239 240 241 241 241 242 242 242 243 242 242 242 242 242 242 242 242 242 242 242 242 242 242 242 242 242 242 242 242 242 242 242 242 241 242 242 243 244 245 246 246 246 246 246 246 246 245 245 245 245 245 245 245 244 243 242 241 240 239 239 238 237 237 236 236 236 236 236 235 235 235 235 235 236 236 235 235 234 234 233 233 232 232 232 232 232 232 232 231 232 237 221 243 181 33 5
17 17 17 17 17 17 17 17 18 18 18 19 19 19 20 20 19 19 19 20 20 21 21 21 20 20 20 20 20 20 20 20 20 20 20 20 20 20 20 20 20 20 20 20 20 20 20 20 20 20 20 20 20 20 20 20 1 182 239 230 248 243 236 230 246 241 239 241 240 236 234 236 238 239 239 240 239 238 236 236 238 240 242 242 240 239 239 241 233 237 243 247 247 244 236 230 239 238 237 236 235 235 235 235 236 235 234 234 234 235 237 237 237 232 232 237 236 230 230 235 229 230 230 231 232 233 233 233 233 233 233 233 233 233 233 233 233 234 234 235 235 236 236 237 236 236 236 236 236 236 236 236 235 235 235 235 235 235 235 235 235 235 235 235 235 235 235 235 236 236 236 236 236 236 236 236 236 236 236 236 236 236 236 236 236 236 236 236 236 236 236 236 235 235 235 235 235 235 235 235 236 236 236 236 236 236 236 236 236 236 236 236 236 236 236 236 237 237 237 237 237 237 237 237 237 237 237 237 237 237 237 237 237 237 237 237 237 237 237 237 237 237 237 237 237 237 237 237 237 237 237 237 237 237 237 237 237 237 237 237 237 237 237 237 238 238 238 238 238 238 238 238 238 238 238 238 238 238 238 238 238 238 238 238 238 238 238 238 238 238 238 238 238 238 238 238 238 238 238 238 238 238 238 238 239 239 239 239 239 239 239 239 239 239 239 239 239 239 239 239 239 239 239 239 239 239 239 239 239 239 239 239 239 239 239 239 239 239 239 239 239 239 239 239 239 239 239 239 239 239 239 239 241 241 241 242 242 242 243 243 242 242 242 242 242 242 242 242 242 242 242 242 242 242 242 242 242 242 242 242 242 242 242 242 241 242 243 244 245 246 246 247 248 248 247 247 246 245 245 245 239 239 240 240 239 237 235 233 233 233 233 233 233 233 233 233 236 236 234 233 231 229 228 227 235 235 234 233 231 230 229 229 229 229 229 229 229 229 230 230 232 239 214 246 182 42 4
16 16 16 16 17 17 18 18 19 19 19 19 19 19 19 19 18 18 18 19 19 19 20 20 20 20 20 20 20 20 20 20 20 20 20 20 20 20 20 20 20 20 20 20 20 20 20 20 20 20 20 20 20 20 20 20 0 180 240 234 242 235 241 237 239 239 239 239 239 239 239 239 239 239 239 239 239 239 239 239 239 239 239 238 238 238 237 237 238 238 238 237 237 237 236 236 236 236 236 236 236 236 236 236 236 236 236 236 236 236 236 236 236 236 235 235 235 234 234 234 234 234 234 234 234 234 234 234 234 234 234 234 234 234 234 234 234 234 234 234 234 234 234 234 235 235 235 235 235 235 235 235 235 235 235 235 235 235 235 235 235 235 235 235 235 235 235 235 236 236 236 236 236 236 236 236 236 236 236 236 236 236 236 236 236 236 236 236 236 236 236 236 236 236 236 236 236 236 236 236 236 236 236 236 236 236 236 236 236 236 236 236 236 236 236 236 237 237 237 237 237 237 237 237 237 237 237 237 237 237 237 237 237 237 237 237 237 237 237 237 237 237 237 237 237 237 237 237 237 237 237 237 237 237 237 237 238 238 238 238 238 238 238 238 238 238 238 238 238 238 238 238 238 238 238 238 238 238 238 238 239 239 239 239 239 239 239 239 238 238 238 238 238 238 238 238 238 238 238 238 238 238 238 238 240 240 240 240 240 240 240 240 239 239 239 239 239 239 239 239 239 239 239 239 239 239 239 239 240 240 240 240 240 240 240 240 242 242 242 242 242 242 242 242 240 241 241 241 242 242 242 243 240 240 240 240 240 240 240 240 240 240 240 240 240 240 240 240 244 244 244 244 244 244 244 244 245 245 245 245 245 246 246 246 246 246 246 247 247 247 248 248 248 247 246 244 242 241 240 239 235 235 235 235 235 235 235 235 235 235 235 235 235 235 235 235 235 235 234 234 234 233 233 233 233 233 233 233 233 233 233 233 233 233 233 233 233 233 233 233 225 243 224 230 198 53 11
16 16 16 16 17 17 18 18 19 19 19 19 19 19 19 19 18 18 18 19 19 19 20 20 20 20 20 20 20 20 20 20 20 20 20 20 20 20 20 20 20 20 20 20 20 20 20 20 20 20 20 20 20 20 20 20 0 180 240 234 242 235 241 237 239 239 239 239 239 239 239 239 239 239 239 239 239 239 239 239 239 239 239 238 238 238 237 237 238 238 238 237 237 237 236 236 236 236 236 236 236 236 236 236 236 236 236 236 236 236 236 236 236 236 235 235 235 234 234 234 234 234 234 234 234 234 234 234 234 234 234 234 234 234 234 234 234 234 234 234 234 234 234 234 235 235 235 235 235 235 235 235 235 235 235 235 235 235 235 235 235 235 235 235 235 235 235 235 236 236 236 236 236 236 236 236 236 236 236 236 236 236 236 236 236 236 236 236 236 236 236 236 236 236 236 236 236 236 236 236 236 236 236 236 236 236 236 236 236 236 236 236 236 236 236 236 237 237 237 237 237 237 237 237 237 237 237 237 237 237 237 237 237 237 237 237 237 237 237 237 237 237 237 237 237 237 237 237 237 237 237 237 237 237 237 237 238 238 238 238 238 238 238 238 238 238 238 238 238 238 238 238 238 238 238 238 238 238 238 238 239 239 239 239 239 239 239 239 238 238 238 238 238 238 238 238 238 238 238 238 238 238 238 238 241 241 241 241 241 241 241 241 239 239 239 239 239 239 239 239 240 240 240 240 240 240 240 240 241 241 241 241 241 241 241 241 242 242 242 242 242 242 242 242 241 241 241 242 242 242 243 243 241 241 241 241 241 241 241 241 242 242 242 243 243 243 243 244 243 243 243 243 243 243 243 243 246 246 246 246 246 246 246 246 246 246 246 245 245 244 244 244 243 243 242 241 239 238 237 237 235 235 235 235 235 235 235 235 235 235 235 235 235 235 235 235 235 235 234 234 234 233 233 233 233 233 233 233 233 233 233 233 233 233 233 233 233 233 233 233 226 242 225 231 200 56 10
16 16 16 16 17 17 18 18 19 19 19 19 19 19 19 19 18 18 18 19 19 19 20 20 20 20 20 20 20 20 20 20 20 20 20 20 20 20 20 20 20 20 20 20 20 20 20 20 20 20 20 20 20 20 20 20 0 179 239 234 243 236 241 238 239 239 239 239 239 239 239 239 239 239 239 239 239 239 239 239 239 239 239 238 238 238 237 237 238 238 238 237 237 237 236 236 236 236 236 236 236 236 236 236 236 236 236 236 236 236 236 236 236 236 235 235 235 234 234 234 234 234 234 234 234 234 234 234 234 234 234 234 234 234 234 234 234 234 234 234 234 234 234 234 235 235 235 235 235 235 235 235 235 235 235 235 235 235 235 235 235 235 235 235 235 235 235 235 236 236 236 236 236 236 236 236 236 236 236 236 236 236 236 236 236 236 236 236 236 236 236 236 236 236 236 236 236 236 236 236 236 236 236 236 236 236 236 236 236 236 236 236 236 236 236 236 237 237 237 237 237 237 237 237 237 237 237 237 237 237 237 237 237 237 237 237 237 237 237 237 237 237 237 237 237 237 237 237 237 237 237 237 237 237 237 237 238 238 238 238 238 238 238 238 238 238 238 238 238 238 238 238 238 238 238 238 238 238 238 238 239 239 239 239 239 239 239 239 239 239 239 239 239 239 239 239 239 239 239 239 239 239 239 239 241 241 241 241 241 241 241 241 240 240 240 240 240 240 240 240 240 240 240 240 240 240 240 240 241 241 241 241 241 241 241 241 242 242 242 242 242 242 242 242 241 241 241 242 242 243 243 243 242 242 242 242 242 242 242 242 243 243 243 244 244 245 245 246 245 245 245 245 245 245 245 245 246 246 246 246 245 245 244 244 246 245 244 243 242 240 239 239 237 237 237 236 236 235 235 235 235 235 235 235 235 235 235 235 235 235 235 235 235 235 235 235 235 235 234 234 234 233 233 233 233 233 233 233 233 233 233 233 233 233 233 233 233 233 233 233 227 239 227 232 203 63 9
16 16 16 16 17 17 18 18 19 19 19 19 19 19 19 19 18 18 18 19 19 19 20 20 20 20 20 20 20 20 20 20 20 20 20 20 20 20 20 20 20 20 20 20 20 20 20 20 20 20 20 20 20 20 20 20 0 179 239 234 243 236 241 238 239 239 239 239 239 239 239 239 239 239 239 239 239 239 239 239 239 239 239 238 238 238 237 237 238 238 238 237 237 237 236 236 236 236 236 236 236 236 236 236 236 236 236 236 236 236 236 236 236 236 235 235 235 234 234 234 234 234 234 234 234 234 234 234 234 234 234 234 234 234 234 234 234 234 234 234 234 234 234 234 235 235 235 235 235 235 235 235 235 235 235 235 235 235 235 235 235 235 235 235 235 235 235 235 236 236 236 236 236 236 236 236 236 236 236 236 236 236 236 236 236 236 236 236 236 236 236 236 236 236 236 236 236 236 236 236 236 236 236 236 236 236 236 236 236 236 236 236 236 236 236 236 237 237 237 237 237 237 237 237 237 237 237 237 237 237 237 237 237 237 237 237 237 237 237 237 237 237 237 237 237 237 237 237 237 237 237 237 237 237 237 237 238 238 238 238 238 238 238 238 238 238 238 238 238 238 238 238 238 238 238 238 238 238 238 238 239 239 239 239 239 239 239 239 239 239 239 239 239 239 239 239 239 239 239 239 239 239 239 239 241 241 241 241 241 241 241 241 240 240 240 240 240 240 240 240 241 241 241 241 241 241 241 241 241 241 241 241 241 241 241 241 243 243 243 243 243 243 243 243 241 242 242 242 243 243 243 244 243 243 243 243 243 243 243 243 242 243 243 244 245 245 246 246 248 248 248 248 248 248 248 248 246 246 245 244 243 242 241 241 242 241 241 240 239 238 237 237 234 234 234 234 234 234 234 234 235 235 235 235 235 235 235 235 235 235 235 235 235 235 235 235 235 235 234 234 234 233 233 233 233 233 233 233 233 233 233 233 233 233 233 233 233 233 233 233 229 235 229 233 208 71 8
16 16 16 16 17 17 18 18 19 19 19 19 19 19 19 19 18 18 18 19 19 19 20 20 20 20 20 20 20 20 20 20 20 20 20 20 20 20 20 20 20 20 20 20 20 20 20 20 20 20 20 20 20 20 20 20 0 178 239 233 243 236 241 239 239 239 239 239 239 239 239 239 239 239 239 239 239 239 239 239 239 239 239 238 238 238 237 237 238 238 238 237 237 237 236 236 236 236 236 236 236 236 236 236 236 236 236 236 236 236 236 236 236 236 235 235 235 234 234 234 234 234 234 234 234 234 234 234 234 234 234 234 234 234 234 234 234 234 234 234 234 234 234 234 235 235 235 235 235 235 235 235 235 235 235 235 235 235 235 235 235 235 235 235 235 235 235 235 236 236 236 236 236 236 236 236 236 236 236 236 236 236 236 236 236 236 236 236 236 236 236 236 236 236 236 236 236 236 236 236 236 236 236 236 236 236 236 236 236 236 236 236 236 236 236 236 237 237 237 237 237 237 237 237 237 237 237 237 237 237 237 237 237 237 237 237 237 237 237 237 237 237 237 237 237 237 237 237 237 237 237 237 237 237 237 237 238 238 238 238 238 238 238 238 238 238 238 238 238 238 238 238 238 238 238 238 238 238 238 238 239 239 239 239 239 239 239 239 240 240 240 240 240 240 240 240 240 240 240 240 240 240 240 240 242 242 242 242 242 242 242 242 241 241 241 241 241 241 241 241 242 242 242 242 242 242 242 242 242 242 242 242 242 242 242 242 243 243 243 243 243 243 243 243 242 242 242 243 243 244 244 244 245 245 245 245 245 245 245 245 245 245 246 246 246 246 246 247 246 246 246 246 246 246 246 246 243 242 241 240 239 238 238 237 237 237 237 237 237 237 237 237 234 234 234 235 235 235 236 236 235 235 235 235 235 235 235 235 235 235 235 235 235 235 235 235 235 235 234 234 234 233 233 233 233 233 233 233 233 233 233 233 233 233 233 233 233 233 233 233 230 231 231 234 213 81 6
16 16 16 16 17 17 18 18 19 19 19 19 19 19 19 19 18 18 18 19 19 19 20 20 20 20 20 20 20 20 20 20 20 20 20 20 20 20 20 20 20 20 20 20 20 20 20 20 20 20 20 20 20 20 20 20 0 178 238 233 243 237 242 239 239 239 239 239 239 239 239 239 239 239 239 239 239 239 239 239 239 239 239 238 238 238 237 237 238 238 238 237 237 237 236 236 236 236 236 236 236 236 236 236 236 236 236 236 236 236 236 236 236 236 235 235 235 234 234 234 234 234 234 234 234 234 234 234 234 234 234 234 234 234 234 234 234 234 234 234 234 234 234 234 235 235 235 235 235 235 235 235 235 235 235 235 235 235 235 235 235 235 235 235 235 235 235 235 236 236 236 236 236 236 236 236 236 236 236 236 236 236 236 236 236 236 236 236 236 236 236 236 236 236 236 236 236 236 236 236 236 236 236 236 236 236 236 236 236 236 236 236 236 236 236 236 237 237 237 237 237 237 237 237 237 237 237 237 237 237 237 237 237 237 237 237 237 237 237 237 237 237 237 237 237 237 237 237 237 237 237 237 237 237 237 237 238 238 238 238 238 238 238 238 238 238 238 238 238 238 238 238 238 238 238 238 238 238 238 238 239 239 239 239 239 239 239 239 240 240 240 240 240 240 240 240 240 240 240 240 240 240 240 240 242 242 242 242 242 242 242 242 241 241 241 241 241 241 241 241 243 243 243 243 243 243 243 243 242 242 242 242 242 242 242 242 243 243 243 243 243 243 243 243 242 243 243 243 244 244 244 244 246 246 246 246 246 246 246 246 248 248 247 247 247 247 247 247 241 241 241 241 241 241 241 241 239 239 238 238 237 237 236 236 234 234 235 235 236 236 237 237 235 236 236 236 236 236 237 237 235 235 235 235 235 235 235 235 235 235 235 235 235 235 235 235 235 235 234 234 234 233 233 233 233 233 233 233 233 233 233 233 233 233 233 233 233 233 233 233 232 228 233 235 218 89 5
16 16 16 16 17 17 18 18 19 19 19 19 19 19 19 19 18 18 18 19 19 19 20 20 20 20 20 20 20 20 20 20 20 20 20 20 20 20 20 20 20 20 20 20 20 20 20 20 20 20 20 20 20 20 20 20 0 177 238 233 243 237 242 240 239 239 239 239 239 239 239 239 239 239 239 239 239 239 239 239 239 239 239 238 238 238 237 237 238 238 238 237 237 237 236 236 236 236 236 236 236 236 236 236 236 236 236 236 236 236 236 236 236 236 235 235 235 234 234 234 234 234 234 234 234 234 234 234 234 234 234 234 234 234 234 234 234 234 234 234 234 234 234 234 235 235 235 235 235 235 235 235 235 235 235 235 235 235 235 235 235 235 235 235 235 235 235 235 236 236 236 236 236 236 236 236 236 236 236 236 236 236 236 236 236 236 236 236 236 236 236 236 236 236 236 236 236 236 236 236 236 236 236 236 236 236 236 236 236 236 236 236 236 236 236 236 237 237 237 237 237 237 237 237 237 237 237 237 237 237 237 237 237 237 237 237 237 237 237 237 237 237 237 237 237 237 237 237 237 237 237 237 237 237 237 237 238 238 238 238 238 238 238 238 238 238 238 238 238 238 238 238 238 238 238 238 238 238 238 238 239 239 239 239 239 239 239 239 240 240 240 240 240 240 240 240 240 240 240 240 240 240 240 240 243 243 243 243 243 243 243 243 242 242 242 242 242 242 242 242 244 244 244 244 244 244 244 244 243 243 243 243 243 243 243 243 244 244 244 244 244 244 244 244 243 243 243 244 244 244 245 245 246 246 246 246 246 246 246 246 246 246 246 246 245 244 244 243 237 237 237 237 237 237 237 237 238 238 237 237 237 237 237 237 235 235 235 235 235 234 234 234 237 237 237 236 236 236 236 236 235 235 235 235 235 235 235 235 235 235 235 235 235 235 235 235 235 235 234 234 234 233 233 233 233 233 233 233 233 233 233 233 233 233 233 233 233 233 233 233 233 225 234 236 221 96 4
16 16 16 16 17 17 18 18 19 19 19 19 19 19 19 19 18 18 18 19 19 19 20 20 20 20 20 20 20 20 20 20 20 20 20 20 20 20 20 20 20 20 20 20 20 20 20 20 20 20 20 20 20 20 20 20 0 177 238 233 243 237 243 240 239 239 239 239 239 239 239 239 239 239 239 239 239 239 239 239 239 239 239 238 238 238 237 237 238 238 238 237 237 237 236 236 236 236 236 236 236 236 236 236 236 236 236 236 236 236 236 236 236 236 235 235 235 234 234 234 234 234 234 234 234 234 234 234 234 234 234 234 234 234 234 234 234 234 234 234 234 234 234 234 235 235 235 235 235 235 235 235 235 235 235 235 235 235 235 235 235 235 235 235 235 235 235 235 236 236 236 236 236 236 236 236 236 236 236 236 236 236 236 236 236 236 236 236 236 236 236 236 236 236 236 236 236 236 236 236 236 236 236 236 236 236 236 236 236 236 236 236 236 236 236 236 237 237 237 237 237 237 237 237 237 237 237 237 237 237 237 237 237 237 237 237 237 237 237 237 237 237 237 237 237 237 237 237 237 237 237 237 237 237 237 237 238 238 238 238 238 238 238 238 238 238 238 238 238 238 238 238 238 238 238 238 238 238 238 238 239 239 239 239 239 239 239 239 241 241 241 241 241 241 241 241 241 241 241 241 241 241 241 241 243 243 243 243 243 243 243 243 242 242 242 242 242 242 242 242 244 244 244 244 244 244 244 244 243 243 243 243 243 243 243 243 244 244 244 244 244 244 244 244 243 243 243 244 244 245 245 245 247 247 247 247 247 247 247 247 243 243 242 241 239 238 237 237 236 236 236 236 236 236 236 236 237 237 238 238 238 238 238 239 238 237 236 235 234 233 232 232 237 237 237 236 236 236 235 235 235 235 235 235 235 235 235 235 235 235 235 235 235 235 235 235 235 235 234 234 234 233 233 233 233 233 233 233 233 233 233 233 233 233 233 233 233 233 233 233 234 223 235 236 223 99 3
18 18 18 18 18 18 18 18 18 18 19 20 20 19 18 18 20 20 20 20 20 20 20 20 21 21 21 21 21 21 21 21 21 21 21 21 21 21 21 21 21 21 21 21 21 21 21 21 21 21 22 22 22 23 23 23 0 156 242 233 240 245 235 241 238 238 238 238 238 238 238 238 238 238 238 238 238 238 238 238 239 239 239 238 238 238 237 237 237 237 237 237 237 237 237 237 236 236 236 236 236 236 236 236 235 235 235 235 235 235 235 235 236 236 235 235 235 234 234 234 234 234 234 234 234 234 234 234 235 235 235 235 235 235 235 235 234 234 234 234 234 234 234 234 236 236 236 236 236 236 236 236 236 236 236 236 236 236 236 236 236 236 236 236 236 236 236 236 236 236 236 236 236 236 236 236 236 236 236 236 236 236 236 236 236 236 236 236 236 236 236 236 236 236 236 236 236 236 236 236 236 236 236 236 236 236 236 236 236 236 236 236 236 236 236 236 236 236 237 237 237 238 238 238 237 237 237 237 237 237 237 237 237 237 237 237 237 237 237 237 236 236 236 236 236 236 236 236 236 236 236 237 237 238 238 238 237 237 237 237 237 237 237 237 238 238 238 238 238 238 238 238 238 238 239 239 239 240 240 240 240 240 240 240 240 240 240 240 242 242 242 242 242 242 242 242 242 242 242 242 242 242 242 242 243 243 243 243 243 243 243 243 242 242 242 242 243 243 243 244 241 241 242 242 243 243 243 243 244 244 244 245 245 245 245 245 245 244 243 243 244 246 247 248 248 249 249 249 250 250 250 250 246 246 245 244 243 242 241 241 237 237 237 237 237 237 237 237 235 235 235 235 235 235 235 235 236 236 236 236 236 236 236 236 235 235 235 235 235 235 235 235 235 235 235 235 235 235 235 235 235 235 235 235 235 235 235 235 234 234 234 234 234 234 234 234 235 235 234 234 234 233 233 233 233 233 233 233 233 233 233 233 233 233 233 233 233 233 233 233 228 231 228 233 224 111 1
18 18 18 18 18 18 18 18 18 18 19 20 20 19 18 18 20 20 20 20 20 20 20 20 21 21 21 21 21 21 21 21 21 21 21 21 21 21 21 21 21 21 21 21 21 21 21 21 21 21 22 22 22 23 23 23 0 154 241 235 239 245 236 241 238 238 238 238 238 238 238 238 238 238 238 238 238 238 238 238 239 239 239 238 238 238 237 237 237 237 237 237 237 237 237 237 236 236 236 236 236 236 236 236 235 235 235 235 235 235 235 235 236 236 235 235 235 234 234 234 234 234 234 234 234 234 234 234 235 235 235 235 235 235 235 235 234 234 234 234 234 234 234 234 236 236 236 236 236 236 236 236 236 236 236 236 236 236 236 236 236 236 236 236 236 236 236 236 236 236 236 236 236 236 236 236 236 236 236 236 236 236 236 236 236 236 236 236 236 236 236 236 236 236 236 236 236 236 236 236 236 236 236 236 236 236 236 236 236 236 236 236 236 236 236 236 236 236 237 237 237 238 238 238 237 237 237 237 237 237 237 237 237 237 237 237 237 237 237 237 236 236 236 236 236 236 236 236 236 236 237 237 237 238 238 238 237 237 237 237 237 237 237 237 238 238 238 238 238 238 238 238 238 239 239 239 240 240 240 241 241 241 241 241 241 241 241 241 242 242 242 242 242 242 242 242 242 242 242 242 242 242 242 242 243 243 243 243 243 243 243 243 242 242 242 243 243 244 244 244 245 245 245 245 244 244 244 244 245 245 245 245 245 245 245 245 246 246 246 246 246 246 247 247 249 249 248 247 246 246 246 245 241 240 240 239 238 237 236 236 237 237 237 237 237 237 237 237 235 235 235 235 235 235 235 235 236 236 236 236 236 236 236 236 235 235 235 235 235 235 235 235 235 235 235 235 235 235 235 235 235 235 235 235 235 235 235 235 234 234 234 234 234 234 234 234 235 235 234 234 234 233 233 233 233 233 233 233 233 233 233 233 233 233 233 233 233 233 233 233 231 233 230 234 226 114 1
18 18 18 18 18 18 18 18 18 18 19 20 20 19 18 18 20 20 20 20 20 20 20 20 21 21 21 21 21 21 21 21 21 21 21 21 21 21 21 21 21 21 21 21 21 21 21 21 21 21 22 22 22 23 23 23 0 149 240 237 238 243 237 240 239 239 239 239 239 239 239 239 239 239 239 239 239 239 239 239 239 239 239 238 238 238 237 237 237 237 237 237 237 237 237 237 236 236 236 236 236 236 236 236 235 235 235 235 235 235 235 235 236 236 235 235 235 234 234 234 234 234 234 234 234 234 234 234 235 235 235 235 235 235 235 235 234 234 234 234 234 234 234 234 236 236 236 236 236 236 236 236 236 236 236 236 236 236 236 236 236 236 236 236 236 236 236 236 236 236 236 236 236 236 236 236 236 236 236 236 236 236 236 236 236 236 236 236 236 236 236 236 236 236 236 236 236 236 236 236 236 236 236 236 236 236 236 236 236 236 236 236 236 236 236 236 236 236 237 237 237 238 238 238 237 237 237 237 237 237 237 237 237 237 237 237 237 237 237 237 236 236 236 236 236 236 236 236 237 237 237 237 238 238 238 239 238 238 238 238 238 238 238 238 239 239 239 239 239 239 239 239 239 239 239 240 240 240 241 241 241 241 241 241 241 241 241 241 242 242 242 242 242 242 242 242 242 242 242 242 242 242 242 242 243 243 243 243 243 243 243 243 243 243 243 243 244 244 245 245 247 246 246 245 244 244 243 243 246 246 246 246 246 246 246 246 246 246 247 247 247 246 246 245 248 247 246 245 243 241 239 238 237 237 236 236 235 234 234 233 237 237 237 237 237 237 237 237 235 235 235 235 235 235 235 235 236 236 236 236 236 236 236 236 235 235 235 235 235 235 235 235 235 235 235 235 235 235 235 235 235 235 235 235 235 235 235 235 234 234 234 234 234 234 234 234 235 235 234 234 234 233 233 233 233 233 233 233 233 233 233 233 233 233 233 233 233 233 233 233 233 236 232 236 229 119 1
18 18 18 18 18 18 18 18 18 18 19 20 20 19 18 18 20 20 20 20 20 20 20 20 21 21 21 21 21 21 21 21 21 21 21 21 21 21 21 21 21 21 21 21 21 21 21 21 21 21 22 22 22 23 23 23 0 143 238 240 236 242 239 239 239 239 239 239 239 239 239 239 239 239 239 239 239 239 239 239 239 239 239 238 238 238 237 237 237 237 237 237 237 237 237 237 236 236 236 236 236 236 236 236 235 235 235 235 235 235 235 235 236 236 235 235 235 234 234 234 234 234 234 234 234 234 234 234 235 235 235 235 235 235 235 235 235 235 235 235 235 235 235 235 236 236 236 236 236 236 236 236 236 236 236 236 236 236 236 236 236 236 236 236 236 236 236 236 236 236 236 236 236 236 236 236 236 236 236 236 236 236 236 236 236 236 236 236 236 236 236 236 236 236 236 236 236 236 236 236 236 236 236 236 236 236 236 236 236 236 236 236 236 236 236 236 236 236 237 237 237 238 238 238 237 237 237 237 237 237 237 237 237 237 237 237 237 237 237 237 237 237 237 237 237 237 237 237 237 237 237 238 238 239 239 239 238 238 238 238 238 238 238 238 239 239 239 239 239 239 239 239 239 239 240 240 240 241 241 241 241 241 241 241 241 241 241 241 243 243 243 243 243 243 243 243 243 243 243 243 243 243 243 243 244 244 244 244 244 244 244 244 243 244 244 244 245 245 245 246 245 244 244 244 244 244 244 244 248 248 248 248 248 247 247 247 245 246 246 246 246 244 242 241 244 243 242 240 238 237 236 235 238 238 238 237 237 236 236 235 236 236 236 236 236 236 236 236 235 235 235 235 235 235 235 235 236 236 236 236 236 236 236 236 235 235 235 235 235 235 235 235 235 235 235 235 235 235 235 235 235 235 235 235 235 235 235 235 234 234 234 234 234 234 234 234 235 235 234 234 234 233 233 233 233 233 233 233 233 233 233 233 233 233 233 233 233 233 233 233 233 236 232 235 232 124 1
18 18 18 18 18 18 18 18 18 18 19 20 20 19 18 18 20 20 20 20 20 20 20 20 21 21 21 21 21 21 21 21 21 21 21 21 21 21 21 21 21 21 21 21 21 21 21 21 21 21 22 22 22 23 23 23 0 137 236 243 235 241 240 238 240 240 240 240 240 240 240 240 240 240 240 240 240 240 240 240 239 239 239 238 238 238 237 237 237 237 237 237 237 237 237 237 236 236 236 236 236 236 236 236 235 235 235 235 235 235 235 235 236 236 235 235 235 234 234 234 234 234 234 234 234 234 234 234 235 235 235 235 235 235 235 235 235 235 235 235 235 235 235 235 236 236 236 236 236 236 236 236 236 236 236 236 236 236 236 236 236 236 236 236 236 236 236 236 236 236 236 236 236 236 236 236 236 236 236 236 236 236 236 236 236 236 236 236 236 236 236 236 236 236 236 236 236 236 236 236 236 236 236 236 236 236 236 236 236 236 236 236 236 236 236 236 236 236 237 237 237 238 238 238 237 237 237 237 237 237 237 237 237 237 237 237 237 237 237 237 237 237 237 237 237 237 237 237 237 238 238 238 239 239 239 240 239 239 239 239 239 239 239 239 240 240 240 240 240 240 240 240 240 240 240 241 241 241 242 242 242 242 242 242 242 242 242 242 243 243 243 243 243 243 243 243 243 243 243 243 243 243 243 243 244 244 244 244 244 244 244 244 244 245 245 245 246 246 246 246 245 245 245 246 246 247 247 248 249 249 249 248 248 247 247 246 242 243 243 243 242 240 238 236 237 237 237 237 236 236 236 236 238 238 238 238 237 237 237 237 236 236 236 236 236 236 236 236 235 235 235 235 235 235 235 235 236 236 236 236 236 236 236 236 235 235 235 235 235 235 235 235 235 235 235 235 235 235 235 235 235 235 235 235 235 235 235 235 234 234 234 234 234 234 234 234 235 235 234 234 234 233 233 233 233 233 233 233 233 233 233 233 233 233 233 233 233 233 233 233 232 235 230 234 233 129 3
18 18 18 18 18 18 18 18 18 18 19 20 20 19 18 18 20 20 20 20 20 20 20 20 21 21 21 21 21 21 21 21 21 21 21 21 21 21 21 21 21 21 21 21 21 21 21 21 21 21 22 22 22 23 23 23 0 131 235 246 234 239 241 237 240 240 240 240 240 240 240 240 240 240 240 240 240 240 240 240 239 239 239 238 238 238 237 237 237 237 237 237 237 237 237 237 236 236 236 236 236 236 236 236 235 235 235 235 235 235 235 235 236 236 235 235 235 234 234 234 234 234 234 234 234 234 234 234 235 235 235 235 235 235 235 235 236 236 236 236 236 236 236 236 236 236 236 236 236 236 236 236 236 236 236 236 236 236 236 236 236 236 236 236 236 236 236 236 236 236 236 236 236 236 236 236 236 236 236 236 236 236 236 236 236 236 236 236 236 236 236 236 236 236 236 236 236 236 236 236 236 236 236 236 236 236 236 236 236 236 236 236 236 236 236 236 236 236 237 237 237 238 238 238 237 237 237 237 237 237 237 237 237 237 237 237 237 237 237 237 238 238 238 238 238 238 238 238 238 238 238 239 239 240 240 240 239 239 239 239 239 239 239 239 240 240 240 240 240 240 240 240 240 240 241 241 241 242 242 242 242 242 242 242 242 242 242 242 243 243 243 243 243 243 243 243 243 243 243 243 243 243 243 243 245 245 245 245 245 245 245 245 245 245 246 246 246 246 246 246 248 248 248 249 249 249 250 250 247 247 246 245 244 244 243 243 239 239 239 239 238 236 235 234 234 234 234 235 236 236 237 237 235 235 235 235 235 235 235 235 235 235 235 235 235 235 235 235 235 235 235 235 235 235 235 235 236 236 236 236 236 236 236 236 235 235 235 235 235 235 235 235 235 235 235 235 235 235 235 235 235 235 235 235 235 235 235 235 234 234 234 234 234 234 234 234 235 235 234 234 234 233 233 233 233 233 233 233 233 233 233 233 233 233 233 233 233 233 233 233 230 234 229 233 236 135 8
18 18 18 18 18 18 18 18 18 18 19 20 20 19 18 18 20 20 20 20 20 20 20 20 21 21 21 21 21 21 21 21 21 21 21 21 21 21 21 21 21 21 21 21 21 21 21 21 21 21 22 22 22 23 23 23 0 126 233 248 232 238 243 236 240 240 240 240 240 240 240 240 240 240 240 240 240 240 240 240 239 239 239 238 238 238 237 237 237 237 237 237 237 237 237 237 236 236 236 236 236 236 236 236 235 235 235 235 235 235 235 235 236 236 235 235 235 234 234 234 234 234 234 234 234 234 234 234 235 235 235 235 235 235 235 235 236 236 236 236 236 236 236 236 236 236 236 236 236 236 236 236 236 236 236 236 236 236 236 236 236 236 236 236 236 236 236 236 236 236 236 236 236 236 236 236 236 236 236 236 236 236 236 236 236 236 236 236 236 236 236 236 236 236 236 236 236 236 236 236 236 236 236 236 236 236 236 236 236 236 236 236 236 236 236 236 236 236 237 237 237 238 238 238 237 237 237 237 237 237 237 237 237 237 237 237 237 237 237 237 238 238 238 238 238 238 238 238 238 238 239 239 239 240 240 240 239 239 239 239 239 239 239 239 240 240 240 240 240 240 240 240 240 241 241 241 242 242 242 243 243 243 243 243 243 243 243 243 244 244 244 244 244 244 244 244 244 244 244 244 244 244 244 244 245 245 245 245 245 245 245 245 246 246 246 246 246 247 247 247 250 249 248 248 246 246 245 244 242 242 241 240 239 238 237 237 238 238 236 235 235 234 234 235 234 234 235 235 236 236 237 237 234 234 234 235 235 235 235 235 235 235 235 235 235 235 235 235 235 235 235 235 235 235 235 235 236 236 236 236 236 236 236 236 235 235 235 235 235 235 235 235 235 235 235 235 235 235 235 235 235 235 235 235 235 235 235 235 234 234 234 234 234 234 234 234 235 235 234 234 234 233 233 233 233 233 233 233 233 233 233 233 233 233 233 233 233 233 233 233 230 235 229 234 239 141 14
18 18 18 18 18 18 18 18 18 18 19 20 20 19 18 18 20 20 20 20 20 20 20 20 21 21 21 21 21 21 21 21 21 21 21 21 21 21 21 21 21 21 21 21 21 21 21 21 21 21 22 22 22 23 23 23 0 124 233 249 232 237 243 236 241 241 241 241 241 241 241 241 241 241 241 241 241 241 241 241 239 239 239 238 238 238 237 237 237 237 237 237 237 237 237 237 236 236 236 236 236 236 236 236 235 235 235 235 235 235 235 235 236 236 235 235 235 234 234 234 234 234 234 234 234 234 234 234 235 235 235 235 235 235 235 235 236 236 236 236 236 236 236 236 236 236 236 236 236 236 236 236 236 236 236 236 236 236 236 236 236 236 236 236 236 236 236 236 236 236 236 236 236 236 236 236 236 236 236 236 236 236 236 236 236 236 236 236 236 236 236 236 236 236 236 236 236 236 236 236 236 236 236 236 236 236 236 236 236 236 236 236 236 236 236 236 236 236 237 237 237 238 238 238 237 237 237 237 237 237 237 237 237 237 237 237 237 237 237 237 238 238 238 238 238 238 238 238 238 239 239 239 240 240 240 241 239 239 239 239 239 239 239 239 241 241 241 241 241 241 241 241 241 241 241 242 242 242 243 243 243 243 243 243 243 243 243 243 244 244 244 244 244 244 244 244 244 244 244 244 244 244 244 244 245 245 245 245 245 245 245 245 246 246 246 246 247 247 247 247 248 248 246 244 241 239 237 236 238 237 237 236 235 234 233 232 238 237 235 234 233 234 235 236 236 236 236 236 236 236 236 236 235 236 236 236 236 236 237 237 235 235 235 235 235 235 235 235 235 235 235 235 235 235 235 235 236 236 236 236 236 236 236 236 235 235 235 235 235 235 235 235 235 235 235 235 235 235 235 235 235 235 235 235 235 235 235 235 234 234 234 234 234 234 234 234 235 235 234 234 234 233 233 233 233 233 233 233 233 233 233 233 233 233 233 233 233 233 233 233 230 236 230 235 242 146 18
18 18 18 18 18 18 18 18 18 18 18 19 19 19 20 20 20 20 20 20 20 20 20 20 21 21 21 21 21 21 21 21 21 21 21 21 21 21 21 21 20 20 21 21 21 22 22 22 24 24 23 23 22 21 21 21 0 114 232 241 244 233 239 239 241 241 241 241 241 241 241 241 241 241 241 242 241 240 239 238 239 239 239 239 239 239 239 239 238 238 238 238 238 238 238 238 237 237 237 237 237 237 237 237 236 236 236 236 236 236 236 236 235 235 234 234 233 233 233 233 234 234 234 234 234 234 234 234 235 235 235 235 235 235 235 235 235 235 235 235 235 235 235 235 236 236 236 236 236 236 236 236 237 237 237 237 237 237 237 237 237 237 237 237 237 237 237 237 237 237 237 237 237 237 237 237 236 236 236 236 236 236 236 236 236 236 236 236 236 236 236 236 236 236 236 236 236 236 236 236 237 237 237 237 237 237 237 237 237 237 237 237 237 237 237 237 238 238 238 238 238 238 238 238 237 237 237 237 237 237 237 237 238 238 238 238 238 238 238 238 237 237 238 238 238 239 239 239 239 240 240 240 241 241 241 241 239 239 240 240 241 241 241 241 240 241 241 241 242 242 242 242 242 242 242 242 242 242 242 242 243 243 244 244 245 246 246 246 243 243 244 244 245 246 246 246 245 245 245 245 245 246 246 246 247 247 247 247 247 247 247 247 246 246 246 245 244 243 242 242 241 241 240 239 238 237 236 236 236 236 236 236 236 236 236 236 236 236 236 236 236 236 236 236 235 235 235 235 235 235 235 235 235 235 235 235 235 235 235 235 236 236 236 236 236 236 236 236 235 235 235 235 235 235 235 235 235 235 235 235 235 235 235 235 235 235 235 235 235 235 235 235 235 235 235 235 235 235 235 235 235 235 235 235 235 235 235 235 235 235 235 235 235 235 235 235 235 235 234 234 234 233 233 233 233 233 233 233 233 233 233 233 233 233 233 233 233 233 233 233 236 229 241 226 241 167 24
18 18 18 18 18 18 18 18 18 18 18 19 19 19 20 20 20 20 20 20 20 20 20 20 21 21 21 21 21 21 21 21 21 21 21 21 21 21 21 21 20 20 21 21 21 22 22 22 24 23 23 23 22 21 21 21 0 110 232 241 244 235 240 240 241 241 241 241 241 241 241 241 241 241 241 242 241 240 239 238 239 239 239 239 239 239 239 239 238 238 238 238 238 238 238 238 237 237 237 237 237 237 237 237 236 236 236 236 236 236 236 236 235 235 234 234 234 233 233 233 234 234 234 234 234 234 234 234 235 235 235 235 235 235 235 235 235 235 235 235 235 235 235 235 236 236 236 236 236 236 236 236 237 237 237 237 237 237 237 237 237 237 237 237 237 237 237 237 237 237 237 237 237 237 237 237 236 236 236 236 236 236 236 236 236 236 236 236 236 236 236 236 236 236 236 236 236 236 236 236 237 237 237 237 237 237 237 237 237 237 237 237 237 237 237 237 238 238 238 238 238 238 238 238 237 237 237 237 237 237 237 237 238 238 238 238 238 238 238 238 237 237 238 238 239 239 239 239 240 240 240 240 241 241 241 242 240 240 240 240 241 241 242 242 241 241 241 242 242 242 243 243 243 243 243 243 243 243 243 243 243 243 243 244 245 245 245 246 243 243 244 244 245 246 246 246 246 246 246 246 246 246 246 246 247 247 247 247 247 247 247 247 244 244 243 242 241 240 239 239 241 240 240 239 238 237 236 236 236 236 236 236 236 236 236 236 236 236 236 236 236 236 236 236 235 235 235 235 235 235 235 235 235 235 235 235 235 235 235 235 236 236 236 236 236 236 236 236 235 235 235 235 235 235 235 235 235 235 235 235 235 235 235 235 235 235 235 235 235 235 235 235 235 235 235 235 235 235 235 235 235 235 235 235 235 235 235 235 235 235 235 235 235 235 235 235 235 235 234 234 234 233 233 233 233 233 233 233 233 233 233 233 233 233 233 233 233 233 233 233 235 229 239 226 241 171 27
18 18 18 18 18 18 18 18 18 18 18 19 19 19 20 20 20 20 20 20 20 20 20 20 21 21 21 21 21 21 21 21 21 21 21 21 21 21 21 21 20 20 21 21 21 22 22 22 23 23 23 22 22 22 21 21 0 102 231 242 242 237 241 242 241 241 241 241 241 241 241 241 241 241 241 242 241 240 239 238 239 239 239 239 239 239 239 239 238 238 238 238 238 238 238 238 237 237 237 237 237 237 237 237 236 236 236 236 236 236 236 236 235 235 235 234 234 234 233 233 234 234 234 234 234 234 234 234 235 235 235 235 235 235 235 235 235 235 235 235 235 235 235 235 236 236 236 236 236 236 236 236 237 237 237 237 237 237 237 237 237 237 237 237 237 237 237 237 237 237 237 237 237 237 237 237 236 236 236 236 236 236 236 236 236 236 236 236 236 236 236 236 236 236 236 236 236 236 236 236 238 238 238 238 238 238 238 238 238 238 238 238 238 238 238 238 238 238 238 238 238 238 238 238 238 238 238 238 238 238 238 238 239 239 239 239 239 239 239 239 238 238 238 238 239 239 240 240 240 240 240 241 241 242 242 242 240 240 241 241 242 242 242 242 241 242 242 242 243 243 243 244 244 244 244 244 244 244 244 244 244 244 244 244 245 245 245 246 244 244 244 245 245 245 246 246 248 247 247 246 246 246 246 245 244 244 244 244 244 244 244 244 240 240 240 239 238 237 237 236 240 240 239 238 237 237 236 236 236 236 236 236 236 236 236 236 236 236 236 236 236 236 236 236 235 235 235 235 235 235 235 235 235 235 235 235 235 235 235 235 236 236 236 236 236 236 236 236 235 235 235 235 235 235 235 235 235 235 235 235 235 235 235 235 235 235 235 235 235 235 235 235 235 235 235 235 235 235 235 235 235 235 235 235 235 235 235 235 235 235 235 235 235 235 235 235 235 235 234 234 234 233 233 233 233 233 233 233 233 233 233 233 233 233 233 233 233 233 233 233 233 229 237 227 241 178 33
18 18 18 18 18 18 18 18 18 18 18 19 19 19 20 20 20 20 20 20 20 20 20 20 21 21 21 21 21 21 21 21 21 21 21 21 21 21 21 21 20 20 21 21 21 22 22 22 23 23 22 22 22 22 22 22 0 93 231 243 240 240 241 243 241 241 241 241 241 241 241 241 241 241 241 242 241 240 239 238 239 239 239 239 239 239 239 239 238 238 238 238 238 238 238 238 237 237 237 237 237 237 237 237 236 236 236 236 236 236 236 236 236 236 235 235 234 234 234 234 235 235 235 235 235 235 235 235 235 235 235 235 235 235 235 235 235 235 235 235 235 235 235 235 236 236 236 236 236 236 236 236 237 237 237 237 237 237 237 237 237 237 237 237 237 237 237 237 237 237 237 237 237 237 237 237 237 237 237 237 237 237 237 237 237 237 237 237 237 237 237 237 237 237 237 237 237 237 237 237 238 238 238 238 238 238 238 238 238 238 238 238 238 238 238 238 238 238 238 238 238 238 238 238 238 238 238 238 238 238 238 238 239 239 239 239 239 239 239 239 238 238 239 239 239 240 240 240 240 240 241 241 242 242 242 242 241 241 242 242 242 243 243 243 242 243 243 243 244 244 244 244 245 245 245 245 245 245 245 245 246 246 246 246 246 247 247 247 246 246 246 246 246 246 246 246 247 246 246 245 244 243 243 242 238 238 238 238 238 238 238 238 238 238 238 237 237 236 236 235 239 239 238 238 237 237 236 236 236 236 236 236 236 236 236 236 236 236 236 236 236 236 236 236 235 235 235 235 235 235 235 235 235 235 235 235 235 235 235 235 236 236 236 236 236 236 236 236 235 235 235 235 235 235 235 235 235 235 235 235 235 235 235 235 235 235 235 235 235 235 235 235 235 235 235 235 235 235 235 235 235 235 235 235 235 235 235 235 235 235 235 235 235 235 235 235 235 235 234 234 234 233 233 233 233 233 233 233 233 233 233 233 233 233 233 233 233 233 233 233 231 230 233 229 240 188 41
18 18 18 18 18 18 18 18 18 18 18 19 19 19 20 20 20 20 20 20 20 20 20 20 21 21 21 21 21 21 21 21 21 21 21 21 21 21 21 21 20 20 21 21 21 22 22 22 22 22 22 22 22 22 23 23 1 84 232 244 238 243 241 244 241 241 241 241 241 241 241 241 241 241 241 242 241 240 239 238 239 239 239 239 239 239 239 239 238 238 238 238 238 238 238 238 237 237 237 237 237 237 237 237 236 236 236 236 236 236 236 236 236 236 236 235 235 235 234 234 235 235 235 235 235 235 235 235 235 235 235 235 235 235 235 235 235 235 235 235 235 235 235 235 236 236 236 236 236 236 236 236 237 237 237 237 237 237 237 237 237 237 237 237 237 237 237 237 237 237 237 237 237 237 237 237 237 237 237 237 237 237 237 237 237 237 237 237 237 237 237 237 237 237 237 237 237 237 237 237 239 239 239 239 239 239 239 239 239 239 239 239 239 239 239 239 238 238 238 238 238 238 238 238 239 239 239 239 239 239 239 239 240 240 240 240 240 240 240 240 239 239 239 239 240 240 241 241 241 241 241 242 242 242 243 243 242 242 243 243 243 244 244 244 243 243 244 244 245 245 245 245 247 247 247 247 247 247 247 247 249 249 249 249 248 248 248 248 247 247 247 246 246 246 245 245 244 243 242 241 240 239 239 238 235 235 235 235 235 235 235 235 238 238 237 237 237 237 236 236 238 237 237 237 237 236 236 236 236 236 236 236 236 236 236 236 236 236 236 236 236 236 236 236 235 235 235 235 235 235 235 235 235 235 235 235 235 235 235 235 236 236 236 236 236 236 236 236 235 235 235 235 235 235 235 235 235 235 235 235 235 235 235 235 235 235 235 235 235 235 235 235 235 235 235 235 235 235 235 235 235 235 235 235 235 235 235 235 235 235 235 235 235 235 235 235 235 235 234 234 234 233 233 233 233 233 233 233 233 233 233 233 233 233 233 233 233 233 233 233 230 232 231 231 239 197 48
18 18 18 18 18 18 18 18 18 18 18 19 19 19 20 20 20 20 20 20 20 20 20 20 21 21 21 21 21 21 21 21 21 21 21 21 21 21 21 21 20 20 21 21 21 22 22 22 21 21 22 22 22 23 23 23 5 77 232 245 235 245 240 243 241 241 241 241 241 241 241 241 241 241 241 242 241 240 239 238 239 239 239 239 239 239 239 239 238 238 238 238 238 238 238 238 237 237 237 237 237 237 237 237 236 236 236 236 236 236 236 236 237 236 236 236 235 235 235 235 236 236 236 236 236 236 236 236 235 235 235 235 235 235 235 235 235 235 235 235 235 235 235 235 236 236 236 236 236 236 236 236 237 237 237 237 237 237 237 237 237 237 237 237 237 237 237 237 237 237 237 237 237 237 237 237 238 238 238 238 238 238 238 238 238 238 238 238 238 238 238 238 238 238 238 238 238 238 238 238 239 239 239 239 239 239 239 239 239 239 239 239 239 239 239 239 238 238 238 238 238 238 238 238 239 239 239 239 239 239 239 239 240 240 240 240 240 240 240 240 239 239 239 240 240 241 241 241 241 241 242 242 243 243 243 243 243 243 244 244 244 245 245 245 244 244 245 245 245 246 246 246 248 248 248 248 248 248 248 248 250 250 249 249 249 248 248 248 247 246 246 246 244 243 242 242 239 239 238 238 237 236 236 236 237 237 237 237 237 237 237 237 237 237 237 237 237 237 237 237 237 237 236 236 236 236 236 236 236 236 236 236 236 236 236 236 236 236 236 236 236 236 236 236 235 235 235 235 235 235 235 235 235 235 235 235 235 235 235 235 236 236 236 236 236 236 236 236 235 235 235 235 235 235 235 235 235 235 235 235 235 235 235 235 235 235 235 235 235 235 235 235 235 235 235 235 235 235 235 235 235 235 235 235 235 235 235 235 235 235 235 235 235 235 235 235 235 235 234 234 234 233 233 233 233 233 233 233 233 233 233 233 233 233 233 233 233 233 233 233 230 235 228 232 238 206 53
18 18 18 18 18 18 18 18 18 18 18 19 19 19 20 20 20 20 20 20 20 20 20 20 21 21 21 21 21 21 21 21 21 21 21 21 21 21 21 21 20 20 21 21 21 22 22 22 21 21 21 22 23 23 23 24 8 71 233 246 233 246 239 242 241 241 241 241 241 241 241 241 241 241 241 242 241 240 239 238 239 239 239 239 239 239 239 239 238 238 238 238 238 238 238 238 237 237 237 237 237 237 237 237 236 236 236 236 236 236 236 236 237 237 236 236 236 235 235 235 236 236 236 236 236 236 236 236 235 235 235 235 235 235 235 235 235 235 235 235 235 235 235 235 236 236 236 236 236 236 236 236 237 237 237 237 237 237 237 237 237 237 237 237 237 237 237 237 237 237 237 237 237 237 237 237 238 238 238 238 238 238 238 238 238 238 238 238 238 238 238 238 238 238 238 238 238 238 238 238 239 239 239 239 239 239 239 239 239 239 239 239 239 239 239 239 238 238 238 238 238 238 238 238 239 239 239 239 239 239 239 239 240 240 240 240 240 240 240 240 239 240 240 240 241 241 241 241 242 242 242 242 243 243 244 244 244 244 244 245 245 245 246 246 245 245 245 246 246 247 247 247 249 249 249 249 249 249 249 249 248 248 248 247 247 246 246 245 245 244 243 242 240 239 238 237 236 236 236 236 236 235 235 235 238 238 238 238 238 238 238 238 236 236 236 236 236 236 236 236 236 236 236 236 236 236 236 236 236 236 236 236 236 236 236 236 236 236 236 236 236 236 236 236 235 235 235 235 235 235 235 235 235 235 235 235 235 235 235 235 236 236 236 236 236 236 236 236 235 235 235 235 235 235 235 235 235 235 235 235 235 235 235 235 235 235 235 235 235 235 235 235 235 235 235 235 235 235 235 235 235 235 235 235 235 235 235 235 235 235 235 235 235 235 235 235 235 235 234 234 234 233 233 233 233 233 233 233 233 233 233 233 233 233 233 233 233 233 233 233 230 237 227 234 237 212 57
18 18 18 18 18 18 18 18 18 18 18 19 19 19 20 20 20 20 20 20 20 20 20 20 21 21 21 21 21 21 21 21 21 21 21 21 21 21 21 21 20 20 21 21 21 22 22 22 21 21 21 22 23 23 24 24 10 69 234 246 232 246 238 242 241 241 241 241 241 241 241 241 241 241 241 242 241 240 239 238 239 239 239 239 239 239 239 239 238 238 238 238 238 238 238 238 237 237 237 237 237 237 237 237 236 236 236 236 236 236 236 236 237 237 237 236 236 236 235 235 236 236 236 236 236 236 236 236 235 235 235 235 235 235 235 235 235 235 235 235 235 235 235 235 236 236 236 236 236 236 236 236 237 237 237 237 237 237 237 237 237 237 237 237 237 237 237 237 237 237 237 237 237 237 237 237 238 238 238 238 238 238 238 238 238 238 238 238 238 238 238 238 238 238 238 238 238 238 238 238 239 239 239 239 239 239 239 239 239 239 239 239 239 239 239 239 238 238 238 238 238 238 238 238 239 239 239 239 239 239 239 239 241 241 241 241 241 241 241 241 240 240 240 240 241 241 241 242 242 242 242 243 243 243 244 244 244 244 245 245 245 246 246 246 245 245 246 246 247 247 247 247 250 250 250 250 250 250 250 250 247 246 246 245 245 244 243 243 242 241 240 239 237 235 234 233 235 235 235 235 236 236 236 236 236 236 236 236 236 236 236 236 234 234 234 235 235 235 235 235 235 235 236 236 236 236 236 237 236 236 236 236 236 236 236 236 236 236 236 236 236 236 236 236 235 235 235 235 235 235 235 235 235 235 235 235 235 235 235 235 236 236 236 236 236 236 236 236 235 235 235 235 235 235 235 235 235 235 235 235 235 235 235 235 235 235 235 235 235 235 235 235 235 235 235 235 235 235 235 235 235 235 235 235 235 235 235 235 235 235 235 235 235 235 235 235 235 235 234 234 234 233 233 233 233 233 233 233 233 233 233 233 233 233 233 233 233 233 233 233 231 239 226 235 236 215 59
17 17 17 17 17 17 17 17 18 18 18 19 19 19 20 20 18 18 18 19 19 19 20 20 21 21 21 21 21 21 21 21 21 21 21 21 21 21 21 21 22 22 22 22 22 22 22 22 22 22 23 23 24 24 24 24 15 51 235 240 245 231 244 241 242 242 242 242 242 242 242 242 241 241 241 241 241 241 241 241 240 240 240 240 239 239 238 238 239 239 239 239 239 239 239 239 238 238 238 238 238 238 238 238 238 238 238 238 238 238 238 238 236 236 236 236 236 236 236 236 236 236 236 236 236 236 236 236 235 235 235 235 235 235 235 235 235 235 235 235 235 235 235 235 236 236 237 237 237 238 238 238 237 237 237 237 237 237 237 237 238 238 238 238 238 238 238 238 237 237 237 237 237 237 237 237 238 238 238 238 238 238 238 238 237 237 238 238 238 239 239 239 238 238 238 238 238 238 238 238 239 239 239 239 239 239 239 239 239 239 239 239 239 239 239 239 240 240 240 240 240 240 240 240 239 239 239 239 239 239 239 239 240 241 241 241 242 242 242 242 242 242 242 242 242 242 242 242 242 243 243 244 245 246 247 247 249 249 248 248 247 247 246 246 248 249 249 249 249 249 250 250 248 248 248 247 247 246 246 246 238 238 237 236 236 235 235 234 235 235 235 235 235 235 235 235 235 235 235 235 235 235 235 235 235 235 235 235 235 235 235 235 235 235 235 236 236 237 237 237 236 236 236 236 236 236 236 236 235 235 235 235 235 235 235 235 235 235 235 235 235 235 235 235 235 235 235 235 235 235 235 235 235 235 235 235 235 235 235 235 235 235 235 235 235 235 235 235 235 235 235 235 235 235 235 235 235 235 235 235 235 235 235 235 235 235 235 235 235 235 235 235 235 235 235 235 235 235 235 235 234 234 234 234 234 234 234 234 234 234 234 234 234 234 234 234 235 235 234 234 234 233 233 233 233 233 233 233 233 233 233 233 233 233 233 233 233 233 233 233 236 232 233 232 235 229 71
17 17 17 17 17 17 17 17 18 18 18 19 19 19 20 20 18 18 18 19 19 19 20 20 21 21 21 21 21 21 21 21 21 21 21 21 21 21 21 21 22 22 22 22 22 22 22 22 22 22 23 23 24 24 24 24 15 47 235 240 244 232 244 241 242 242 242 242 242 242 242 242 241 241 241 241 241 241 241 241 240 240 240 240 239 239 238 238 239 239 239 239 239 239 239 239 238 238 238 238 238 238 238 238 238 238 238 238 238 238 238 238 236 236 236 236 236 236 236 236 236 236 236 236 236 236 236 236 235 235 235 235 235 235 235 235 235 235 235 235 235 235 235 235 236 236 237 237 237 238 238 238 237 237 237 237 237 237 237 237 238 238 238 238 238 238 238 238 237 237 237 237 237 237 237 237 238 238 238 238 238 238 238 238 237 237 238 238 239 239 239 239 238 238 238 238 238 238 238 238 239 239 239 239 239 239 239 239 239 239 239 239 239 239 239 239 241 241 241 241 241 241 241 241 240 240 240 240 240 240 240 240 241 241 241 242 242 242 243 243 243 243 243 243 243 243 243 243 243 244 244 245 246 246 247 247 246 246 246 247 247 247 248 248 250 250 250 250 249 249 249 249 242 242 241 241 241 240 240 240 237 237 237 236 236 235 235 234 235 235 235 235 235 235 235 235 235 235 235 235 235 235 235 235 235 235 235 235 235 235 235 235 235 235 235 236 236 237 237 237 236 236 236 236 236 236 236 236 235 235 235 235 235 235 235 235 235 235 235 235 235 235 235 235 235 235 235 235 235 235 235 235 235 235 235 235 235 235 235 235 235 235 235 235 235 235 235 235 235 235 235 235 235 235 235 235 235 235 235 235 235 235 235 235 235 235 235 235 235 235 235 235 235 235 235 235 235 235 235 235 234 234 234 234 234 234 234 234 234 234 234 234 234 234 234 234 235 235 234 234 234 233 233 233 233 233 233 233 233 233 233 233 233 233 233 233 233 233 233 233 236 232 234 233 237 233 79
17 17 17 17 17 17 17 17 18 18 18 19 19 19 20 20 18 18 18 19 19 19 20 20 21 21 21 21 21 21 21 21 21 21 21 21 21 21 21 21 22 22 22 22 22 22 22 22 22 22 23 23 24 24 24 24 16 39 234 241 242 234 243 241 242 242 242 242 242 242 242 242 241 241 241 241 241 241 241 241 240 240 240 240 239 239 238 238 239 239 239 239 239 239 239 239 238 238 238 238 238 238 238 238 238 238 238 238 238 238 238 238 236 236 236 236 236 236 236 236 236 236 236 236 236 236 236 236 235 235 235 235 235 235 235 235 235 235 235 235 235 235 235 235 236 236 237 237 237 238 238 238 238 238 238 238 238 238 238 238 239 239 239 239 239 239 239 239 238 238 238 238 238 238 238 238 239 239 239 239 239 239 239 239 238 238 238 238 239 239 240 240 239 239 239 239 239 239 239 239 240 240 240 240 240 240 240 240 240 240 240 240 240 240 240 240 241 241 241 241 241 241 241 241 240 240 240 240 240 240 240 240 241 242 242 242 243 243 243 244 244 244 244 244 244 244 244 244 246 246 246 246 247 247 247 247 246 246 247 248 249 249 250 250 248 247 247 246 246 245 245 244 237 237 237 236 236 236 235 235 237 236 236 236 235 235 235 235 235 235 235 235 235 235 235 235 235 235 235 235 235 235 235 235 235 235 235 235 235 235 235 235 235 235 235 236 236 237 237 237 236 236 236 236 236 236 236 236 235 235 235 235 235 235 235 235 235 235 235 235 235 235 235 235 235 235 235 235 235 235 235 235 235 235 235 235 235 235 235 235 235 235 235 235 235 235 235 235 235 235 235 235 235 235 235 235 235 235 235 235 235 235 235 235 235 235 235 235 235 235 235 235 235 235 235 235 235 235 235 235 234 234 234 234 234 234 234 234 234 234 234 234 234 234 234 234 235 235 234 234 234 233 233 233 233 233 233 233 233 233 233 233 233 233 233 233 233 233 233 233 236 232 235 233 238 237 88
17 17 17 17 17 17 17 17 18 18 18 19 19 19 20 20 18 18 18 19 19 19 20 20 21 21 21 21 21 21 21 21 21 21 21 21 21 21 21 21 22 22 22 22 22 22 22 22 22 22 23 23 24 24 24 24 17 29 233 241 240 236 243 240 242 242 242 242 242 242 242 242 241 241 241 241 241 241 241 241 240 240 240 240 239 239 238 238 239 239 239 239 239 239 239 239 238 238 238 238 238 238 238 238 238 238 238 238 238 238 238 238 236 236 236 236 236 236 236 236 236 236 236 236 236 236 236 236 236 236 236 236 236 236 236 236 236 236 236 236 236 236 236 236 236 236 237 237 237 238 238 238 238 238 238 238 238 238 238 238 239 239 239 239 239 239 239 239 238 238 238 238 238 238 238 238 239 239 239 239 239 239 239 239 238 238 239 239 239 240 240 240 240 240 240 240 240 240 240 240 240 240 240 240 240 240 240 240 240 240 240 240 240 240 240 240 241 241 241 241 241 241 241 241 241 241 241 241 241 241 241 241 242 243 243 243 244 244 244 244 245 245 245 245 245 245 245 245 249 249 249 249 249 248 248 248 248 248 248 249 249 249 249 249 242 242 241 240 239 238 237 237 237 237 237 236 236 235 235 235 235 235 235 235 235 235 235 235 235 235 235 235 235 235 235 235 235 235 235 235 235 235 235 235 235 235 235 235 235 235 235 235 235 235 235 236 236 237 237 237 236 236 236 236 236 236 236 236 235 235 235 235 235 235 235 235 235 235 235 235 235 235 235 235 235 235 235 235 235 235 235 235 235 235 235 235 235 235 235 235 235 235 235 235 235 235 235 235 235 235 235 235 235 235 235 235 235 235 235 235 235 235 235 235 235 235 235 235 235 235 235 235 235 235 235 235 235 235 235 235 234 234 234 234 234 234 234 234 234 234 234 234 234 234 234 234 235 235 234 234 234 233 233 233 233 233 233 233 233 233 233 233 233 233 233 233 233 233 233 233 236 233 235 232 237 239 97
17 17 17 17 17 17 17 17 18 18 18 19 19 19 20 20 18 18 18 19 19 19 20 20 21 21 21 21 21 21 21 21 21 21 21 21 21 21 21 21 22 22 22 22 22 22 22 22 22 22 23 23 24 24 24 24 17 18 233 242 237 238 242 240 242 242 242 242 242 242 242 242 241 241 241 241 241 241 241 241 240 240 240 240 239 239 238 238 239 239 239 239 239 239 239 239 238 238 238 238 238 238 238 238 238 238 238 238 238 238 238 238 236 236 236 236 236 236 236 236 236 236 236 236 236 236 236 236 236 236 236 236 236 236 236 236 236 236 236 236 236 236 236 236 236 236 237 237 237 238 238 238 239 239 239 239 239 239 239 239 240 240 240 240 240 240 240 240 239 239 239 239 239 239 239 239 240 240 240 240 240 240 240 240 239 239 239 239 240 240 241 241 241 241 241 241 241 241 241 241 241 241 241 241 241 241 241 241 241 241 241 241 241 241 241 241 242 242 242 242 242 242 242 242 242 242 242 242 242 242 242 242 243 243 244 244 245 245 245 245 247 247 247 247 247 247 247 247 251 251 250 250 249 248 248 248 247 247 246 245 244 243 242 242 239 238 238 237 236 235 234 234 237 236 236 236 235 235 235 235 234 234 234 235 235 235 235 235 235 235 235 235 235 235 235 235 235 235 235 235 235 235 235 235 235 235 235 235 235 235 235 235 235 235 235 236 236 237 237 237 236 236 236 236 236 236 236 236 235 235 235 235 235 235 235 235 235 235 235 235 235 235 235 235 235 235 235 235 235 235 235 235 235 235 235 235 235 235 235 235 235 235 235 235 235 235 235 235 235 235 235 235 235 235 235 235 235 235 235 235 235 235 235 235 235 235 235 235 235 235 235 235 235 235 235 235 235 235 235 235 234 234 234 234 234 234 234 234 234 234 234 234 234 234 234 234 235 235 234 234 234 233 233 233 233 233 233 233 233 233 233 233 233 233 233 233 233 233 233 233 236 234 235 231 234 240 104
17 17 17 17 17 17 17 17 18 18 18 19 19 19 20 20 18 18 18 19 19 19 20 20 21 21 21 21 21 21 21 21 21 21 21 21 21 21 21 21 22 22 22 22 22 22 22 22 22 22 23 23 24 24 24 24 18 8 232 243 235 241 241 239 242 242 242 242 242 242 242 242 241 241 241 241 241 241 241 241 240 240 240 240 239 239 238 238 239 239 239 239 239 239 239 239 238 238 238 238 238 238 238 238 238 238 238 238 238 238 238 238 236 236 236 236 236 236 236 236 236 236 236 236 236 236 236 236 237 237 237 237 237 237 237 237 237 237 237 237 237 237 237 237 236 236 237 237 237 238 238 238 239 239 239 239 239 239 239 239 240 240 240 240 240 240 240 240 239 239 239 239 239 239 239 239 240 240 240 240 240 240 240 240 239 239 239 240 240 241 241 241 242 242 242 242 242 242 242 242 241 241 241 241 241 241 241 241 241 241 241 241 241 241 241 241 242 242 242 242 242 242 242 242 243 243 243 243 243 243 243 243 244 244 245 245 245 246 246 246 248 248 248 248 248 248 248 248 250 249 248 247 246 245 244 244 241 241 240 238 236 235 233 233 238 238 237 237 236 235 235 235 234 234 234 234 233 233 233 232 233 233 234 234 234 235 235 235 235 235 235 235 235 235 235 235 235 235 235 235 235 235 235 235 235 235 235 235 235 235 235 235 235 235 235 236 236 237 237 237 236 236 236 236 236 236 236 236 235 235 235 235 235 235 235 235 235 235 235 235 235 235 235 235 235 235 235 235 235 235 235 235 235 235 235 235 235 235 235 235 235 235 235 235 235 235 235 235 235 235 235 235 235 235 235 235 235 235 235 235 235 235 235 235 235 235 235 235 235 235 235 235 235 235 235 235 235 235 235 235 234 234 234 234 234 234 234 234 234 234 234 234 234 234 234 234 235 235 234 234 234 233 233 233 233 233 233 233 233 233 233 233 233 233 233 233 233 233 233 233 235 233 235 229 234 243 114
17 17 17 17 17 17 17 17 18 18 18 19 19 19 20 20 18 18 18 19 19 19 20 20 21 21 21 21 21 21 21 21 21 21 21 21 21 21 21 21 22 22 22 22 22 22 22 22 22 22 23 23 24 24 24 24 19 0 231 243 233 242 241 239 242 242 242 242 242 242 242 242 241 241 241 241 241 241 241 241 240 240 240 240 239 239 238 238 239 239 239 239 239 239 239 239 238 238 238 238 238 238 238 238 238 238 238 238 238 238 238 238 236 236 236 236 236 236 236 236 236 236 236 236 236 236 236 236 237 237 237 237 237 237 237 237 237 237 237 237 237 237 237 237 236 236 237 237 237 238 238 238 239 239 239 239 239 239 239 239 240 240 240 240 240 240 240 240 239 239 239 239 239 239 239 239 240 240 240 240 240 240 240 240 239 240 240 240 241 241 241 241 243 243 243 243 243 243 243 243 242 242 242 242 242 242 242 242 242 242 242 242 242 242 242 242 243 243 243 243 243 243 243 243 244 244 244 244 244 244 244 244 245 245 245 246 246 247 247 247 249 249 249 249 249 249 249 249 245 245 244 242 241 239 238 238 237 236 236 235 233 232 231 231 235 235 235 235 235 235 235 235 234 234 234 233 233 233 232 232 232 233 233 234 234 235 235 235 235 235 235 235 235 235 235 235 235 235 235 235 235 235 235 235 235 235 235 235 235 235 235 235 235 235 235 236 236 237 237 237 236 236 236 236 236 236 236 236 235 235 235 235 235 235 235 235 235 235 235 235 235 235 235 235 235 235 235 235 235 235 235 235 235 235 235 235 235 235 235 235 235 235 235 235 235 235 235 235 235 235 235 235 235 235 235 235 235 235 235 235 235 235 235 235 235 235 235 235 235 235 235 235 235 235 235 235 235 235 235 235 234 234 234 234 234 234 234 234 234 234 234 234 234 234 234 234 235 235 234 234 234 233 233 233 233 233 233 233 233 233 233 233 233 233 233 233 233 233 233 233 232 232 234 229 235 249 126
17 17 17 17 17 17 17 17 18 18 18 19 19 19 20 20 18 18 18 19 19 19 20 20 21 21 21 21 21 21 21 21 21 21 21 21 21 21 21 21 22 22 22 22 22 22 22 22 22 22 23 23 24 24 24 24 19 0 231 243 232 243 241 239 242 242 242 242 242 242 242 242 241 241 241 241 241 241 241 241 240 240 240 240 239 239 238 238 239 239 239 239 239 239 239 239 238 238 238 238 238 238 238 238 238 238 238 238 238 238 238 238 236 236 236 236 236 236 236 236 236 236 236 236 236 236 236 236 237 237 237 237 237 237 237 237 237 237 237 237 237 237 237 237 236 236 237 237 237 238 238 238 239 239 239 239 239 239 239 239 241 241 241 241 241 241 241 241 239 239 239 239 239 239 239 239 241 241 241 241 241 241 241 241 240 240 240 240 241 241 241 242 243 243 243 243 243 243 243 243 242 242 242 242 242 242 242 242 242 242 242 242 242 242 242 242 243 243 243 243 243 243 243 243 244 244 244 244 244 244 244 244 245 245 246 246 247 247 247 247 250 250 250 250 250 250 250 250 242 241 240 238 237 235 234 233 236 236 236 235 235 235 235 235 231 232 232 232 232 232 233 233 236 236 236 235 235 234 234 234 232 232 233 233 234 235 235 235 235 235 235 235 235 235 235 235 235 235 235 235 235 235 235 235 235 235 235 235 235 235 235 235 235 235 235 236 236 237 237 237 236 236 236 236 236 236 236 236 235 235 235 235 235 235 235 235 235 235 235 235 235 235 235 235 235 235 235 235 235 235 235 235 235 235 235 235 235 235 235 235 235 235 235 235 235 235 235 235 235 235 235 235 235 235 235 235 235 235 235 235 235 235 235 235 235 235 235 235 235 235 235 235 235 235 235 235 235 235 235 235 234 234 234 234 234 234 234 234 234 234 234 234 234 234 234 234 235 235 234 234 234 233 233 233 233 233 233 233 233 233 233 233 233 233 233 233 233 233 233 233 230 230 233 230 237 253 135
17 17 17 17 17 17 17 17 18 18 18 19 19 19 20 20 20 20 20 20 20 20 20 20 20 20 20 20 20 20 20 20 20 20 21 21 21 22 22 22 22 22 22 22 22 22 22 22 21 21 22 22 22 23 23 23 22 4 218 251 237 246 234 244 242 242 242 242 242 242 242 242 242 242 242 242 242 242 242 242 242 242 242 242 242 242 242 242 242 242 242 242 242 242 242 242 239 239 239 239 239 239 239 239 238 238 238 238 238 238 238 238 239 239 239 238 238 238 237 237 237 237 237 237 237 237 237 237 238 238 238 238 238 238 238 238 236 236 236 237 237 238 238 238 238 238 238 238 238 238 238 238 238 238 239 239 239 240 240 240 239 239 239 239 239 239 239 239 239 239 239 239 239 239 239 239 239 239 239 239 239 239 239 239 242 242 242 242 242 242 242 242 243 243 243 243 243 243 243 243 242 242 242 242 243 243 243 244 244 244 244 245 245 245 245 246 242 242 243 245 247 249 250 250 250 249 247 245 244 245 246 247 251 251 251 251 250 250 250 250 245 245 243 242 240 239 237 237 235 235 235 235 235 235 235 235 234 234 234 234 234 234 234 234 234 234 234 234 234 234 234 234 234 234 234 234 234 234 234 234 234 234 234 234 234 234 234 234 235 235 235 235 235 235 235 235 235 235 235 235 235 235 235 235 235 235 235 235 235 235 235 235 235 235 235 236 236 237 237 237 236 236 236 236 236 236 236 236 235 235 235 235 235 235 235 235 235 235 235 235 235 235 235 235 235 235 235 235 235 235 235 235 235 235 235 235 235 235 235 235 235 235 235 235 235 235 235 235 235 235 235 235 235 235 235 235 235 235 235 235 235 235 235 235 235 235 235 235 235 235 235 235 234 234 234 234 234 234 234 234 234 234 234 234 234 234 234 234 234 234 234 234 234 234 234 234 235 235 234 234 234 233 233 233 233 233 233 233 233 233 233 233 233 233 233 233 233 233 233 233 237 226 238 235 231 237 164
17 17 17 17 17 17 17 17 18 18 18 19 19 19 20 20 20 20 20 20 20 20 20 20 20 20 20 20 20 20 20 20 20 20 21 21 21 22 22 22 22 22 22 22 22 22 22 22 21 21 22 22 22 23 23 23 22 4 217 250 237 246 235 244 242 242 242 242 242 242 242 242 242 242 242 242 242 242 242 242 242 242 242 242 242 242 242 242 242 242 242 242 242 242 242 242 239 239 239 239 239 239 239 239 238 238 238 238 238 238 238 238 239 239 239 238 238 238 237 237 237 237 237 237 237 237 237 237 238 238 238 238 238 238 238 238 236 236 237 237 237 238 238 238 238 238 238 238 238 238 238 238 238 239 239 239 240 240 240 241 240 240 240 240 240 240 240 240 240 240 240 240 240 240 240 240 240 240 240 240 240 240 240 240 242 242 242 242 242 242 242 242 243 243 243 243 243 243 243 243 242 242 242 243 243 244 244 244 243 243 244 244 244 245 245 245 246 246 246 246 246 246 246 246 246 247 248 248 249 249 249 249 247 247 246 246 246 245 245 245 239 239 238 237 235 234 233 233 235 235 235 235 235 235 235 235 234 234 234 234 234 234 234 234 234 234 234 234 234 234 234 234 234 234 234 234 234 234 234 234 234 234 234 234 234 234 234 234 235 235 235 235 235 235 235 235 235 235 235 235 235 235 235 235 235 235 235 235 235 235 235 235 235 235 235 236 236 237 237 237 236 236 236 236 236 236 236 236 235 235 235 235 235 235 235 235 235 235 235 235 235 235 235 235 235 235 235 235 235 235 235 235 235 235 235 235 235 235 235 235 235 235 235 235 235 235 235 235 235 235 235 235 235 235 235 235 235 235 235 235 235 235 235 235 235 235 235 235 235 235 235 235 234 234 234 234 234 234 234 234 234 234 234 234 234 234 234 234 234 234 234 234 234 234 234 234 235 235 234 234 234 233 233 233 233 233 233 233 233 233 233 233 233 233 233 233 233 233 233 233 235 226 235 234 231 239 172
17 17 17 17 17 17 17 17 18 18 18 19 19 19 20 20 20 20 20 20 20 20 20 20 20 20 20 20 20 20 20 20 20 20 21 21 21 22 22 22 22 22 22 22 22 22 22 22 21 21 22 22 22 23 23 23 23 3 215 249 237 247 235 244 242 242 242 242 242 242 242 242 242 242 242 242 242 242 242 242 242 242 242 242 242 242 242 242 242 242 242 242 242 242 242 242 239 239 239 239 239 239 239 239 239 239 239 239 239 239 239 239 239 239 239 238 238 238 237 237 237 237 237 237 237 237 237 237 238 238 238 238 238 238 238 238 237 237 237 237 238 238 238 239 239 239 239 239 239 239 239 239 239 239 239 240 240 240 241 241 240 240 240 240 240 240 240 240 240 240 240 240 240 240 240 240 240 240 240 240 240 240 240 240 242 242 242 242 242 242 242 242 243 243 243 243 243 243 243 243 243 243 243 243 244 244 245 245 243 243 243 244 244 245 245 246 248 248 248 247 247 246 246 246 245 247 249 251 251 249 247 246 240 240 240 240 239 239 238 238 234 234 234 233 233 232 232 232 234 234 234 234 234 234 234 234 234 234 234 234 234 234 234 234 234 234 234 234 234 234 234 234 234 234 234 234 234 234 234 234 234 234 234 234 234 234 234 234 235 235 235 235 235 235 235 235 235 235 235 235 235 235 235 235 235 235 235 235 235 235 235 235 235 235 235 236 236 237 237 237 236 236 236 236 236 236 236 236 235 235 235 235 235 235 235 235 235 235 235 235 235 235 235 235 235 235 235 235 235 235 235 235 235 235 235 235 235 235 235 235 235 235 235 235 235 235 235 235 235 235 235 235 235 235 235 235 235 235 235 235 235 235 235 235 235 235 235 235 235 235 235 235 234 234 234 234 234 234 234 234 234 234 234 234 234 234 234 234 234 234 234 234 234 234 234 234 235 235 234 234 234 233 233 233 233 233 233 233 233 233 233 233 233 233 233 233 233 233 233 233 233 227 232 233 231 240 184
17 17 17 17 17 17 17 17 18 18 18 19 19 19 20 20 20 20 20 20 20 20 20 20 20 20 20 20 20 20 20 20 20 20 21 21 21 22 22 22 22 22 22 22 22 22 22 22 21 21 22 22 22 23 23 23 23 2 213 247 237 247 236 244 242 242 242 242 242 242 242 242 242 242 242 242 242 242 242 242 242 242 242 242 242 242 242 242 242 242 242 242 242 242 242 242 239 239 239 239 239 239 239 239 239 239 239 239 239 239 239 239 239 239 239 238 238 238 237 237 237 237 237 237 237 237 237 237 238 238 238 238 238 238 238 238 237 237 237 238 238 239 239 239 239 239 239 239 239 239 239 239 239 239 240 240 240 241 241 241 241 241 241 241 241 241 241 241 241 241 241 241 241 241 241 241 241 241 241 241 241 241 241 241 243 243 243 243 243 243 243 243 244 244 244 244 244 244 244 244 243 244 244 244 245 245 245 246 244 245 245 245 246 246 247 247 246 247 247 248 248 249 249 250 247 247 247 246 244 242 239 237 236 236 236 235 235 234 234 234 234 234 234 234 235 235 235 235 234 234 234 234 234 234 234 234 234 234 234 234 234 234 234 234 234 234 234 234 234 234 234 234 234 234 234 234 234 234 234 234 234 234 234 234 234 234 234 234 235 235 235 235 235 235 235 235 235 235 235 235 235 235 235 235 235 235 235 235 235 235 235 235 235 235 235 236 236 237 237 237 236 236 236 236 236 236 236 236 235 235 235 235 235 235 235 235 235 235 235 235 235 235 235 235 235 235 235 235 235 235 235 235 235 235 235 235 235 235 235 235 235 235 235 235 235 235 235 235 235 235 235 235 235 235 235 235 235 235 235 235 235 235 235 235 235 235 235 235 235 235 235 235 234 234 234 234 234 234 234 234 234 234 234 234 234 234 234 234 234 234 234 234 234 234 234 234 235 235 234 234 234 233 233 233 233 233 233 233 233 233 233 233 233 233 233 233 233 233 233 233 234 231 230 233 230 239 195
17 17 17 17 17 17 17 17 18 18 18 19 19 19 20 20 20 20 20 20 20 20 20 20 20 20 20 20 20 20 20 20 20 20 21 21 21 22 22 22 22 22 22 22 22 22 22 22 21 21 22 22 22 23 23 23 24 1 211 245 236 248 236 244 242 242 242 242 242 242 242 242 242 242 242 242 242 242 242 242 242 242 242 242 242 242 242 242 242 242 242 242 242 242 242 242 239 239 239 239 239 239 239 239 240 240 240 240 240 240 240 240 239 239 239 238 238 238 237 237 237 237 237 237 237 237 237 237 238 238 238 238 238 238 238 238 237 238 238 238 239 239 239 240 240 240 240 240 240 240 240 240 240 240 240 241 241 241 242 242 242 242 242 242 242 242 242 242 242 242 242 242 242 242 242 242 242 242 242 242 242 242 242 242 243 243 243 243 243 243 243 243 244 244 244 244 244 244 244 244 244 245 245 245 246 246 246 247 247 247 247 247 247 247 247 247 247 247 247 248 248 248 248 248 244 242 239 237 235 234 234 234 235 235 234 234 233 233 233 233 234 234 235 235 235 236 236 236 234 234 234 234 234 234 234 234 234 234 234 234 234 234 234 234 234 234 234 234 234 234 234 234 234 234 234 234 234 234 234 234 234 234 234 234 234 234 234 234 235 235 235 235 235 235 235 235 235 235 235 235 235 235 235 235 235 235 235 235 235 235 235 235 235 235 235 236 236 237 237 237 236 236 236 236 236 236 236 236 235 235 235 235 235 235 235 235 235 235 235 235 235 235 235 235 235 235 235 235 235 235 235 235 235 235 235 235 235 235 235 235 235 235 235 235 235 235 235 235 235 235 235 235 235 235 235 235 235 235 235 235 235 235 235 235 235 235 235 235 235 235 235 235 234 234 234 234 234 234 234 234 234 234 234 234 234 234 234 234 234 234 234 234 234 234 234 234 235 235 234 234 234 233 233 233 233 233 233 233 233 233 233 233 233 233 233 233 233 233 233 233 235 237 229 234 230 236 203
17 17 17 17 17 17 17 17 18 18 18 19 19 19 20 20 20 20 20 20 20 20 20 20 20 20 20 20 20 20 20 20 20 20 21 21 21 22 22 22 22 22 22 22 22 22 22 22 21 21 22 22 22 23 23 23 24 0 209 243 236 249 237 244 242 242 242 242 242 242 242 242 242 242 242 242 242 242 242 242 242 242 242 242 242 242 242 242 242 242 242 242 242 242 242 242 239 239 239 239 239 239 239 239 240 240 240 240 240 240 240 240 239 239 239 238 238 238 237 237 237 237 237 237 237 237 237 237 238 238 238 238 238 238 238 238 238 238 238 239 239 240 240 240 240 240 240 240 240 240 240 240 240 240 241 241 241 242 242 242 243 243 243 243 243 243 243 243 243 243 243 243 243 243 243 243 243 243 243 243 243 243 243 243 243 243 243 243 243 243 243 243 245 245 245 245 245 245 245 245 245 245 246 246 247 247 247 247 249 249 248 247 246 246 245 245 249 248 247 245 243 241 240 239 235 234 232 230 230 232 234 236 235 235 234 234 234 233 233 233 233 233 233 233 233 233 234 234 233 233 233 233 233 233 233 233 234 234 234 234 234 234 234 234 234 234 234 234 234 234 234 234 234 234 234 234 234 234 234 234 234 234 234 234 234 234 234 234 235 235 235 235 235 235 235 235 235 235 235 235 235 235 235 235 235 235 235 235 235 235 235 235 235 235 235 236 236 237 237 237 236 236 236 236 236 236 236 236 235 235 235 235 235 235 235 235 235 235 235 235 235 235 235 235 235 235 235 235 235 235 235 235 235 235 235 235 235 235 235 235 235 235 235 235 235 235 235 235 235 235 235 235 235 235 235 235 235 235 235 235 235 235 235 235 235 235 235 235 235 235 235 235 234 234 234 234 234 234 234 234 234 234 234 234 234 234 234 234 234 234 234 234 234 234 234 234 235 235 234 234 234 233 233 233 233 233 233 233 233 233 233 233 233 233 233 233 233 233 233 233 233 241 227 235 229 233 210
17 17 17 17 17 17 17 17 18 18 18 19 19 19 20 20 20 20 20 20 20 20 20 20 20 20 20 20 20 20 20 20 20 20 21 21 21 22 22 22 22 22 22 22 22 22 22 22 21 21 22 22 22 23 23 23 24 0 208 242 235 249 237 244 242 242 242 242 242 242 242 242 242 242 242 242 242 242 242 242 242 242 242 242 242 242 242 242 242 242 242 242 242 242 242 242 239 239 239 239 239 239 239 239 240 240 240 240 240 240 240 240 239 239 239 238 238 238 237 237 237 237 237 237 237 237 237 237 238 238 238 238 238 238 238 238 238 238 239 239 239 240 240 240 240 240 240 240 240 240 240 240 240 241 241 241 242 242 242 243 244 244 244 244 244 244 244 244 244 244 244 244 244 244 244 244 244 244 244 244 244 244 244 244 244 244 244 244 244 244 244 244 245 245 245 245 245 245 245 245 246 246 246 247 247 248 248 248 249 249 247 246 244 242 241 240 244 243 242 240 237 235 233 232 232 232 232 232 233 233 234 235 235 235 235 234 234 233 233 233 233 233 233 232 232 232 232 232 233 233 233 233 233 233 233 233 234 234 234 234 234 234 234 234 234 234 234 234 234 234 234 234 234 234 234 234 234 234 234 234 234 234 234 234 234 234 234 234 235 235 235 235 235 235 235 235 235 235 235 235 235 235 235 235 235 235 235 235 235 235 235 235 235 235 235 236 236 237 237 237 236 236 236 236 236 236 236 236 235 235 235 235 235 235 235 235 235 235 235 235 235 235 235 235 235 235 235 235 235 235 235 235 235 235 235 235 235 235 235 235 235 235 235 235 235 235 235 235 235 235 235 235 235 235 235 235 235 235 235 235 235 235 235 235 235 235 235 235 235 235 235 235 234 234 234 234 234 234 234 234 234 234 234 234 234 234 234 234 234 234 234 234 234 234 234 234 235 235 234 234 234 233 233 233 233 233 233 233 233 233 233 233 233 233 233 233 233 233 233 233 229 241 224 236 230 232 216
17 17 17 17 17 17 17 17 18 18 18 19 19 19 20 20 20 20 20 20 20 20 20 20 20 20 20 20 20 20 20 20 20 20 21 21 21 22 22 22 22 22 22 22 22 22 22 22 21 21 22 22 22 23 23 23 25 0 207 241 235 249 237 244 242 242 242 242 242 242 242 242 242 242 242 242 242 242 242 242 242 242 242 242 242 242 242 242 242 242 242 242 242 242 242 242 239 239 239 239 239 239 239 239 241 241 241 241 241 241 241 241 239 239 239 238 238 238 237 237 237 237 237 237 237 237 237 237 238 238 238 238 238 238 238 238 238 239 239 239 240 240 240 241 241 241 241 241 241 241 241 241 241 241 241 242 242 242 243 243 244 244 244 244 244 244 244 244 244 244 244 244 244 244 244 244 244 244 244 244 244 244 244 244 244 244 244 244 244 244 244 244 245 245 245 245 245 245 245 245 246 247 247 247 248 248 248 248 249 248 246 244 241 239 237 237 236 236 235 234 233 233 232 232 234 235 236 237 236 234 232 231 235 235 234 234 234 233 233 233 235 235 234 234 234 233 233 233 233 233 233 233 233 233 233 233 234 234 234 234 234 234 234 234 234 234 234 234 234 234 234 234 234 234 234 234 234 234 234 234 234 234 234 234 234 234 234 234 235 235 235 235 235 235 235 235 235 235 235 235 235 235 235 235 235 235 235 235 235 235 235 235 235 235 235 236 236 237 237 237 236 236 236 236 236 236 236 236 235 235 235 235 235 235 235 235 235 235 235 235 235 235 235 235 235 235 235 235 235 235 235 235 235 235 235 235 235 235 235 235 235 235 235 235 235 235 235 235 235 235 235 235 235 235 235 235 235 235 235 235 235 235 235 235 235 235 235 235 235 235 235 235 234 234 234 234 234 234 234 234 234 234 234 234 234 234 234 234 234 234 234 234 234 234 234 234 235 235 234 234 234 233 233 233 233 233 233 233 233 233 233 233 233 233 233 233 233 233 233 233 224 240 222 236 230 232 220
17 17 17 17 17 17 17 17 18 18 18 19 19 19 20 20 20 20 20 20 20 20 20 20 19 19 19 19 19 19 19 19 21 21 21 21 21 21 21 21 21 21 21 21 21 21 21 21 21 21 22 22 22 23 23 23 24 7 186 246 245 230 249 243 243 243 243 243 243 243 243 243 244 244 243 243 243 242 242 242 243 243 243 243 243 243 243 243 243 243 243 243 243 243 243 243 242 242 242 242 242 242 242 242 242 242 242 242 242 242 242 242 238 238 238 238 238 238 238 238 239 239 239 239 239 239 239 239 239 239 239 239 239 239 239 239 239 240 240 240 241 241 241 241 242 242 242 242 242 242 242 242 242 242 242 242 243 243 244 244 243 243 243 244 244 244 245 245 243 243 244 244 245 246 247 247 243 243 243 243 242 242 242 241 245 245 245 245 245 246 246 246 246 246 247 247 247 247 247 247 252 251 250 248 246 244 242 241 235 235 235 235 235 235 235 235 233 233 233 233 233 233 233 233 233 233 233 233 233 233 233 233 233 233 233 233 233 233 233 233 233 233 233 233 233 233 233 233 233 233 233 233 233 233 233 233 233 233 233 233 233 233 233 233 234 234 234 234 234 234 234 234 234 234 234 234 234 234 234 234 234 234 234 234 234 234 234 234 234 234 234 234 234 234 234 234 235 235 235 235 235 235 235 235 235 235 235 235 235 235 235 235 235 235 235 235 235 235 235 235 236 236 236 236 236 236 236 236 235 235 235 235 235 235 235 235 235 235 235 235 235 235 235 235 235 235 235 235 235 235 235 235 235 235 235 235 235 235 235 235 235 235 235 235 235 235 235 235 235 235 235 235 235 235 235 235 235 235 235 235 235 235 235 235 236 236 235 235 235 234 234 234 234 234 234 234 234 234 234 234 234 234 234 234 234 234 234 234 234 234 234 234 234 234 234 234 234 234 234 234 234 234 234 234 233 233 233 233 233 233 233 233 233 233 233 233 233 233 233 233 233 232 232 232 231 231 231
17 17 17 17 17 17 17 17 18 18 18 19 19 19 20 20 20 20 20 20 20 20 20 20 19 19 19 19 19 19 19 19 21 21 21 21 21 21 21 21 21 21 21 21 21 21 21 21 21 21 22 22 22 23 23 23 24 7 183 246 244 232 248 243 243 243 243 243 243 243 243 243 244 244 243 243 243 242 242 242 243 243 243 243 243 243 243 243 243 243 243 243 243 243 243 243 242 242 242 242 242 242 242 242 242 242 242 242 242 242 242 242 238 238 238 238 238 238 238 238 239 239 239 239 239 239 239 239 239 239 239 239 239 239 239 239 240 240 240 240 241 241 241 242 242 242 242 242 242 242 242 242 242 242 242 243 243 243 244 244 243 243 243 244 244 245 245 245 245 245 245 246 246 246 246 246 246 246 245 245 245 245 245 245 247 247 247 247 247 247 247 247 245 245 245 245 245 245 245 245 244 243 242 240 239 237 236 235 231 231 231 231 231 231 231 231 233 233 233 233 233 233 233 233 233 233 233 233 233 233 233 233 233 233 233 233 233 233 233 233 233 233 233 233 233 233 233 233 233 233 233 233 233 233 233 233 233 233 233 233 233 233 233 233 234 234 234 234 234 234 234 234 234 234 234 234 234 234 234 234 234 234 234 234 234 234 234 234 234 234 234 234 234 234 234 234 235 235 235 235 235 235 235 235 235 235 235 235 235 235 235 235 235 235 235 235 235 235 235 235 236 236 236 236 236 236 236 236 235 235 235 235 235 235 235 235 235 235 235 235 235 235 235 235 235 235 235 235 235 235 235 235 235 235 235 235 235 235 235 235 235 235 235 235 235 235 235 235 235 235 235 235 235 235 235 235 235 235 235 235 235 235 235 235 236 236 235 235 235 234 234 234 234 234 234 234 234 234 234 234 234 234 234 234 234 234 234 234 234 234 234 234 234 234 234 234 234 234 234 234 234 234 234 234 233 233 233 233 233 233 233 233 233 233 233 233 233 233 233 233 233 232 232 232 231 231 231
17 17 17 17 17 17 17 17 18 18 18 19 19 19 20 20 20 20 20 20 20 20 20 20 19 19 19 19 19 19 19 19 21 21 21 21 21 21 21 21 21 21 21 21 21 21 21 21 21 21 22 22 22 23 23 23 24 5 178 247 243 234 247 243 243 243 243 243 243 243 243 243 244 244 243 243 243 242 242 242 243 243 243 243 243 243 243 243 243 243 243 243 243 243 243 243 242 242 242 242 242 242 242 242 242 242 242 242 242 242 242 242 239 239 239 239 239 239 239 239 240 240 240 240 240 240 240 240 240 240 240 240 240 240 240 240 240 240 240 241 241 242 242 242 242 242 242 242 242 242 242 242 242 242 243 243 243 244 244 244 243 243 244 244 245 245 245 245 247 247 247 247 247 246 246 246 246 246 246 247 247 247 247 247 249 249 249 248 247 247 246 246 244 243 243 242 242 241 240 240 236 236 235 234 233 232 232 231 230 230 230 230 230 230 230 230 233 233 233 233 233 233 233 233 233 233 233 233 233 233 233 233 233 233 233 233 233 233 233 233 233 233 233 233 233 233 233 233 233 233 233 233 233 233 233 233 233 233 233 233 233 233 233 233 234 234 234 234 234 234 234 234 234 234 234 234 234 234 234 234 234 234 234 234 234 234 234 234 234 234 234 234 234 234 234 234 235 235 235 235 235 235 235 235 235 235 235 235 235 235 235 235 235 235 235 235 235 235 235 235 236 236 236 236 236 236 236 236 235 235 235 235 235 235 235 235 235 235 235 235 235 235 235 235 235 235 235 235 235 235 235 235 235 235 235 235 235 235 235 235 235 235 235 235 235 235 235 235 235 235 235 235 235 235 235 235 235 235 235 235 235 235 235 235 236 236 235 235 235 234 234 234 234 234 234 234 234 234 234 234 234 234 234 234 234 234 234 234 234 234 234 234 234 234 234 234 234 234 234 234 234 234 234 234 233 233 233 233 233 233 233 233 233 233 233 233 233 233 233 233 233 232 232 232 231 231 231
17 17 17 17 17 17 17 17 18 18 18 19 19 19 20 20 20 20 20 20 20 20 20 20 20 20 20 20 20 20 20 20 21 21 21 21 21 21 21 21 21 21 21 21 21 21 21 21 21 21 22 22 22 23 23 23 24 4 171 249 242 237 246 243 243 243 243 243 243 243 243 243 244 244 243 243 243 242 242 242 243 243 243 243 243 243 243 243 243 243 243 243 243 243 243 243 242 242 242 242 242 242 242 242 242 242 242 242 242 242 242 242 239 239 239 239 239 239 239 239 240 240 240 240 240 240 240 240 240 240 240 240 240 240 240 240 240 240 241 241 242 242 242 242 243 243 243 243 243 243 243 243 243 243 243 243 244 244 245 245 244 244 244 245 245 245 246 246 247 247 247 247 248 248 248 248 245 246 246 246 246 247 247 247 248 248 247 246 245 244 243 243 241 241 240 239 238 237 236 236 234 234 234 234 234 234 234 234 233 233 233 233 233 233 233 233 233 233 233 233 233 233 233 233 233 233 233 233 233 233 233 233 233 233 233 233 233 233 233 233 233 233 233 233 233 233 233 233 233 233 233 233 233 233 233 233 233 233 233 233 233 233 233 233 234 234 234 234 234 234 234 234 234 234 234 234 234 234 234 234 234 234 234 234 234 234 234 234 234 234 234 234 234 234 234 234 235 235 235 235 235 235 235 235 235 235 235 235 235 235 235 235 235 235 235 235 235 235 235 235 236 236 236 236 236 236 236 236 235 235 235 235 235 235 235 235 235 235 235 235 235 235 235 235 235 235 235 235 235 235 235 235 235 235 235 235 235 235 235 235 235 235 235 235 235 235 235 235 235 235 235 235 235 235 235 235 235 235 235 235 235 235 235 235 236 236 235 235 235 234 234 234 234 234 234 234 234 234 234 234 234 234 234 234 234 234 234 234 234 234 234 234 234 234 234 234 234 234 234 234 234 234 234 234 233 233 233 233 233 233 233 233 233 233 233 233 233 233 233 233 233 232 232 232 231 231 231
17 17 17 17 17 17 17 17 18 18 18 19 19 19 20 20 20 20 20 20 20 20 20 20 20 20 20 20 20 20 20 20 21 21 21 21 21 21 21 21 21 21 21 21 21 21 21 21 21 21 22 22 22 23 23 23 24 2 164 250 240 240 244 243 243 243 243 243 243 243 243 243 244 244 243 243 243 242 242 242 243 243 243 243 243 243 243 243 243 243 243 243 243 243 243 243 242 242 242 242 242 242 242 242 242 242 242 242 242 242 242 242 240 240 240 240 240 240 240 240 241 241 241 241 241 241 241 241 241 241 241 241 241 241 241 241 241 241 241 242 242 242 243 243 243 243 243 243 243 243 243 243 243 243 244 244 244 245 245 245 244 244 245 245 245 246 246 246 245 245 246 247 248 249 250 250 247 247 247 247 247 247 247 247 243 243 242 241 240 239 238 238 238 238 237 236 235 234 233 233 234 234 235 235 235 236 236 236 235 235 235 235 235 235 235 235 233 233 233 233 233 233 233 233 233 233 233 233 233 233 233 233 233 233 233 233 233 233 233 233 233 233 233 233 233 233 233 233 233 233 233 233 233 233 233 233 233 233 233 233 233 233 233 233 234 234 234 234 234 234 234 234 234 234 234 234 234 234 234 234 234 234 234 234 234 234 234 234 234 234 234 234 234 234 234 234 235 235 235 235 235 235 235 235 235 235 235 235 235 235 235 235 235 235 235 235 235 235 235 235 236 236 236 236 236 236 236 236 235 235 235 235 235 235 235 235 235 235 235 235 235 235 235 235 235 235 235 235 235 235 235 235 235 235 235 235 235 235 235 235 235 235 235 235 235 235 235 235 235 235 235 235 235 235 235 235 235 235 235 235 235 235 235 235 236 236 235 235 235 234 234 234 234 234 234 234 234 234 234 234 234 234 234 234 234 234 234 234 234 234 234 234 234 234 234 234 234 234 234 234 234 234 234 234 233 233 233 233 233 233 233 233 233 233 233 233 233 233 233 233 233 232 232 232 231 231 231
17 17 17 17 17 17 17 17 18 18 18 19 19 19 20 20 20 20 20 20 20 20 20 20 21 21 21 21 21 21 21 21 21 21 21 21 21 21 21 21 21 21 21 21 21 21 21 21 21 21 22 22 22 23 23 23 24 0 157 252 239 244 242 243 243 243 243 243 243 243 243 243 244 244 243 243 243 242 242 242 243 243 243 243 243 243 243 243 243 243 243 243 243 243 243 243 242 242 242 242 242 242 242 242 242 242 242 242 242 242 242 242 240 240 240 240 240 240 240 240 241 241 241 241 241 241 241 241 241 241 241 241 241 241 241 241 241 241 242 242 243 243 243 243 243 243 243 243 243 243 243 243 244 244 244 244 245 245 245 246 245 245 245 245 246 246 247 247 245 245 245 246 247 248 248 249 248 248 248 247 246 246 246 245 237 237 236 236 235 234 234 234 235 235 235 234 233 233 232 232 232 232 233 233 234 235 235 235 233 233 233 233 233 233 233 233 233 233 233 233 233 233 233 233 233 233 233 233 233 233 233 233 233 233 233 233 233 233 233 233 233 233 233 233 233 233 233 233 233 233 233 233 233 233 233 233 233 233 233 233 233 233 233 233 234 234 234 234 234 234 234 234 234 234 234 234 234 234 234 234 234 234 234 234 234 234 234 234 234 234 234 234 234 234 234 234 235 235 235 235 235 235 235 235 235 235 235 235 235 235 235 235 235 235 235 235 235 235 235 235 236 236 236 236 236 236 236 236 235 235 235 235 235 235 235 235 235 235 235 235 235 235 235 235 235 235 235 235 235 235 235 235 235 235 235 235 235 235 235 235 235 235 235 235 235 235 235 235 235 235 235 235 235 235 235 235 235 235 235 235 235 235 235 235 236 236 235 235 235 234 234 234 234 234 234 234 234 234 234 234 234 234 234 234 234 234 234 234 234 234 234 234 234 234 234 234 234 234 234 234 234 234 234 234 233 233 233 233 233 233 233 233 233 233 233 233 233 233 233 233 233 232 232 232 231 231 231
17 17 17 17 17 17 17 17 18 18 18 19 19 19 20 20 20 20 20 20 20 20 20 20 21 21 21 21 21 21 21 21 21 21 21 21 21 21 21 21 21 21 21 21 21 21 21 21 21 21 22 22 22 23 23 23 24 0 152 253 238 246 240 244 243 243 243 243 243 243 243 243 244 244 243 243 243 242 242 242 243 243 243 243 243 243 243 243 243 243 243 243 243 243 243 243 242 242 242 242 242 242 242 242 242 242 242 242 242 242 242 242 240 240 240 240 240 240 240 240 242 242 242 242 242 242 242 242 242 242 242 242 242 242 242 242 242 242 242 242 243 243 244 244 244 244 244 244 244 244 244 244 244 244 244 245 245 245 246 246 245 245 245 246 246 247 247 247 247 247 247 246 245 245 244 244 245 244 243 242 241 240 239 239 232 232 232 232 232 232 232 232 233 233 233 233 233 232 232 232 231 231 232 232 233 233 233 233 232 232 232 232 232 232 232 232 233 233 233 233 233 233 233 233 233 233 233 233 233 233 233 233 233 233 233 233 233 233 233 233 233 233 233 233 233 233 233 233 233 233 233 233 233 233 233 233 233 233 233 233 233 233 233 233 234 234 234 234 234 234 234 234 234 234 234 234 234 234 234 234 234 234 234 234 234 234 234 234 234 234 234 234 234 234 234 234 235 235 235 235 235 235 235 235 235 235 235 235 235 235 235 235 235 235 235 235 235 235 235 235 236 236 236 236 236 236 236 236 235 235 235 235 235 235 235 235 235 235 235 235 235 235 235 235 235 235 235 235 235 235 235 235 235 235 235 235 235 235 235 235 235 235 235 235 235 235 235 235 235 235 235 235 235 235 235 235 235 235 235 235 235 235 235 235 236 236 235 235 235 234 234 234 234 234 234 234 234 234 234 234 234 234 234 234 234 234 234 234 234 234 234 234 234 234 234 234 234 234 234 234 234 234 234 234 233 233 233 233 233 233 233 233 233 233 233 233 233 233 233 233 233 232 232 232 231 231 231
17 17 17 17 17 17 17 17 18 18 18 19 19 19 20 20 20 20 20 20 20 20 20 20 21 21 21 21 21 21 21 21 21 21 21 21 21 21 21 21 21 21 21 21 21 21 21 21 21 21 22 22 22 23 23 23 24 0 149 253 237 247 239 244 243 243 243 243 243 243 243 243 244 244 243 243 243 242 242 242 243 243 243 243 243 243 243 243 243 243 243 243 243 243 243 243 242 242 242 242 242 242 242 242 242 242 242 242 242 242 242 242 241 241 241 241 241 241 241 241 242 242 242 242 242 242 242 242 242 242 242 242 242 242 242 242 242 242 242 243 243 243 244 244 244 244 244 244 244 244 244 244 244 244 245 245 245 246 246 246 245 245 246 246 246 247 247 247 250 249 248 246 244 242 240 240 239 239 238 236 234 233 231 231 230 230 230 230 231 231 231 231 232 232 232 232 232 233 233 233 232 232 232 233 233 233 233 233 233 233 233 233 233 233 233 233 233 233 233 233 233 233 233 233 233 233 233 233 233 233 233 233 233 233 233 233 233 233 233 233 233 233 233 233 233 233 233 233 233 233 233 233 233 233 233 233 233 233 233 233 233 233 233 233 234 234 234 234 234 234 234 234 234 234 234 234 234 234 234 234 234 234 234 234 234 234 234 234 234 234 234 234 234 234 234 234 235 235 235 235 235 235 235 235 235 235 235 235 235 235 235 235 235 235 235 235 235 235 235 235 236 236 236 236 236 236 236 236 235 235 235 235 235 235 235 235 235 235 235 235 235 235 235 235 235 235 235 235 235 235 235 235 235 235 235 235 235 235 235 235 235 235 235 235 235 235 235 235 235 235 235 235 235 235 235 235 235 235 235 235 235 235 235 235 236 236 235 235 235 234 234 234 234 234 234 234 234 234 234 234 234 234 234 234 234 234 234 234 234 234 234 234 234 234 234 234 234 234 234 234 234 234 234 234 233 233 233 233 233 233 233 233 233 233 233 233 233 233 233 233 233 232 232 232 231 231 231
18 18 18 18 18 18 18 18 19 19 19 20 20 21 21 21 20 20 21 21 21 22 22 22 22 22 23 23 24 24 24 24 23 23 23 23 23 23 23 23 23 23 23 23 23 23 23 23 22 22 23 23 24 24 24 24 20 2 139 254 237 249 235 249 244 244 244 244 244 244 244 244 244 244 244 244 244 244 244 244 244 244 244 244 244 244 244 244 243 243 243 243 243 243 243 243 242 242 242 242 242 242 242 242 242 242 242 242 242 242 242 242 242 242 242 242 242 242 242 242 240 241 241 241 242 242 242 243 241 241 241 241 241 241 241 241 242 242 242 242 243 243 243 243 246 246 246 245 245 244 244 244 246 246 246 246 247 247 247 247 244 245 247 249 249 248 247 246 246 245 244 241 239 236 235 234 233 233 233 233 233 233 233 233 233 233 233 233 233 233 233 233 233 233 233 233 233 233 233 233 233 233 233 233 233 233 233 233 233 233 233 233 233 233 233 233 233 233 233 233 233 233 233 233 233 233 233 233 233 233 233 233 233 233 233 233 233 233 233 233 233 233 233 233 233 233 233 233 233 233 233 233 233 233 233 233 233 233 233 233 233 233 233 233 234 234 234 234 234 234 234 234 234 234 234 234 234 234 234 234 234 234 234 234 234 234 234 234 235 235 235 235 235 235 235 235 235 235 235 235 235 235 235 235 235 235 235 235 235 235 235 235 235 235 235 235 235 235 235 235 235 235 235 235 235 235 235 235 235 235 235 235 235 235 235 235 235 235 235 235 235 235 235 235 235 235 235 235 235 235 235 235 236 236 236 236 236 236 236 236 235 235 235 235 235 235 235 235 235 235 235 235 235 235 235 235 235 235 235 235 235 235 235 235 236 236 235 235 235 234 234 234 234 234 234 234 234 234 234 234 234 234 234 234 234 234 234 234 235 235 234 234 234 233 233 233 233 233 233 233 233 233 233 233 233 233 233 233 233 233 233 233 233 233 233 233 233 233 233 233 232 232 232 232 232 232 232
18 18 18 18 18 18 18 18 19 19 19 20 20 21 21 21 20 20 21 21 21 22 22 22 22 22 23 23 24 24 24 24 23 23 23 23 23 23 23 23 23 23 23 23 23 23 23 23 22 22 23 23 24 24 24 24 20 3 136 254 238 248 236 248 244 244 244 244 244 244 244 244 244 244 244 244 244 244 244 244 244 244 244 244 244 244 244 244 243 243 243 243 243 243 243 243 242 242 242 242 242 242 242 242 242 242 242 242 242 242 242 242 242 242 242 242 242 242 242 242 241 241 241 242 242 242 243 243 242 242 242 242 242 242 242 242 244 244 244 244 244 245 245 245 244 244 244 245 245 245 246 246 248 248 248 247 247 247 247 247 246 246 246 246 245 243 242 241 239 239 238 237 236 235 234 234 233 233 233 233 233 233 233 233 233 233 233 233 233 233 233 233 233 233 233 233 233 233 233 233 233 233 233 233 233 233 233 233 233 233 233 233 233 233 233 233 233 233 233 233 233 233 233 233 233 233 233 233 233 233 233 233 233 233 233 233 233 233 233 233 233 233 233 233 233 233 233 233 233 233 233 233 233 233 233 233 233 233 233 233 233 233 233 233 234 234 234 234 234 234 234 234 234 234 234 234 234 234 234 234 234 234 234 234 234 234 234 234 235 235 235 235 235 235 235 235 235 235 235 235 235 235 235 235 235 235 235 235 235 235 235 235 235 235 235 235 235 235 235 235 235 235 235 235 235 235 235 235 235 235 235 235 235 235 235 235 235 235 235 235 235 235 235 235 235 235 235 235 235 235 235 235 236 236 236 236 236 236 236 236 235 235 235 235 235 235 235 235 235 235 235 235 235 235 235 235 235 235 235 235 235 235 235 235 236 236 235 235 235 234 234 234 234 234 234 234 234 234 234 234 234 234 234 234 234 234 234 234 235 235 234 234 234 233 233 233 233 233 233 233 233 233 233 233 233 233 233 233 233 233 233 233 233 233 233 233 233 233 233 233 232 232 232 232 232 232 232
18 18 18 18 18 18 18 18 19 19 19 20 20 21 21 21 20 20 21 21 21 22 22 22 22 22 23 23 24 24 24 24 23 23 23 23 23 23 23 23 23 23 23 23 23 23 23 23 22 22 23 23 24 24 24 24 20 3 130 253 239 246 238 247 244 244 244 244 244 244 244 244 244 244 244 244 244 244 244 244 244 244 244 244 244 244 244 244 243 243 243 243 243 243 243 243 242 242 242 242 242 242 242 242 242 242 242 242 242 242 242 242 242 242 242 242 242 242 242 242 241 241 241 242 242 243 243 243 243 243 243 243 243 243 243 243 243 243 243 244 245 245 246 246 243 243 244 245 246 247 247 248 249 248 248 247 246 246 245 245 246 245 243 240 238 237 236 236 232 232 232 232 233 233 234 234 233 233 233 233 233 233 233 233 233 233 233 233 233 233 233 233 233 233 233 233 233 233 233 233 233 233 233 233 233 233 233 233 233 233 233 233 233 233 233 233 233 233 233 233 233 233 233 233 233 233 233 233 233 233 233 233 233 233 233 233 233 233 233 233 233 233 233 233 233 233 233 233 233 233 233 233 233 233 233 233 233 233 233 233 233 233 233 233 234 234 234 234 234 234 234 234 234 234 234 234 234 234 234 234 234 234 234 234 234 234 234 234 235 235 235 235 235 235 235 235 235 235 235 235 235 235 235 235 235 235 235 235 235 235 235 235 235 235 235 235 235 235 235 235 235 235 235 235 235 235 235 235 235 235 235 235 235 235 235 235 235 235 235 235 235 235 235 235 235 235 235 235 235 235 235 235 236 236 236 236 236 236 236 236 235 235 235 235 235 235 235 235 235 235 235 235 235 235 235 235 235 235 235 235 235 235 235 235 236 236 235 235 235 234 234 234 234 234 234 234 234 234 234 234 234 234 234 234 234 234 234 234 235 235 234 234 234 233 233 233 233 233 233 233 233 233 233 233 233 233 233 233 233 233 233 233 233 233 233 233 233 233 233 233 232 232 232 232 232 232 232
18 18 18 18 18 18 18 18 19 19 19 20 20 21 21 21 20 20 21 21 21 22 22 22 22 22 23 23 24 24 24 24 23 23 23 23 23 23 23 23 23 23 23 23 23 23 23 23 22 22 23 23 24 24 24 24 21 3 123 253 241 243 240 246 244 244 244 244 244 244 244 244 244 244 244 244 244 244 244 244 244 244 244 244 244 244 244 244 244 244 244 244 244 244 244 244 243 243 243 243 243 243 243 243 243 243 243 243 243 243 243 243 243 243 243 243 243 243 243 243 241 242 242 242 243 243 243 244 243 243 243 243 243 243 243 243 241 242 242 243 244 244 245 245 245 245 246 246 246 246 247 247 246 246 245 244 243 242 241 241 242 240 238 235 233 233 233 234 229 230 230 231 231 232 232 232 233 233 233 233 233 233 233 233 233 233 233 233 233 233 233 233 233 233 233 233 233 233 233 233 233 233 233 233 233 233 233 233 233 233 233 233 233 233 233 233 233 233 233 233 233 233 233 233 233 233 233 233 233 233 233 233 233 233 233 233 233 233 233 233 233 233 233 233 233 233 233 233 233 233 233 233 233 233 233 233 233 233 233 233 233 233 233 233 234 234 234 234 234 234 234 234 234 234 234 234 234 234 234 234 234 234 234 234 234 234 234 234 235 235 235 235 235 235 235 235 235 235 235 235 235 235 235 235 235 235 235 235 235 235 235 235 235 235 235 235 235 235 235 235 235 235 235 235 235 235 235 235 235 235 235 235 235 235 235 235 235 235 235 235 235 235 235 235 235 235 235 235 235 235 235 235 236 236 236 236 236 236 236 236 235 235 235 235 235 235 235 235 235 235 235 235 235 235 235 235 235 235 235 235 235 235 235 235 236 236 235 235 235 234 234 234 234 234 234 234 234 234 234 234 234 234 234 234 234 234 234 234 235 235 234 234 234 233 233 233 233 233 233 233 233 233 233 233 233 233 233 233 233 233 233 233 233 233 233 233 233 233 233 233 232 232 232 232 232 232 232
18 18 18 18 18 18 18 18 19 19 19 20 20 21 21 21 20 20 21 21 21 22 22 22 22 22 23 23 24 24 24 24 23 23 23 23 23 23 23 23 23 23 23 23 23 23 23 23 22 22 23 23 24 24 24 24 22 4 115 252 243 240 242 245 244 244 244 244 244 244 244 244 244 244 244 244 244 244 244 244 244 244 244 244 244 244 244 244 244 244 244 244 244 244 244 244 243 243 243 243 243 243 243 243 243 243 243 243 243 243 243 243 243 243 243 243 243 243 243 243 242 242 242 243 243 244 244 244 244 244 244 244 244 244 244 244 243 244 244 244 245 245 246 246 248 247 247 246 245 244 243 242 241 240 239 238 237 236 236 235 236 235 233 231 231 232 233 234 232 232 232 232 231 231 231 231 233 233 233 233 233 233 233 233 233 233 233 233 233 233 233 233 233 233 233 233 233 233 233 233 233 233 233 233 233 233 233 233 233 233 233 233 233 233 233 233 233 233 233 233 233 233 233 233 233 233 233 233 233 233 233 233 233 233 233 233 233 233 233 233 233 233 233 233 233 233 233 233 233 233 233 233 233 233 233 233 233 233 233 233 233 233 233 233 234 234 234 234 234 234 234 234 234 234 234 234 234 234 234 234 234 234 234 234 234 234 234 234 235 235 235 235 235 235 235 235 235 235 235 235 235 235 235 235 235 235 235 235 235 235 235 235 235 235 235 235 235 235 235 235 235 235 235 235 235 235 235 235 235 235 235 235 235 235 235 235 235 235 235 235 235 235 235 235 235 235 235 235 235 235 235 235 236 236 236 236 236 236 236 236 235 235 235 235 235 235 235 235 235 235 235 235 235 235 235 235 235 235 235 235 235 235 235 235 236 236 235 235 235 234 234 234 234 234 234 234 234 234 234 234 234 234 234 234 234 234 234 234 235 235 234 234 234 233 233 233 233 233 233 233 233 233 233 233 233 233 233 233 233 233 233 233 233 233 233 233 233 233 233 233 232 232 232 232 232 232 232
18 18 18 18 18 18 18 18 19 19 19 20 20 21 21 21 20 20 21 21 21 22 22 22 22 22 23 23 24 24 24 24 23 23 23 23 23 23 23 23 23 23 23 23 23 23 23 23 22 22 23 23 24 24 24 24 22 4 108 251 245 238 244 243 244 244 244 244 244 244 244 244 244 244 244 244 244 244 244 244 244 244 244 244 244 244 244 244 245 245 245 245 245 245 245 245 243 243 243 243 243 243 243 243 243 243 243 243 243 243 243 243 243 243 243 243 243 243 243 243 242 243 243 243 244 244 244 244 245 245 245 245 245 245 245 245 247 247 247 247 247 247 247 247 246 245 244 242 240 239 237 237 235 234 234 233 233 232 232 231 231 231 231 231 231 233 234 234 235 234 234 233 232 232 231 231 233 233 233 233 233 233 233 233 233 233 233 233 233 233 233 233 233 233 233 233 233 233 233 233 233 233 233 233 233 233 233 233 233 233 233 233 233 233 233 233 233 233 233 233 233 233 233 233 233 233 233 233 233 233 233 233 233 233 233 233 233 233 233 233 233 233 233 233 233 233 233 233 233 233 233 233 233 233 233 233 233 233 233 233 233 233 233 233 234 234 234 234 234 234 234 234 234 234 234 234 234 234 234 234 234 234 234 234 234 234 234 234 235 235 235 235 235 235 235 235 235 235 235 235 235 235 235 235 235 235 235 235 235 235 235 235 235 235 235 235 235 235 235 235 235 235 235 235 235 235 235 235 235 235 235 235 235 235 235 235 235 235 235 235 235 235 235 235 235 235 235 235 235 235 235 235 236 236 236 236 236 236 236 236 235 235 235 235 235 235 235 235 235 235 235 235 235 235 235 235 235 235 235 235 235 235 235 235 236 236 235 235 235 234 234 234 234 234 234 234 234 234 234 234 234 234 234 234 234 234 234 234 235 235 234 234 234 233 233 233 233 233 233 233 233 233 233 233 233 233 233 233 233 233 233 233 233 233 233 233 233 233 233 233 232 232 232 232 232 232 232
18 18 18 18 18 18 18 18 19 19 19 20 20 21 21 21 20 20 21 21 21 22 22 22 22 22 23 23 24 24 24 24 23 23 23 23 23 23 23 23 23 23 23 23 23 23 23 23 22 22 23 23 24 24 24 24 23 4 102 251 246 236 246 242 244 244 244 244 244 244 244 244 244 244 244 244 244 244 244 244 244 244 244 244 244 244 244 244 245 245 245 245 245 245 245 245 244 244 244 244 244 244 244 244 244 244 244 244 244 244 244 244 244 244 244 244 244 244 244 244 243 243 243 244 244 244 245 245 246 246 246 246 246 246 246 246 247 247 246 245 244 244 243 243 238 238 237 236 235 233 233 232 231 231 231 230 230 230 230 230 230 230 231 233 233 233 233 233 234 234 233 233 233 233 232 232 233 233 233 233 233 233 233 233 233 233 233 233 233 233 233 233 233 233 233 233 233 233 233 233 233 233 233 233 233 233 233 233 233 233 233 233 233 233 233 233 233 233 233 233 233 233 233 233 233 233 233 233 233 233 233 233 233 233 233 233 233 233 233 233 233 233 233 233 233 233 233 233 233 233 233 233 233 233 233 233 233 233 233 233 233 233 233 233 234 234 234 234 234 234 234 234 234 234 234 234 234 234 234 234 234 234 234 234 234 234 234 234 235 235 235 235 235 235 235 235 235 235 235 235 235 235 235 235 235 235 235 235 235 235 235 235 235 235 235 235 235 235 235 235 235 235 235 235 235 235 235 235 235 235 235 235 235 235 235 235 235 235 235 235 235 235 235 235 235 235 235 235 235 235 235 235 236 236 236 236 236 236 236 236 235 235 235 235 235 235 235 235 235 235 235 235 235 235 235 235 235 235 235 235 235 235 235 235 236 236 235 235 235 234 234 234 234 234 234 234 234 234 234 234 234 234 234 234 234 234 234 234 235 235 234 234 234 233 233 233 233 233 233 233 233 233 233 233 233 233 233 233 233 233 233 233 233 233 233 233 233 233 233 233 232 232 232 232 232 232 232
18 18 18 18 18 18 18 18 19 19 19 20 20 21 21 21 20 20 21 21 21 22 22 22 22 22 23 23 24 24 24 24 23 23 23 23 23 23 23 23 23 23 23 23 23 23 23 23 22 22 23 23 24 24 24 24 23 4 99 251 247 234 246 241 244 244 244 244 244 244 244 244 244 244 244 244 244 244 244 244 244 244 244 244 244 244 244 244 245 245 245 245 245 245 245 245 244 244 244 244 244 244 244 244 244 244 244 244 244 244 244 244 244 244 244 244 244 244 244 244 243 243 243 244 244 245 245 245 246 246 246 246 246 246 246 246 243 243 242 241 240 238 237 237 231 231 231 231 230 230 230 230 229 229 229 229 230 230 230 230 230 232 233 234 234 233 232 231 232 232 232 233 233 233 234 234 233 233 233 233 233 233 233 233 233 233 233 233 233 233 233 233 233 233 233 233 233 233 233 233 233 233 233 233 233 233 233 233 233 233 233 233 233 233 233 233 233 233 233 233 233 233 233 233 233 233 233 233 233 233 233 233 233 233 233 233 233 233 233 233 233 233 233 233 233 233 233 233 233 233 233 233 233 233 233 233 233 233 233 233 233 233 233 233 234 234 234 234 234 234 234 234 234 234 234 234 234 234 234 234 234 234 234 234 234 234 234 234 235 235 235 235 235 235 235 235 235 235 235 235 235 235 235 235 235 235 235 235 235 235 235 235 235 235 235 235 235 235 235 235 235 235 235 235 235 235 235 235 235 235 235 235 235 235 235 235 235 235 235 235 235 235 235 235 235 235 235 235 235 235 235 235 236 236 236 236 236 236 236 236 235 235 235 235 235 235 235 235 235 235 235 235 235 235 235 235 235 235 235 235 235 235 235 235 236 236 235 235 235 234 234 234 234 234 234 234 234 234 234 234 234 234 234 234 234 234 234 234 235 235 234 234 234 233 233 233 233 233 233 233 233 233 233 233 233 233 233 233 233 233 233 233 233 233 233 233 233 233 233 233 232 232 232 232 232 232 232
18 16 15 16 19 20 19 18 19 19 19 20 20 21 21 21 21 21 22 22 22 23 23 23 22 22 23 23 23 24 24 24 23 23 23 23 23 23 23 23 23 23 23 23 23 23 23 23 23 23 22 22 23 24 25 25 22 2 94 248 242 248 236 249 245 245 245 245 245 245 245 245 244 244 244 244 244 244 244 244 245 245 245 245 245 245 245 245 245 245 245 245 245 245 245 245 245 245 245 245 245 245 245 245 248 247 247 246 246 245 244 244 245 245 245 245 245 245 245 245 246 247 247 247 247 247 247 247 251 250 248 245 242 240 238 237 234 234 233 232 231 230 229 229 229 229 229 229 229 229 229 229 229 229 230 230 231 231 231 231 233 233 233 233 233 233 233 233 232 232 232 232 232 232 232 232 232 232 232 232 232 232 232 232 232 232 232 232 233 233 234 234 233 233 233 233 233 233 233 233 233 233 233 233 233 233 233 233 233 233 233 233 233 233 233 233 233 233 233 233 233 233 233 233 233 233 233 233 233 233 233 233 233 233 233 233 233 233 233 233 233 233 233 233 233 233 233 233 233 233 233 233 233 233 233 233 233 233 233 233 233 233 233 233 233 233 233 233 233 233 233 233 234 234 234 234 234 234 234 234 235 235 235 235 235 235 235 235 235 235 235 235 235 235 235 235 235 235 235 235 235 235 235 235 235 235 235 235 235 235 235 235 235 235 235 235 235 235 235 235 235 235 235 235 235 235 235 235 235 235 235 235 235 235 235 235 235 235 235 235 235 235 235 235 235 235 235 235 235 235 235 235 235 235 235 235 235 235 235 235 235 235 235 235 235 235 235 235 235 235 235 235 235 235 235 235 235 235 235 235 235 235 235 235 234 234 234 234 234 234 234 234 234 234 234 234 234 234 234 234 234 234 234 234 234 234 234 234 235 235 234 234 234 233 233 233 233 233 233 233 233 233 233 233 233 233 233 233 233 233 233 233 233 233 233 233 233 233 233 233 233 233 233 233 233 233 233
19 17 16 16 18 20 19 18 19 19 19 20 20 21 21 21 21 21 22 22 22 23 23 23 22 23 23 23 24 24 24 25 23 23 23 23 23 23 23 23 23 23 23 23 23 23 23 23 23 23 22 22 23 24 25 25 22 2 91 247 242 247 237 248 245 245 245 245 245 245 245 245 244 244 244 244 244 244 244 244 245 245 245 245 245 245 245 245 245 245 245 245 245 245 245 245 245 245 245 245 245 245 245 245 247 247 247 247 247 246 246 246 242 243 243 244 244 245 245 245 245 245 245 246 246 247 247 247 245 244 243 241 239 237 235 234 234 234 233 232 231 230 229 229 229 229 229 229 229 229 229 229 229 229 230 230 231 231 231 231 232 232 232 232 232 232 232 232 232 232 232 232 232 232 232 232 232 232 232 232 232 232 232 232 232 232 232 232 233 233 234 234 233 233 233 233 233 233 233 233 233 233 233 233 233 233 233 233 233 233 233 233 233 233 233 233 233 233 233 233 233 233 233 233 233 233 233 233 233 233 233 233 233 233 233 233 233 233 233 233 233 233 233 233 233 233 233 233 233 233 233 233 233 233 233 233 233 233 233 233 233 233 233 233 233 233 233 233 233 233 233 233 234 234 234 234 234 234 234 234 235 235 235 235 235 235 235 235 235 235 235 235 235 235 235 235 235 235 235 235 235 235 235 235 235 235 235 235 235 235 235 235 235 235 235 235 235 235 235 235 235 235 235 235 235 235 235 235 235 235 235 235 235 235 235 235 235 235 235 235 235 235 235 235 235 235 235 235 235 235 235 235 235 235 235 235 235 235 235 235 235 235 235 235 235 235 235 235 235 235 235 235 235 235 235 235 235 235 235 235 235 235 235 235 234 234 234 234 234 234 234 234 234 234 234 234 234 234 234 234 234 234 234 234 234 234 234 234 235 235 234 234 234 233 233 233 233 233 233 233 233 233 233 233 233 233 233 233 233 233 233 233 233 233 233 233 233 233 233 233 233 233 233 233 233 233 233
21 18 16 16 18 19 19 18 19 19 19 20 20 21 21 21 21 21 22 22 22 23 23 23 23 23 23 24 24 24 25 25 24 24 24 24 24 24 24 24 24 24 24 24 24 24 24 24 23 23 22 22 23 24 25 25 22 3 86 246 243 246 239 246 245 245 245 245 245 245 245 245 244 244 244 244 244 244 244 244 245 245 245 245 245 245 245 245 245 245 245 245 245 245 245 245 245 245 245 245 245 245 245 245 245 245 245 246 246 247 247 247 243 244 244 245 245 246 246 247 246 245 245 244 243 242 242 241 238 238 237 235 234 233 232 231 233 233 232 231 231 230 229 229 229 229 229 229 229 229 229 229 229 229 230 230 231 231 231 231 231 231 231 231 231 231 231 231 232 232 232 232 232 232 232 232 232 232 232 232 232 232 232 232 232 232 232 232 233 233 234 234 233 233 233 233 233 233 233 233 233 233 233 233 233 233 233 233 233 233 233 233 233 233 233 233 233 233 233 233 233 233 233 233 233 233 233 233 233 233 233 233 233 233 233 233 233 233 233 233 233 233 233 233 233 233 233 233 233 233 233 233 233 233 233 233 233 233 233 233 233 233 233 233 233 233 233 233 233 233 233 233 234 234 234 234 234 234 234 234 235 235 235 235 235 235 235 235 235 235 235 235 235 235 235 235 235 235 235 235 235 235 235 235 235 235 235 235 235 235 235 235 235 235 235 235 235 235 235 235 235 235 235 235 235 235 235 235 235 235 235 235 235 235 235 235 235 235 235 235 235 235 235 235 235 235 235 235 235 235 235 235 235 235 235 235 235 235 235 235 235 235 235 235 235 235 235 235 235 235 235 235 235 235 235 235 235 235 235 235 235 235 235 235 234 234 234 234 234 234 234 234 234 234 234 234 234 234 234 234 234 234 234 234 234 234 234 234 235 235 234 234 234 233 233 233 233 233 233 233 233 233 233 233 233 233 233 233 233 233 233 233 233 233 233 233 233 233 233 233 233 233 233 233 233 233 233
23 20 17 16 18 19 18 17 19 19 19 20 20 21 21 21 21 21 22 22 22 23 23 23 23 23 24 24 24 25 25 25 24 24 24 24 24 24 24 24 24 24 24 24 24 24 24 24 23 23 22 22 23 24 25 25 21 5 80 244 244 244 243 244 245 245 245 245 245 245 245 245 245 245 245 245 245 245 245 245 246 246 246 246 246 246 246 246 246 246 246 246 246 246 246 246 246 246 246 246 246 246 246 246 244 244 244 245 246 246 247 247 248 248 248 247 247 247 246 246 245 244 242 240 237 235 233 232 233 233 232 232 231 231 231 230 232 232 231 231 230 230 229 229 229 229 229 229 229 229 229 229 229 229 230 230 231 231 231 231 229 229 229 229 229 229 229 229 232 232 232 232 232 232 232 232 232 232 232 232 232 232 232 232 232 232 232 232 233 233 234 234 233 233 233 233 233 233 233 233 233 233 233 233 233 233 233 233 233 233 233 233 233 233 233 233 233 233 233 233 233 233 233 233 233 233 233 233 233 233 233 233 233 233 233 233 233 233 233 233 233 233 233 233 233 233 233 233 233 233 233 233 233 233 233 233 233 233 233 233 233 233 233 233 233 233 233 233 233 233 233 233 234 234 234 234 234 234 234 234 235 235 235 235 235 235 235 235 235 235 235 235 235 235 235 235 235 235 235 235 235 235 235 235 235 235 235 235 235 235 235 235 235 235 235 235 235 235 235 235 235 235 235 235 235 235 235 235 235 235 235 235 235 235 235 235 235 235 235 235 235 235 235 235 235 235 235 235 235 235 235 235 235 235 235 235 235 235 235 235 235 235 235 235 235 235 235 235 235 235 235 235 235 235 235 235 235 235 235 235 235 235 235 235 234 234 234 234 234 234 234 234 234 234 234 234 234 234 234 234 234 234 234 234 234 234 234 234 235 235 234 234 234 233 233 233 233 233 233 233 233 233 233 233 233 233 233 233 233 233 233 233 233 233 233 233 233 233 233 233 233 233 233 233 233 233 233
26 22 18 16 17 18 18 17 19 19 19 20 20 21 21 21 21 21 22 22 22 23 23 23 24 24 24 25 25 25 26 26 25 25 25 25 25 25 25 25 25 25 25 25 25 25 25 25 23 23 22 22 23 24 25 25 21 6 73 242 245 242 246 242 245 245 245 245 245 245 245 245 245 245 245 245 245 245 245 245 246 246 246 246 246 246 246 246 246 246 246 246 246 246 246 246 246 246 246 246 246 246 246 246 247 247 247 247 248 248 248 248 249 248 247 245 243 242 241 240 236 236 235 234 232 231 230 230 231 231 231 231 231 231 231 231 231 231 231 230 230 230 230 229 229 229 229 229 229 229 229 229 229 229 230 230 231 231 231 231 229 229 229 229 229 229 229 229 232 232 232 232 232 232 232 232 232 232 232 232 232 232 232 232 232 232 232 232 233 233 234 234 233 233 233 233 233 233 233 233 233 233 233 233 233 233 233 233 233 233 233 233 233 233 233 233 233 233 233 233 233 233 233 233 233 233 233 233 233 233 233 233 233 233 233 233 233 233 233 233 233 233 233 233 233 233 233 233 233 233 233 233 233 233 233 233 233 233 233 233 233 233 233 233 233 233 233 233 233 233 233 233 234 234 234 234 234 234 234 234 235 235 235 235 235 235 235 235 235 235 235 235 235 235 235 235 235 235 235 235 235 235 235 235 235 235 235 235 235 235 235 235 235 235 235 235 235 235 235 235 235 235 235 235 235 235 235 235 235 235 235 235 235 235 235 235 235 235 235 235 235 235 235 235 235 235 235 235 235 235 235 235 235 235 235 235 235 235 235 235 235 235 235 235 235 235 235 235 235 235 235 235 235 235 235 235 235 235 235 235 235 235 235 235 234 234 234 234 234 234 234 234 234 234 234 234 234 234 234 234 234 234 234 234 234 234 234 234 235 235 234 234 234 233 233 233 233 233 233 233 233 233 233 233 233 233 233 233 233 233 233 233 233 233 233 233 233 233 233 233 233 233 233 233 233 233 233
28 24 19 16 17 18 18 17 19 19 19 20 20 21 21 21 21 21 22 22 22 23 23 23 24 24 25 25 25 26 26 26 25 25 25 25 25 25 25 25 25 25 25 25 25 25 25 25 23 23 22 22 23 24 25 25 20 7 67 241 245 240 248 239 245 245 245 245 245 245 245 245 246 246 246 246 246 246 246 246 247 247 247 247 247 247 247 247 247 247 247 247 247 247 247 247 247 247 247 247 247 247 247 247 251 251 250 249 248 247 246 246 242 241 240 238 236 234 232 232 227 227 228 229 230 231 232 232 230 230 230 231 231 231 231 231 230 230 230 230 230 230 230 230 229 229 229 229 229 229 229 229 229 229 230 230 231 231 231 231 229 229 229 229 229 229 229 229 232 232 232 232 232 232 232 232 232 232 232 232 232 232 232 232 232 232 232 232 233 233 234 234 233 233 233 233 233 233 233 233 233 233 233 233 233 233 233 233 233 233 233 233 233 233 233 233 233 233 233 233 233 233 233 233 233 233 233 233 233 233 233 233 233 233 233 233 233 233 233 233 233 233 233 233 233 233 233 233 233 233 233 233 233 233 233 233 233 233 233 233 233 233 233 233 233 233 233 233 233 233 233 233 234 234 234 234 234 234 234 234 235 235 235 235 235 235 235 235 235 235 235 235 235 235 235 235 235 235 235 235 235 235 235 235 235 235 235 235 235 235 235 235 235 235 235 235 235 235 235 235 235 235 235 235 235 235 235 235 235 235 235 235 235 235 235 235 235 235 235 235 235 235 235 235 235 235 235 235 235 235 235 235 235 235 235 235 235 235 235 235 235 235 235 235 235 235 235 235 235 235 235 235 235 235 235 235 235 235 235 235 235 235 235 235 234 234 234 234 234 234 234 234 234 234 234 234 234 234 234 234 234 234 234 234 234 234 234 234 235 235 234 234 234 233 233 233 233 233 233 233 233 233 233 233 233 233 233 233 233 233 233 233 233 233 233 233 233 233 233 233 233 233 233 233 233 233 233
30 25 20 16 16 17 17 17 19 19 19 20 20 21 21 21 21 21 22 22 22 23 23 23 24 25 25 25 26 26 26 27 26 26 26 26 26 26 26 26 26 26 26 26 26 26 26 26 23 23 22 22 23 24 25 25 20 8 62 240 246 239 250 238 245 245 245 245 245 245 245 245 246 246 246 246 246 246 246 246 247 247 247 247 247 247 247 247 247 247 247 247 247 247 247 247 247 247 247 247 247 247 247 247 250 249 247 245 242 240 238 237 234 233 233 232 231 230 229 229 227 227 228 229 230 230 231 231 230 230 230 230 230 230 230 230 229 229 229 229 229 230 230 230 229 229 229 229 229 229 229 229 229 229 230 230 231 231 231 231 230 230 230 230 230 230 230 230 232 232 232 232 232 232 232 232 232 232 232 232 232 232 232 232 232 232 232 232 233 233 234 234 233 233 233 233 233 233 233 233 233 233 233 233 233 233 233 233 233 233 233 233 233 233 233 233 233 233 233 233 233 233 233 233 233 233 233 233 233 233 233 233 233 233 233 233 233 233 233 233 233 233 233 233 233 233 233 233 233 233 233 233 233 233 233 233 233 233 233 233 233 233 233 233 233 233 233 233 233 233 233 233 234 234 234 234 234 234 234 234 235 235 235 235 235 235 235 235 235 235 235 235 235 235 235 235 235 235 235 235 235 235 235 235 235 235 235 235 235 235 235 235 235 235 235 235 235 235 235 235 235 235 235 235 235 235 235 235 235 235 235 235 235 235 235 235 235 235 235 235 235 235 235 235 235 235 235 235 235 235 235 235 235 235 235 235 235 235 235 235 235 235 235 235 235 235 235 235 235 235 235 235 235 235 235 235 235 235 235 235 235 235 235 235 234 234 234 234 234 234 234 234 234 234 234 234 234 234 234 234 234 234 234 234 234 234 234 234 235 235 234 234 234 233 233 233 233 233 233 233 233 233 233 233 233 233 233 233 233 233 233 233 233 233 233 233 233 233 233 233 233 233 233 233 233 233 233
31 26 20 17 16 17 17 17 19 19 19 20 20 21 21 21 21 21 22 22 22 23 23 23 25 25 25 26 26 26 27 27 26 26 26 26 26 26 26 26 26 26 26 26 26 26 26 26 23 23 22 22 23 24 25 25 20 9 60 239 246 238 252 236 245 245 245 245 245 245 245 245 246 246 246 246 246 246 246 246 247 247 247 247 247 247 247 247 247 247 247 247 247 247 247 247 247 247 247 247 247 247 247 247 245 244 241 238 235 231 229 228 230 230 230 230 231 231 231 231 233 233 232 231 229 228 227 226 229 229 229 229 229 229 229 229 229 229 229 229 229 230 230 230 229 229 229 229 229 229 229 229 229 229 230 230 231 231 231 231 230 230 230 230 230 230 230 230 232 232 232 232 232 232 232 232 232 232 232 232 232 232 232 232 232 232 232 232 233 233 234 234 233 233 233 233 233 233 233 233 233 233 233 233 233 233 233 233 233 233 233 233 233 233 233 233 233 233 233 233 233 233 233 233 233 233 233 233 233 233 233 233 233 233 233 233 233 233 233 233 233 233 233 233 233 233 233 233 233 233 233 233 233 233 233 233 233 233 233 233 233 233 233 233 233 233 233 233 233 233 233 233 234 234 234 234 234 234 234 234 235 235 235 235 235 235 235 235 235 235 235 235 235 235 235 235 235 235 235 235 235 235 235 235 235 235 235 235 235 235 235 235 235 235 235 235 235 235 235 235 235 235 235 235 235 235 235 235 235 235 235 235 235 235 235 235 235 235 235 235 235 235 235 235 235 235 235 235 235 235 235 235 235 235 235 235 235 235 235 235 235 235 235 235 235 235 235 235 235 235 235 235 235 235 235 235 235 235 235 235 235 235 235 235 234 234 234 234 234 234 234 234 234 234 234 234 234 234 234 234 234 234 234 234 234 234 234 234 235 235 234 234 234 233 233 233 233 233 233 233 233 233 233 233 233 233 233 233 233 233 233 233 233 233 233 233 233 233 233 233 233 233 233 233 233 233 233
38 33 24 17 13 14 17 19 20 20 19 19 19 20 21 22 21 21 22 22 22 23 23 23 24 24 25 26 27 27 26 26 26 26 26 26 26 26 26 26 26 26 26 26 26 26 26 26 22 22 22 22 22 22 22 22 23 20 36 244 245 246 239 251 247 247 247 246 246 246 245 245 247 246 245 244 244 246 247 249 249 248 247 246 245 243 242 242 244 245 246 247 248 249 249 250 248 248 246 244 241 239 237 236 229 229 229 229 229 229 229 229 229 229 229 229 229 229 229 229 229 229 229 229 229 229 229 229 229 229 229 229 229 229 229 229 229 229 229 229 229 229 229 229 229 229 229 229 229 229 229 229 229 229 229 229 229 229 229 229 230 230 230 230 230 230 230 230 229 229 230 230 231 231 231 231 232 232 232 232 232 232 232 232 232 232 232 232 232 232 232 232 233 233 233 233 233 233 233 233 233 233 233 233 233 233 233 233 233 233 233 233 233 233 233 233 233 233 233 233 233 233 233 233 233 233 233 233 233 233 233 233 233 233 233 233 233 233 233 233 233 233 233 233 233 233 233 233 233 233 233 233 233 233 233 233 233 233 233 233 233 233 233 233 233 233 233 233 233 233 233 233 234 234 234 234 234 234 234 234 234 234 234 234 234 234 234 234 235 235 235 235 235 235 235 235 235 235 235 235 235 235 235 235 235 235 235 235 235 235 235 235 235 235 235 235 235 235 235 235 235 235 235 235 235 235 235 235 235 235 235 235 235 235 235 235 235 235 235 235 235 235 235 235 235 235 235 235 235 235 235 235 235 235 235 235 235 235 235 235 235 235 235 235 235 235 235 235 235 235 235 235 235 235 235 235 235 235 235 235 235 235 235 235 235 235 235 235 235 235 235 235 234 234 234 234 234 234 234 234 234 234 234 234 234 234 234 234 235 235 234 234 234 233 233 233 233 233 233 233 233 233 233 233 233 233 233 233 233 233 233 233 232 232 232 232 232 232 232 232 232 232 232 232 232 232 232
39 34 26 18 14 14 17 19 20 20 19 19 19 20 21 22 21 21 22 22 22 23 23 23 24 24 25 26 27 27 26 26 26 26 26 26 26 26 26 26 26 26 26 26 26 26 26 26 22 22 22 22 22 22 22 22 23 20 36 243 245 246 239 250 246 246 246 246 246 246 246 246 248 247 246 245 244 245 246 247 246 246 247 248 249 249 250 250 245 245 245 244 244 244 244 243 240 239 238 236 234 232 231 230 229 229 229 229 229 229 229 229 229 229 229 229 229 229 229 229 229 229 229 229 229 229 229 229 229 229 229 229 229 229 229 229 229 229 229 229 229 229 229 229 229 229 229 229 229 229 229 229 229 229 229 229 229 229 229 229 230 230 230 230 230 230 230 230 229 229 230 230 231 231 231 231 232 232 232 232 232 232 232 232 232 232 232 232 232 232 232 232 233 233 233 233 233 233 233 233 233 233 233 233 233 233 233 233 233 233 233 233 233 233 233 233 233 233 233 233 233 233 233 233 233 233 233 233 233 233 233 233 233 233 233 233 233 233 233 233 233 233 233 233 233 233 233 233 233 233 233 233 233 233 233 233 233 233 233 233 233 233 233 233 233 233 233 233 233 233 233 233 234 234 234 234 234 234 234 234 234 234 234 234 234 234 234 234 235 235 235 235 235 235 235 235 235 235 235 235 235 235 235 235 235 235 235 235 235 235 235 235 235 235 235 235 235 235 235 235 235 235 235 235 235 235 235 235 235 235 235 235 235 235 235 235 235 235 235 235 235 235 235 235 235 235 235 235 235 235 235 235 235 235 235 235 235 235 235 235 235 235 235 235 235 235 235 235 235 235 235 235 235 235 235 235 235 235 235 235 235 235 235 235 235 235 235 235 235 235 235 235 234 234 234 234 234 234 234 234 234 234 234 234 234 234 234 234 235 235 234 234 234 233 233 233 233 233 233 233 233 233 233 233 233 233 233 233 233 233 233 233 232 232 232 232 232 232 232 232 232 232 232 232 232 232 232
42 37 29 21 16 15 17 19 20 20 19 19 19 20 21 22 21 21 22 22 22 23 23 23 24 24 25 26 27 27 26 26 26 26 26 26 26 26 26 26 26 26 26 26 26 26 26 26 23 23 23 23 23 23 23 23 24 20 34 242 244 246 239 250 245 245 245 246 246 246 246 246 246 245 245 245 246 247 248 249 247 247 248 249 250 251 251 252 244 243 242 241 239 237 236 236 232 232 231 230 229 228 228 227 229 229 229 229 229 229 229 229 229 229 229 229 229 229 229 229 229 229 229 229 229 229 229 229 229 229 229 229 229 229 229 229 229 229 229 229 229 229 229 229 229 229 229 229 229 229 229 229 229 229 229 229 229 229 229 229 230 230 230 230 230 230 230 230 229 229 230 230 231 231 231 231 232 232 232 232 232 232 232 232 232 232 232 232 232 232 232 232 233 233 233 233 233 233 233 233 233 233 233 233 233 233 233 233 233 233 233 233 233 233 233 233 233 233 233 233 233 233 233 233 233 233 233 233 233 233 233 233 233 233 233 233 233 233 233 233 233 233 233 233 233 233 233 233 233 233 233 233 233 233 233 233 233 233 233 233 233 233 233 233 233 233 233 233 233 233 233 233 234 234 234 234 234 234 234 234 234 234 234 234 234 234 234 234 235 235 235 235 235 235 235 235 235 235 235 235 235 235 235 235 235 235 235 235 235 235 235 235 235 235 235 235 235 235 235 235 235 235 235 235 235 235 235 235 235 235 235 235 235 235 235 235 235 235 235 235 235 235 235 235 235 235 235 235 235 235 235 235 235 235 235 235 235 235 235 235 235 235 235 235 235 235 235 235 235 235 235 235 235 235 235 235 235 235 235 235 235 235 235 235 235 235 235 235 235 235 235 235 234 234 234 234 234 234 234 234 234 234 234 234 234 234 234 234 235 235 234 234 234 233 233 233 233 233 233 233 233 233 233 233 233 233 233 233 233 233 233 233 232 232 232 232 232 232 232 232 232 232 232 232 232 232 232
45 40 32 24 19 17 17 18 20 20 19 19 19 20 21 22 21 21 22 22 22 23 23 23 24 24 25 26 27 27 26 26 26 26 26 26 26 26 26 26 26 26 26 26 26 26 26 26 23 23 23 23 23 23 23 23 25 19 33 240 244 246 239 249 244 245 245 245 245 246 246 246 243 243 244 246 248 250 251 251 250 249 249 247 246 245 244 243 239 238 237 236 234 233 232 231 231 231 230 230 230 230 230 230 229 229 229 229 229 229 229 229 229 229 229 229 229 229 229 229 229 229 229 229 229 229 229 229 229 229 229 229 229 229 229 229 229 229 229 229 229 229 229 229 229 229 229 229 229 229 229 229 229 229 229 229 229 229 229 229 230 230 230 230 230 230 230 230 229 229 230 230 231 231 231 231 232 232 232 232 232 232 232 232 232 232 232 232 232 232 232 232 233 233 233 233 233 233 233 233 233 233 233 233 233 233 233 233 233 233 233 233 233 233 233 233 233 233 233 233 233 233 233 233 233 233 233 233 233 233 233 233 233 233 233 233 233 233 233 233 233 233 233 233 233 233 233 233 233 233 233 233 233 233 233 233 233 233 233 233 233 233 233 233 233 233 233 233 233 233 233 233 234 234 234 234 234 234 234 234 234 234 234 234 234 234 234 234 235 235 235 235 235 235 235 235 235 235 235 235 235 235 235 235 235 235 235 235 235 235 235 235 235 235 235 235 235 235 235 235 235 235 235 235 235 235 235 235 235 235 235 235 235 235 235 235 235 235 235 235 235 235 235 235 235 235 235 235 235 235 235 235 235 235 235 235 235 235 235 235 235 235 235 235 235 235 235 235 235 235 235 235 235 235 235 235 235 235 235 235 235 235 235 235 235 235 235 235 235 235 235 235 234 234 234 234 234 234 234 234 234 234 234 234 234 234 234 234 235 235 234 234 234 233 233 233 233 233 233 233 233 233 233 233 233 233 233 233 233 233 233 233 232 232 232 232 232 232 232 232 232 232 232 232 232 232 232
49 44 36 28 21 18 18 18 20 20 19 19 19 20 21 22 21 21 22 22 22 23 23 23 24 24 25 26 27 27 26 26 26 26 26 26 26 26 26 26 26 26 26 26 26 26 26 26 24 24 24 24 24 24 24 24 26 19 31 239 243 246 239 249 245 245 245 245 245 245 245 245 245 246 246 246 247 247 247 246 246 245 243 241 238 236 234 234 233 233 232 232 231 231 231 230 231 231 231 232 232 233 233 233 229 229 229 229 229 229 229 229 229 229 229 229 229 229 229 229 229 229 229 229 229 229 229 229 229 229 229 229 229 229 229 229 229 229 229 229 229 229 229 229 229 229 229 229 229 229 229 229 229 229 229 229 229 229 229 229 230 230 230 230 230 230 230 230 229 229 230 230 231 231 231 231 232 232 232 232 232 232 232 232 232 232 232 232 232 232 232 232 233 233 233 233 233 233 233 233 233 233 233 233 233 233 233 233 233 233 233 233 233 233 233 233 233 233 233 233 233 233 233 233 233 233 233 233 233 233 233 233 233 233 233 233 233 233 233 233 233 233 233 233 233 233 233 233 233 233 233 233 233 233 233 233 233 233 233 233 233 233 233 233 233 233 233 233 233 233 233 233 234 234 234 234 234 234 234 234 234 234 234 234 234 234 234 234 235 235 235 235 235 235 235 235 235 235 235 235 235 235 235 235 235 235 235 235 235 235 235 235 235 235 235 235 235 235 235 235 235 235 235 235 235 235 235 235 235 235 235 235 235 235 235 235 235 235 235 235 235 235 235 235 235 235 235 235 235 235 235 235 235 235 235 235 235 235 235 235 235 235 235 235 235 235 235 235 235 235 235 235 235 235 235 235 235 235 235 235 235 235 235 235 235 235 235 235 235 235 235 235 234 234 234 234 234 234 234 234 234 234 234 234 234 234 234 234 235 235 234 234 234 233 233 233 233 233 233 233 233 233 233 233 233 233 233 233 233 233 233 233 232 232 232 232 232 232 232 232 232 232 232 232 232 232 232
53 48 40 31 24 20 18 18 20 20 19 19 19 20 21 22 21 21 22 22 22 23 23 23 24 24 25 26 27 27 26 26 26 26 26 26 26 26 26 26 26 26 26 26 26 26 26 26 24 24 24 24 24 24 24 24 27 19 29 237 242 247 239 248 246 245 245 245 244 244 243 243 248 248 247 245 242 239 236 235 235 235 234 234 233 232 232 231 229 230 230 230 230 230 231 231 229 230 230 231 231 232 232 233 229 229 229 229 229 229 229 229 229 229 229 229 229 229 229 229 229 229 229 229 229 229 229 229 229 229 229 229 229 229 229 229 229 229 229 229 229 229 229 229 229 229 229 229 229 229 229 229 229 229 229 229 229 229 229 229 230 230 230 230 230 230 230 230 229 229 230 230 231 231 231 231 232 232 232 232 232 232 232 232 232 232 232 232 232 232 232 232 233 233 233 233 233 233 233 233 233 233 233 233 233 233 233 233 233 233 233 233 233 233 233 233 233 233 233 233 233 233 233 233 233 233 233 233 233 233 233 233 233 233 233 233 233 233 233 233 233 233 233 233 233 233 233 233 233 233 233 233 233 233 233 233 233 233 233 233 233 233 233 233 233 233 233 233 233 233 233 233 234 234 234 234 234 234 234 234 234 234 234 234 234 234 234 234 235 235 235 235 235 235 235 235 235 235 235 235 235 235 235 235 235 235 235 235 235 235 235 235 235 235 235 235 235 235 235 235 235 235 235 235 235 235 235 235 235 235 235 235 235 235 235 235 235 235 235 235 235 235 235 235 235 235 235 235 235 235 235 235 235 235 235 235 235 235 235 235 235 235 235 235 235 235 235 235 235 235 235 235 235 235 235 235 235 235 235 235 235 235 235 235 235 235 235 235 235 235 235 235 234 234 234 234 234 234 234 234 234 234 234 234 234 234 234 234 235 235 234 234 234 233 233 233 233 233 233 233 233 233 233 233 233 233 233 233 233 233 233 233 232 232 232 232 232 232 232 232 232 232 232 232 232 232 232
55 50 42 33 26 21 18 18 20 20 19 19 19 20 21 22 21 21 22 22 22 23 23 23 24 24 25 26 27 27 26 26 26 26 26 26 26 26 26 26 26 26 26 26 26 26 26 26 24 24 24 24 24 24 24 24 28 18 28 236 242 247 239 248 247 247 246 245 243 242 241 241 242 242 241 239 236 233 230 228 229 230 230 230 231 231 232 232 230 230 230 230 230 230 230 230 229 229 229 230 230 231 231 231 229 229 229 229 229 229 229 229 229 229 229 229 229 229 229 229 229 229 229 229 229 229 229 229 229 229 229 229 229 229 229 229 229 229 229 229 229 229 229 229 229 229 229 229 229 229 229 229 229 229 229 229 229 229 229 229 230 230 230 230 230 230 230 230 229 229 230 230 231 231 231 231 232 232 232 232 232 232 232 232 232 232 232 232 232 232 232 232 233 233 233 233 233 233 233 233 233 233 233 233 233 233 233 233 233 233 233 233 233 233 233 233 233 233 233 233 233 233 233 233 233 233 233 233 233 233 233 233 233 233 233 233 233 233 233 233 233 233 233 233 233 233 233 233 233 233 233 233 233 233 233 233 233 233 233 233 233 233 233 233 233 233 233 233 233 233 233 233 234 234 234 234 234 234 234 234 234 234 234 234 234 234 234 234 235 235 235 235 235 235 235 235 235 235 235 235 235 235 235 235 235 235 235 235 235 235 235 235 235 235 235 235 235 235 235 235 235 235 235 235 235 235 235 235 235 235 235 235 235 235 235 235 235 235 235 235 235 235 235 235 235 235 235 235 235 235 235 235 235 235 235 235 235 235 235 235 235 235 235 235 235 235 235 235 235 235 235 235 235 235 235 235 235 235 235 235 235 235 235 235 235 235 235 235 235 235 235 235 234 234 234 234 234 234 234 234 234 234 234 234 234 234 234 234 235 235 234 234 234 233 233 233 233 233 233 233 233 233 233 233 233 233 233 233 233 233 233 233 232 232 232 232 232 232 232 232 232 232 232 232 232 232 232
57 52 44 35 27 22 19 17 20 20 19 19 19 20 21 22 21 21 22 22 22 23 23 23 24 24 25 26 27 27 26 26 26 26 26 26 26 26 26 26 26 26 26 26 26 26 26 26 25 25 25 25 25 25 25 25 29 18 27 235 242 247 239 247 248 247 246 245 243 241 240 239 232 232 233 234 233 231 229 228 230 230 230 230 231 231 231 231 232 231 231 230 230 229 229 229 230 230 230 230 231 231 231 231 229 229 229 229 229 229 229 229 229 229 229 229 229 229 229 229 229 229 229 229 229 229 229 229 229 229 229 229 229 229 229 229 229 229 229 229 229 229 229 229 229 229 229 229 229 229 229 229 229 229 229 229 229 229 229 229 230 230 230 230 230 230 230 230 229 229 230 230 231 231 231 231 232 232 232 232 232 232 232 232 232 232 232 232 232 232 232 232 233 233 233 233 233 233 233 233 233 233 233 233 233 233 233 233 233 233 233 233 233 233 233 233 233 233 233 233 233 233 233 233 233 233 233 233 233 233 233 233 233 233 233 233 233 233 233 233 233 233 233 233 233 233 233 233 233 233 233 233 233 233 233 233 233 233 233 233 233 233 233 233 233 233 233 233 233 233 233 233 234 234 234 234 234 234 234 234 234 234 234 234 234 234 234 234 235 235 235 235 235 235 235 235 235 235 235 235 235 235 235 235 235 235 235 235 235 235 235 235 235 235 235 235 235 235 235 235 235 235 235 235 235 235 235 235 235 235 235 235 235 235 235 235 235 235 235 235 235 235 235 235 235 235 235 235 235 235 235 235 235 235 235 235 235 235 235 235 235 235 235 235 235 235 235 235 235 235 235 235 235 235 235 235 235 235 235 235 235 235 235 235 235 235 235 235 235 235 235 235 234 234 234 234 234 234 234 234 234 234 234 234 234 234 234 234 235 235 234 234 234 233 233 233 233 233 233 233 233 233 233 233 233 233 233 233 233 233 233 233 232 232 232 232 232 232 232 232 232 232 232 232 232 232 232
54 53 49 41 32 25 20 18 19 18 18 18 18 19 20 21 21 21 22 22 22 23 23 23 21 24 27 30 30 28 25 23 27 29 30 29 25 24 25 27 31 24 24 31 35 31 31 35 22 29 36 36 30 23 21 21 6 2 19 211 247 251 226 254 235 235 235 234 234 233 233 233 233 232 232 232 231 231 231 231 230 230 230 230 230 230 230 230 230 230 230 230 230 230 230 230 229 229 229 229 229 229 229 229 229 229 229 229 229 229 229 229 229 229 229 229 229 229 229 229 229 229 229 229 229 229 229 229 229 229 229 229 229 229 229 229 230 230 230 230 230 230 230 230 230 230 230 230 230 230 230 230 229 229 229 229 229 229 229 229 232 232 232 232 232 232 232 232 232 232 232 232 232 232 232 232 232 232 232 232 232 232 232 232 232 232 232 232 232 232 232 232 232 232 232 232 232 232 232 232 233 233 233 233 233 233 233 233 233 233 233 233 233 233 233 233 233 233 233 233 233 233 233 233 233 233 233 233 233 233 233 233 233 233 233 233 233 233 233 233 233 233 233 233 233 233 233 233 233 233 233 233 233 233 233 233 233 233 233 233 233 233 233 233 233 233 233 233 233 233 233 233 234 234 234 234 234 234 234 234 235 235 235 235 235 235 235 235 235 235 235 235 235 235 235 235 235 235 235 235 235 235 235 235 235 235 235 235 235 235 235 235 235 235 235 235 235 235 235 235 235 235 235 235 235 235 235 235 235 235 235 235 235 235 235 235 236 236 236 236 236 236 236 236 236 236 236 236 236 236 236 236 236 236 236 236 236 236 236 236 235 235 235 235 235 235 235 235 236 236 235 235 235 234 234 234 235 235 235 235 235 235 235 235 234 234 234 234 234 234 234 234 234 234 234 234 234 234 234 234 234 234 234 234 234 234 234 234 234 234 234 234 234 234 234 234 233 233 233 233 233 233 233 233 233 233 233 233 233 233 233 233 232 232 232 232 232 232 232 232 233 233 233 233 233 233 233
53 53 51 44 34 24 20 19 19 18 18 18 18 19 20 21 21 21 22 22 22 23 23 23 33 30 25 21 20 23 27 30 23 23 24 26 28 27 23 20 15 18 24 27 20 12 16 26 32 24 10 0 0 0 14 28 42 89 123 241 248 253 228 232 235 234 234 234 233 233 233 233 232 232 232 232 231 231 231 230 230 230 230 230 230 230 230 230 230 230 230 230 230 230 230 230 229 229 229 229 229 229 229 229 229 229 229 229 229 229 229 229 229 229 229 229 229 229 229 229 229 229 229 229 229 229 229 229 229 229 229 229 229 229 229 229 230 230 230 230 230 230 230 230 230 230 230 230 230 230 230 230 229 229 229 229 229 229 229 229 232 232 232 232 232 232 232 232 232 232 232 232 232 232 232 232 232 232 232 232 232 232 232 232 232 232 232 232 232 232 232 232 232 232 232 232 232 232 232 232 233 233 233 233 233 233 233 233 233 233 233 233 233 233 233 233 233 233 233 233 233 233 233 233 233 233 233 233 233 233 233 233 233 233 233 233 233 233 233 233 233 233 233 233 233 233 233 233 233 233 233 233 233 233 233 233 233 233 233 233 233 233 233 233 233 233 233 233 233 233 233 233 234 234 234 234 234 234 234 234 235 235 235 235 235 235 235 235 235 235 235 235 235 235 235 235 235 235 235 235 235 235 235 235 235 235 235 235 235 235 235 235 235 235 235 235 235 235 235 235 235 235 235 235 235 235 235 235 235 235 235 235 235 235 235 235 236 236 236 236 236 236 236 236 236 236 236 236 236 236 236 236 236 236 236 236 236 236 236 236 235 235 235 235 235 235 235 235 236 236 235 235 235 234 234 234 235 235 235 235 235 235 235 235 234 234 234 234 234 234 234 234 234 234 234 234 234 234 234 234 234 234 234 234 234 234 234 234 234 234 234 234 234 234 234 234 233 233 233 233 233 233 233 233 233 233 233 233 233 233 233 233 232 232 232 232 232 232 232 232 233 233 233 233 233 233 233
50 54 55 49 36 25 20 19 19 19 18 18 19 19 21 21 21 21 22 22 22 23 23 23 17 18 20 23 26 28 30 31 30 25 20 22 28 33 35 33 40 25 16 24 35 33 19 6 0 8 29 55 88 125 160 182 209 239 230 242 219 230 235 236 234 234 233 233 233 232 232 232 232 232 232 231 231 230 230 230 230 230 230 230 230 230 230 230 230 230 230 230 230 230 230 230 229 229 229 229 229 229 229 229 229 229 229 229 229 229 229 229 229 229 229 229 229 229 229 229 229 229 229 229 229 229 229 229 229 229 229 229 229 229 229 229 230 230 230 230 230 230 230 230 230 230 230 230 230 230 230 230 230 230 230 230 230 230 230 230 232 232 232 232 232 232 232 232 232 232 232 232 232 232 232 232 232 232 232 232 232 232 232 232 232 232 232 232 232 232 232 232 232 232 232 232 232 232 232 232 233 233 233 233 233 233 233 233 233 233 233 233 233 233 233 233 233 233 233 233 233 233 233 233 233 233 233 233 233 233 233 233 233 233 233 233 233 233 233 233 233 233 233 233 233 233 233 233 233 233 233 233 233 233 233 233 233 233 233 233 233 233 233 233 233 233 233 233 233 233 233 233 234 234 234 234 234 234 234 234 235 235 235 235 235 235 235 235 235 235 235 235 235 235 235 235 235 235 235 235 235 235 235 235 235 235 235 235 235 235 235 235 235 235 235 235 235 235 235 235 235 235 235 235 235 235 235 235 235 235 235 235 235 235 235 235 236 236 236 236 236 236 236 236 236 236 236 236 236 236 236 236 236 236 236 236 236 236 236 236 235 235 235 235 235 235 235 235 236 236 235 235 235 234 234 234 235 235 235 235 235 235 235 235 234 234 234 234 234 234 234 234 234 234 234 234 234 234 234 234 234 234 234 234 234 234 234 234 234 234 234 234 234 234 234 234 233 233 233 233 233 233 233 233 233 233 233 233 233 233 233 233 232 232 232 232 232 232 232 232 233 233 233 233 233 233 233
49 55 58 52 39 27 22 21 20 19 19 19 19 20 21 22 21 21 22 22 22 23 23 23 28 28 29 29 27 24 21 19 31 29 26 25 25 25 23 22 26 28 21 2 0 0 32 66 109 129 161 193 217 231 240 243 242 241 234 235 232 227 231 232 233 233 233 232 232 231 231 231 232 232 231 231 230 230 230 230 230 230 230 230 230 230 230 230 230 230 230 230 230 230 230 230 229 229 229 229 229 229 229 229 229 229 229 229 229 229 229 229 229 229 229 229 229 229 229 229 229 229 229 229 229 229 229 229 229 229 229 229 229 229 229 229 230 230 230 230 230 230 230 230 230 230 230 230 230 230 230 230 230 230 230 230 230 230 230 230 232 232 232 232 232 232 232 232 232 232 232 232 232 232 232 232 232 232 232 232 232 232 232 232 232 232 232 232 232 232 232 232 232 232 232 232 232 232 232 232 233 233 233 233 233 233 233 233 233 233 233 233 233 233 233 233 233 233 233 233 233 233 233 233 233 233 233 233 233 233 233 233 233 233 233 233 233 233 233 233 233 233 233 233 233 233 233 233 233 233 233 233 233 233 233 233 233 233 233 233 233 233 233 233 233 233 233 233 233 233 233 233 234 234 234 234 234 234 234 234 235 235 235 235 235 235 235 235 235 235 235 235 235 235 235 235 235 235 235 235 235 235 235 235 235 235 235 235 235 235 235 235 235 235 235 235 235 235 235 235 235 235 235 235 235 235 235 235 235 235 235 235 235 235 235 235 236 236 236 236 236 236 236 236 236 236 236 236 236 236 236 236 236 236 236 236 236 236 236 236 235 235 235 235 235 235 235 235 236 236 235 235 235 234 234 234 235 235 235 235 235 235 235 235 234 234 234 234 234 234 234 234 234 234 234 234 234 234 234 234 234 234 234 234 234 234 234 234 234 234 234 234 234 234 234 234 233 233 233 233 233 233 233 233 233 233 233 233 233 233 233 233 232 232 232 232 232 232 232 232 233 233 233 233 233 233 233
49 54 58 54 43 32 25 23 20 20 19 19 19 20 22 22 21 21 22 22 22 23 23 23 27 25 23 23 25 28 33 36 26 31 36 35 29 25 26 28 0 5 28 66 113 157 186 199 233 237 242 243 238 231 224 220 217 208 221 230 242 232 227 230 232 232 232 231 231 230 230 230 231 231 231 230 230 230 229 229 230 230 230 230 230 230 230 230 230 230 230 230 230 230 230 230 229 229 229 229 229 229 229 229 229 229 229 229 229 229 229 229 229 229 229 229 229 229 229 229 229 229 229 229 229 229 229 229 229 229 229 229 229 229 229 229 230 230 230 230 230 230 230 230 230 230 230 230 230 230 230 230 231 231 231 231 231 231 231 231 232 232 232 232 232 232 232 232 232 232 232 232 232 232 232 232 232 232 232 232 232 232 232 232 232 232 232 232 232 232 232 232 232 232 232 232 232 232 232 232 233 233 233 233 233 233 233 233 233 233 233 233 233 233 233 233 233 233 233 233 233 233 233 233 233 233 233 233 233 233 233 233 233 233 233 233 233 233 233 233 233 233 233 233 233 233 233 233 233 233 233 233 233 233 233 233 233 233 233 233 233 233 233 233 233 233 233 233 233 233 233 233 234 234 234 234 234 234 234 234 235 235 235 235 235 235 235 235 235 235 235 235 235 235 235 235 235 235 235 235 235 235 235 235 235 235 235 235 235 235 235 235 235 235 235 235 235 235 235 235 235 235 235 235 235 235 235 235 235 235 235 235 235 235 235 235 236 236 236 236 236 236 236 236 236 236 236 236 236 236 236 236 236 236 236 236 236 236 236 236 235 235 235 235 235 235 235 235 236 236 235 235 235 234 234 234 235 235 235 235 235 235 235 235 234 234 234 234 234 234 234 234 234 234 234 234 234 234 234 234 234 234 234 234 234 234 234 234 234 234 234 234 234 234 234 234 233 233 233 233 233 233 233 233 233 233 233 233 233 233 233 233 232 232 232 232 232 232 232 232 233 233 233 233 233 233 233
51 53 55 53 46 38 30 26 21 20 20 20 20 21 22 23 21 21 22 22 22 23 23 23 18 20 23 25 26 24 22 20 27 26 20 9 3 10 29 45 115 162 214 234 229 224 232 242 227 226 226 227 229 231 234 236 243 238 243 222 218 228 230 240 231 231 231 230 230 230 229 229 231 231 230 230 229 229 229 229 230 230 230 230 230 230 230 230 230 230 230 230 230 230 230 230 229 229 229 229 229 229 229 229 229 229 229 229 229 229 229 229 229 229 229 229 229 229 229 229 229 229 229 229 229 229 229 229 229 229 229 229 229 229 229 229 230 230 230 230 230 230 230 230 230 230 230 230 230 230 230 230 231 231 231 231 231 231 231 231 232 232 232 232 232 232 232 232 232 232 232 232 232 232 232 232 232 232 232 232 232 232 232 232 232 232 232 232 232 232 232 232 232 232 232 232 232 232 232 232 233 233 233 233 233 233 233 233 233 233 233 233 233 233 233 233 233 233 233 233 233 233 233 233 233 233 233 233 233 233 233 233 233 233 233 233 233 233 233 233 233 233 233 233 233 233 233 233 233 233 233 233 233 233 233 233 233 233 233 233 233 233 233 233 233 233 233 233 233 233 233 233 234 234 234 234 234 234 234 234 235 235 235 235 235 235 235 235 235 235 235 235 235 235 235 235 235 235 235 235 235 235 235 235 235 235 235 235 235 235 235 235 235 235 235 235 235 235 235 235 235 235 235 235 235 235 235 235 235 235 235 235 235 235 235 235 236 236 236 236 236 236 236 236 236 236 236 236 236 236 236 236 236 236 236 236 236 236 236 236 235 235 235 235 235 235 235 235 236 236 235 235 235 234 234 234 235 235 235 235 235 235 235 235 234 234 234 234 234 234 234 234 234 234 234 234 234 234 234 234 234 234 234 234 234 234 234 234 234 234 234 234 234 234 234 234 233 233 233 233 233 233 233 233 233 233 233 233 233 233 233 233 232 232 232 232 232 232 232 232 233 233 233 233 233 233 233
53 52 52 51 49 43 35 29 21 21 20 20 20 21 22 23 21 21 22 22 22 23 23 23 39 35 29 23 19 17 17 18 31 44 66 94 129 170 212 238 240 239 232 225 225 231 230 223 230 230 231 231 231 230 227 224 220 222 237 229 222 240 225 233 230 230 230 230 229 229 229 228 230 230 230 230 229 229 228 228 230 230 230 230 230 230 230 230 230 230 230 230 230 230 230 230 229 229 229 229 229 229 229 229 229 229 229 229 229 229 229 229 229 229 229 229 229 229 229 229 229 229 229 229 229 229 229 229 229 229 229 229 229 229 229 229 230 230 230 230 230 230 230 230 230 230 230 230 230 230 230 230 231 231 231 231 231 231 231 231 232 232 232 232 232 232 232 232 232 232 232 232 232 232 232 232 232 232 232 232 232 232 232 232 232 232 232 232 232 232 232 232 232 232 232 232 232 232 232 232 233 233 233 233 233 233 233 233 233 233 233 233 233 233 233 233 233 233 233 233 233 233 233 233 233 233 233 233 233 233 233 233 233 233 233 233 233 233 233 233 233 233 233 233 233 233 233 233 233 233 233 233 233 233 233 233 233 233 233 233 233 233 233 233 233 233 233 233 233 233 233 233 234 234 234 234 234 234 234 234 235 235 235 235 235 235 235 235 235 235 235 235 235 235 235 235 235 235 235 235 235 235 235 235 235 235 235 235 235 235 235 235 235 235 235 235 235 235 235 235 235 235 235 235 235 235 235 235 235 235 235 235 235 235 235 235 236 236 236 236 236 236 236 236 236 236 236 236 236 236 236 236 236 236 236 236 236 236 236 236 235 235 235 235 235 235 235 235 236 236 235 235 235 234 234 234 235 235 235 235 235 235 235 235 234 234 234 234 234 234 234 234 234 234 234 234 234 234 234 234 234 234 234 234 234 234 234 234 234 234 234 234 234 234 234 234 233 233 233 233 233 233 233 233 233 233 233 233 233 233 233 233 232 232 232 232 232 232 232 232 233 233 233 233 233 233 233
55 51 49 50 51 47 38 30 21 21 20 20 20 21 23 23 21 21 22 22 22 23 23 23 29 15 0 0 11 48 91 119 156 176 207 234 246 242 231 222 221 230 233 228 226 230 231 227 229 229 228 229 230 230 229 228 243 219 220 232 229 245 218 236 230 230 230 229 229 228 228 228 230 230 230 229 229 229 228 228 230 230 230 230 230 230 230 230 230 230 230 230 230 230 230 230 229 229 229 229 229 229 229 229 229 229 229 229 229 229 229 229 229 229 229 229 229 229 229 229 229 229 229 229 229 229 229 229 229 229 229 229 229 229 229 229 230 230 230 230 230 230 230 230 230 230 230 230 230 230 230 230 232 232 232 232 232 232 232 232 232 232 232 232 232 232 232 232 232 232 232 232 232 232 232 232 232 232 232 232 232 232 232 232 232 232 232 232 232 232 232 232 232 232 232 232 232 232 232 232 233 233 233 233 233 233 233 233 233 233 233 233 233 233 233 233 233 233 233 233 233 233 233 233 233 233 233 233 233 233 233 233 233 233 233 233 233 233 233 233 233 233 233 233 233 233 233 233 233 233 233 233 233 233 233 233 233 233 233 233 233 233 233 233 233 233 233 233 233 233 233 233 234 234 234 234 234 234 234 234 235 235 235 235 235 235 235 235 235 235 235 235 235 235 235 235 235 235 235 235 235 235 235 235 235 235 235 235 235 235 235 235 235 235 235 235 235 235 235 235 235 235 235 235 235 235 235 235 235 235 235 235 235 235 235 235 236 236 236 236 236 236 236 236 236 236 236 236 236 236 236 236 236 236 236 236 236 236 236 236 235 235 235 235 235 235 235 235 236 236 235 235 235 234 234 234 235 235 235 235 235 235 235 235 234 234 234 234 234 234 234 234 234 234 234 234 234 234 234 234 234 234 234 234 234 234 234 234 234 234 234 234 234 234 234 234 233 233 233 233 233 233 233 233 233 233 233 233 233 233 233 233 232 232 232 232 232 232 232 232 233 233 233 233 233 233 233
52 45 43 50 55 49 37 29 22 24 19 19 25 18 12 20 30 28 25 23 20 14 6 1 1 38 93 143 178 201 218 229 235 235 234 232 231 230 229 229 228 228 228 228 228 228 228 228 229 229 229 228 228 228 227 227 228 228 228 228 228 228 228 228 230 230 230 230 230 230 230 230 229 229 229 229 229 229 229 229 230 230 230 230 230 230 230 230 229 229 229 229 229 229 229 229 229 229 229 229 229 229 229 229 229 229 229 229 229 229 229 229 229 229 229 229 229 229 229 229 229 229 229 229 229 229 229 229 229 229 229 229 229 229 229 229 229 229 229 229 229 229 229 229 230 230 230 230 230 230 230 230 232 232 232 232 232 232 232 232 232 232 232 232 232 232 232 232 232 232 232 232 232 232 232 232 232 232 232 232 232 232 232 232 232 232 232 232 232 232 232 232 233 233 233 233 233 233 233 233 233 233 233 233 233 233 233 233 233 233 233 233 233 233 233 233 233 233 233 233 233 233 233 233 233 233 233 233 233 233 233 233 233 233 233 233 233 233 233 233 233 233 233 233 233 233 233 233 233 233 233 233 233 233 233 233 233 233 233 233 233 233 233 233 233 233 233 233 233 233 233 233 234 234 234 234 234 234 234 234 234 234 234 234 234 234 234 234 235 235 235 235 235 235 235 235 235 235 235 235 235 235 235 235 235 235 235 235 235 235 235 235 235 235 235 235 235 235 235 235 235 235 235 235 235 235 235 235 235 235 235 235 235 235 235 235 236 236 236 236 236 236 236 236 236 236 236 236 236 236 236 236 236 236 236 236 236 236 236 236 235 235 235 235 235 235 235 235 235 235 235 235 235 235 235 235 235 235 235 235 235 235 235 235 234 234 234 234 234 234 234 234 234 234 234 234 234 234 234 234 234 234 234 234 234 234 234 234 233 233 233 233 233 233 233 233 234 234 233 233 232 232 232 232 233 233 233 233 233 233 233 233 232 232 232 232 232 232 232 232 232 232 232 232 232 232 232
58 58 61 62 54 41 33 33 22 23 17 17 25 21 19 30 20 17 7 0 0 36 94 140 202 214 229 237 238 236 237 240 231 231 231 230 229 228 228 227 228 228 228 228 228 228 228 228 229 229 229 228 228 228 227 227 228 228 228 228 228 228 228 228 230 230 230 230 230 230 230 230 229 229 229 229 229 229 229 229 230 230 230 230 230 230 230 230 229 229 229 229 229 229 229 229 229 229 229 229 229 229 229 229 229 229 229 229 229 229 229 229 229 229 229 229 229 229 229 229 229 229 229 229 229 229 229 229 229 229 229 229 229 229 229 229 229 229 229 229 229 229 229 229 230 230 230 230 230 230 230 230 231 231 231 231 231 231 231 231 232 232 232 232 232 232 232 232 232 232 232 232 232 232 232 232 232 232 232 232 232 232 232 232 232 232 232 232 232 232 232 232 233 233 233 233 233 233 233 233 233 233 233 233 233 233 233 233 233 233 233 233 233 233 233 233 233 233 233 233 233 233 233 233 233 233 233 233 233 233 233 233 233 233 233 233 233 233 233 233 233 233 233 233 233 233 233 233 233 233 233 233 233 233 233 233 233 233 233 233 233 233 233 233 233 233 233 233 233 233 233 233 234 234 234 234 234 234 234 234 234 234 234 234 234 234 234 234 235 235 235 235 235 235 235 235 235 235 235 235 235 235 235 235 235 235 235 235 235 235 235 235 235 235 235 235 235 235 235 235 235 235 235 235 235 235 235 235 235 235 235 235 235 235 235 235 236 236 236 236 236 236 236 236 236 236 236 236 236 236 236 236 236 236 236 236 236 236 236 236 235 235 235 235 235 235 235 235 235 235 235 235 235 235 235 235 235 235 235 235 235 235 235 235 234 234 234 234 234 234 234 234 234 234 234 234 234 234 234 234 234 234 234 234 234 234 234 234 233 233 233 233 233 233 233 233 234 234 233 233 232 232 232 232 233 233 233 233 233 233 233 233 231 231 231 231 231 231 231 231 231 231 231 231 231 231 231
44 43 46 53 54 49 46 47 44 35 14 1 1 0 3 19 68 83 117 167 216 243 246 239 228 229 229 226 223 221 222 223 227 227 227 227 227 227 227 227 228 228 228 228 228 228 228 228 229 229 229 228 228 228 227 227 228 228 228 228 228 228 228 228 230 230 230 230 230 230 230 230 229 229 229 229 229 229 229 229 230 230 230 230 230 230 230 230 229 229 229 229 229 229 229 229 229 229 229 229 229 229 229 229 229 229 229 229 229 229 229 229 229 229 229 229 229 229 229 229 229 229 229 229 229 229 229 229 229 229 229 229 229 229 229 229 229 229 229 229 229 229 229 229 230 230 230 230 230 230 230 230 231 231 231 231 231 231 231 231 232 232 232 232 232 232 232 232 232 232 232 232 232 232 232 232 232 232 232 232 232 232 232 232 232 232 232 232 232 232 232 232 233 233 233 233 233 233 233 233 233 233 233 233 233 233 233 233 233 233 233 233 233 233 233 233 233 233 233 233 233 233 233 233 233 233 233 233 233 233 233 233 233 233 233 233 233 233 233 233 233 233 233 233 233 233 233 233 233 233 233 233 233 233 233 233 233 233 233 233 233 233 233 233 233 233 233 233 233 233 233 233 234 234 234 234 234 234 234 234 234 234 234 234 234 234 234 234 235 235 235 235 235 235 235 235 235 235 235 235 235 235 235 235 235 235 235 235 235 235 235 235 235 235 235 235 235 235 235 235 235 235 235 235 235 235 235 235 235 235 235 235 235 235 235 235 236 236 236 236 236 236 236 236 236 236 236 236 236 236 236 236 236 236 236 236 236 236 236 236 235 235 235 235 235 235 235 235 235 235 235 235 235 235 235 235 235 235 235 235 235 235 235 235 234 234 234 234 234 234 234 234 234 234 234 234 234 234 234 234 234 234 234 234 234 234 234 234 233 233 233 233 233 233 233 233 234 234 233 233 232 232 232 232 232 232 232 232 232 232 232 232 231 231 231 231 231 231 231 231 231 231 231 231 231 231 231
64 53 49 60 69 61 41 25 2 1 14 45 88 122 150 178 220 227 234 233 227 223 224 228 232 231 232 233 234 234 232 230 225 225 226 226 227 227 227 228 228 228 228 228 228 228 228 228 229 229 229 228 228 228 227 227 228 228 228 228 228 228 228 228 230 230 230 230 230 230 230 230 229 229 229 229 229 229 229 229 230 230 230 230 230 230 230 230 229 229 229 229 229 229 229 229 229 229 229 229 229 229 229 229 229 229 229 229 229 229 229 229 229 229 229 229 229 229 229 229 229 229 229 229 229 229 229 229 229 229 229 229 229 229 229 229 229 229 229 229 229 229 229 229 230 230 230 230 230 230 230 230 231 231 231 231 231 231 231 231 232 232 232 232 232 232 232 232 232 232 232 232 232 232 232 232 232 232 232 232 232 232 232 232 232 232 232 232 232 232 232 232 233 233 233 233 233 233 233 233 233 233 233 233 233 233 233 233 233 233 233 233 233 233 233 233 233 233 233 233 233 233 233 233 233 233 233 233 233 233 233 233 233 233 233 233 233 233 233 233 233 233 233 233 233 233 233 233 233 233 233 233 233 233 233 233 233 233 233 233 233 233 233 233 233 233 233 233 233 233 233 233 234 234 234 234 234 234 234 234 234 234 234 234 234 234 234 234 235 235 235 235 235 235 235 235 235 235 235 235 235 235 235 235 235 235 235 235 235 235 235 235 235 235 235 235 235 235 235 235 235 235 235 235 235 235 235 235 235 235 235 235 235 235 235 235 236 236 236 236 236 236 236 236 236 236 236 236 236 236 236 236 236 236 236 236 236 236 236 236 235 235 235 235 235 235 235 235 235 235 235 235 235 235 235 235 235 235 235 235 235 235 235 235 234 234 234 234 234 234 234 234 234 234 234 234 234 234 234 234 234 234 234 234 234 234 234 234 233 233 233 233 233 233 233 233 234 234 233 233 232 232 232 232 232 232 232 232 232 232 232 232 231 231 231 231 231 231 231 231 231 231 231 231 231 231 231
41 48 54 49 31 19 25 39 114 134 158 188 218 225 225 234 229 235 239 238 234 231 233 236 229 227 226 227 228 226 223 219 225 226 226 227 228 228 229 229 228 228 228 228 228 228 228 228 229 229 229 228 228 228 227 227 228 228 228 228 228 228 228 228 229 229 229 229 229 229 229 229 229 229 229 229 229 229 229 229 230 230 230 230 230 230 230 230 229 229 229 229 229 229 229 229 229 229 229 229 229 229 229 229 229 229 229 229 229 229 229 229 229 229 229 229 229 229 229 229 229 229 229 229 229 229 229 229 229 229 229 229 229 229 229 229 229 229 229 229 229 229 229 229 230 230 230 230 230 230 230 230 230 230 230 230 230 230 230 230 232 232 232 232 232 232 232 232 232 232 232 232 232 232 232 232 232 232 232 232 232 232 232 232 232 232 232 232 232 232 232 232 233 233 233 233 233 233 233 233 233 233 233 233 233 233 233 233 233 233 233 233 233 233 233 233 233 233 233 233 233 233 233 233 233 233 233 233 233 233 233 233 233 233 233 233 233 233 233 233 233 233 233 233 233 233 233 233 233 233 233 233 233 233 233 233 233 233 233 233 233 233 233 233 233 233 233 233 233 233 233 233 234 234 234 234 234 234 234 234 234 234 234 234 234 234 234 234 235 235 235 235 235 235 235 235 235 235 235 235 235 235 235 235 235 235 235 235 235 235 235 235 235 235 235 235 235 235 235 235 235 235 235 235 235 235 235 235 235 235 235 235 235 235 235 235 236 236 236 236 236 236 236 236 236 236 236 236 236 236 236 236 236 236 236 236 236 236 236 236 235 235 235 235 235 235 235 235 235 235 235 235 235 235 235 235 235 235 235 235 235 235 235 235 234 234 234 234 234 234 234 234 234 234 234 234 234 234 234 234 234 234 234 234 234 234 234 234 233 233 233 233 233 233 233 233 234 234 233 233 232 232 232 232 231 231 231 231 231 231 231 231 230 230 230 230 230 230 230 230 230 230 230 230 230 230 230
57 17 2 18 90 159 199 213 230 236 237 241 247 238 229 234 249 231 213 212 225 234 229 220 231 228 226 225 228 232 234 235 227 227 227 228 229 229 230 230 228 228 228 228 228 228 228 228 229 229 229 228 228 228 227 227 228 228 228 228 228 228 228 228 229 229 229 229 229 229 229 229 229 229 229 229 229 229 229 229 230 230 230 230 230 230 230 230 229 229 229 229 229 229 229 229 229 229 229 229 229 229 229 229 229 229 229 229 229 229 229 229 229 229 229 229 229 229 229 229 229 229 229 229 229 229 229 229 229 229 229 229 229 229 229 229 229 229 229 229 229 229 229 229 230 230 230 230 230 230 230 230 230 230 230 230 230 230 230 230 232 232 232 232 232 232 232 232 232 232 232 232 232 232 232 232 232 232 232 232 232 232 232 232 232 232 232 232 232 232 232 232 233 233 233 233 233 233 233 233 233 233 233 233 233 233 233 233 233 233 233 233 233 233 233 233 233 233 233 233 233 233 233 233 233 233 233 233 233 233 233 233 233 233 233 233 233 233 233 233 233 233 233 233 233 233 233 233 233 233 233 233 233 233 233 233 233 233 233 233 233 233 233 233 233 233 233 233 233 233 233 233 234 234 234 234 234 234 234 234 234 234 234 234 234 234 234 234 235 235 235 235 235 235 235 235 235 235 235 235 235 235 235 235 235 235 235 235 235 235 235 235 235 235 235 235 235 235 235 235 235 235 235 235 235 235 235 235 235 235 235 235 235 235 235 235 236 236 236 236 236 236 236 236 236 236 236 236 236 236 236 236 236 236 236 236 236 236 236 236 235 235 235 235 235 235 235 235 235 235 235 235 235 235 235 235 235 235 235 235 235 235 235 235 234 234 234 234 234 234 234 234 234 234 234 234 234 234 234 234 234 234 234 234 234 234 234 234 233 233 233 233 233 233 233 233 234 234 233 233 232 232 232 232 231 231 231 231 231 231 231 231 230 230 230 230 230 230 230 230 230 230 230 230 230 230 230
109 158 221 254 250 231 225 231 238 235 221 214 219 218 221 235 219 231 242 241 230 222 225 231 237 235 231 227 224 224 225 226 227 227 227 228 228 228 229 229 228 228 228 228 228 228 228 228 229 229 229 228 228 228 227 227 228 228 228 228 228 228 228 228 228 228 228 228 228 228 228 228 229 229 229 229 229 229 229 229 230 230 230 230 230 230 230 230 229 229 229 229 229 229 229 229 229 229 229 229 229 229 229 229 229 229 229 229 229 229 229 229 229 229 229 229 229 229 229 229 229 229 229 229 229 229 229 229 229 229 229 229 229 229 229 229 229 229 229 229 229 229 229 229 230 230 230 230 230 230 230 230 229 229 229 229 229 229 229 229 232 232 232 232 232 232 232 232 232 232 232 232 232 232 232 232 232 232 232 232 232 232 232 232 232 232 232 232 232 232 232 232 233 233 233 233 233 233 233 233 233 233 233 233 233 233 233 233 233 233 233 233 233 233 233 233 233 233 233 233 233 233 233 233 233 233 233 233 233 233 233 233 233 233 233 233 233 233 233 233 233 233 233 233 233 233 233 233 233 233 233 233 233 233 233 233 233 233 233 233 233 233 233 233 233 233 233 233 233 233 233 233 234 234 234 234 234 234 234 234 234 234 234 234 234 234 234 234 235 235 235 235 235 235 235 235 235 235 235 235 235 235 235 235 235 235 235 235 235 235 235 235 235 235 235 235 235 235 235 235 235 235 235 235 235 235 235 235 235 235 235 235 235 235 235 235 236 236 236 236 236 236 236 236 236 236 236 236 236 236 236 236 236 236 236 236 236 236 236 236 235 235 235 235 235 235 235 235 235 235 235 235 235 235 235 235 235 235 235 235 235 235 235 235 234 234 234 234 234 234 234 234 234 234 234 234 234 234 234 234 234 234 234 234 234 234 234 234 233 233 233 233 233 233 233 233 234 234 233 233 232 232 232 232 230 230 230 230 230 230 230 230 229 229 229 229 229 229 229 229 229 229 229 229 229 229 229
247 241 235 234 231 228 230 234 229 231 225 226 232 228 225 235 238 228 217 217 226 233 232 228 219 223 229 231 230 229 228 229 227 227 227 227 227 227 227 227 228 228 228 228 228 228 228 228 229 229 229 228 228 228 227 227 228 228 228 228 228 228 228 228 228 228 228 228 228 228 228 228 229 229 229 229 229 229 229 229 230 230 230 230 230 230 230 230 229 229 229 229 229 229 229 229 229 229 229 229 229 229 229 229 229 229 229 229 229 229 229 229 229 229 229 229 229 229 229 229 229 229 229 229 229 229 229 229 229 229 229 229 229 229 229 229 229 229 229 229 229 229 229 229 230 230 230 230 230 230 230 230 229 229 229 229 229 229 229 229 232 232 232 232 232 232 232 232 232 232 232 232 232 232 232 232 232 232 232 232 232 232 232 232 232 232 232 232 232 232 232 232 233 233 233 233 233 233 233 233 233 233 233 233 233 233 233 233 233 233 233 233 233 233 233 233 233 233 233 233 233 233 233 233 233 233 233 233 233 233 233 233 233 233 233 233 233 233 233 233 233 233 233 233 233 233 233 233 233 233 233 233 233 233 233 233 233 233 233 233 233 233 233 233 233 233 233 233 233 233 233 233 234 234 234 234 234 234 234 234 234 234 234 234 234 234 234 234 235 235 235 235 235 235 235 235 235 235 235 235 235 235 235 235 235 235 235 235 235 235 235 235 235 235 235 235 235 235 235 235 235 235 235 235 235 235 235 235 235 235 235 235 235 235 235 235 236 236 236 236 236 236 236 236 236 236 236 236 236 236 236 236 236 236 236 236 236 236 236 236 235 235 235 235 235 235 235 235 235 235 235 235 235 235 235 235 235 235 235 235 235 235 235 235 234 234 234 234 234 234 234 234 234 234 234 234 234 234 234 234 234 234 234 234 234 234 234 234 233 233 233 233 233 233 233 233 234 234 233 233 232 232 232 232 230 230 230 230 230 230 230 230 229 229 229 229 229 229 229 229 229 229 229 229 229 229 229
228 228 228 228 228 228 228 228 228 228 228 228 228 228 228 228 228 228 228 228 228 228 228 228 227 227 227 227 227 227 227 227 228 228 228 228 228 228 228 228 229 229 229 229 229 229 229 229 229 229 229 228 228 228 227 227 228 228 228 228 228 228 228 228 229 229 229 229 229 229 229 229 229 229 229 229 229 229 229 229 229 229 229 229 229 229 229 229 229 229 229 229 229 229 229 229 228 228 228 228 228 228 228 228 229 229 229 229 229 229 229 229 229 229 229 229 229 229 229 229 229 229 229 229 229 229 229 229 229 229 229 229 229 229 229 229 229 229 229 229 229 229 229 229 230 230 230 230 230 230 230 230 230 231 231 231 232 232 232 233 232 232 232 232 232 232 232 232 232 232 232 232 232 232 232 232 232 232 232 232 232 232 232 232 232 232 232 232 232 232 232 232 233 233 233 233 233 233 233 233 233 233 233 233 233 233 233 233 233 233 233 233 233 233 233 233 233 233 233 233 233 233 233 233 233 233 233 233 233 233 233 233 232 232 232 232 232 232 232 232 233 233 233 233 233 233 233 233 233 233 233 233 233 233 233 233 233 233 233 233 233 233 233 233 233 233 233 233 233 233 233 233 234 234 234 234 234 234 234 234 234 234 234 234 234 234 234 234 235 235 235 235 235 235 235 235 235 235 235 235 235 235 235 235 235 235 235 235 235 235 235 235 235 235 235 235 235 235 235 235 235 235 235 235 235 235 235 235 235 235 235 235 235 235 235 235 236 236 236 236 236 236 236 236 235 235 235 235 235 235 235 235 235 235 235 235 235 235 235 235 235 235 235 235 235 235 235 235 235 235 235 235 235 235 235 235 236 236 235 235 235 234 234 234 234 234 234 234 234 234 234 234 234 234 234 234 234 234 234 234 233 233 233 233 233 233 233 233 233 233 233 233 233 233 233 233 233 233 233 233 233 233 233 233 232 232 231 230 229 229 230 230 230 230 230 230 230 230 230 230 230 230 230 230 230 230 230
228 228 228 228 228 228 228 228 228 228 228 228 228 228 228 228 228 228 228 228 228 228 228 228 227 227 227 227 227 227 227 227 228 228 228 228 228 228 228 228 229 229 229 229 229 229 229 229 229 229 229 228 228 228 227 227 228 228 228 228 228 228 228 228 229 229 229 229 229 229 229 229 229 229 229 229 229 229 229 229 229 229 229 229 229 229 229 229 229 229 229 229 229 229 229 229 228 228 228 228 228 228 228 228 229 229 229 229 229 229 229 229 229 229 229 229 229 229 229 229 229 229 229 229 229 229 229 229 229 229 229 229 229 229 229 229 229 229 229 229 229 229 229 229 230 230 230 230 230 230 230 230 230 231 231 231 232 232 232 233 232 232 232 232 232 232 232 232 232 232 232 232 232 232 232 232 232 232 232 232 232 232 232 232 232 232 232 232 232 232 232 232 233 233 233 233 233 233 233 233 233 233 233 233 233 233 233 233 233 233 233 233 233 233 233 233 233 233 233 233 233 233 233 233 233 233 233 233 233 233 233 233 232 232 232 232 232 232 232 232 233 233 233 233 233 233 233 233 233 233 233 233 233 233 233 233 233 233 233 233 233 233 233 233 233 233 233 233 233 233 233 233 234 234 234 234 234 234 234 234 234 234 234 234 234 234 234 234 235 235 235 235 235 235 235 235 235 235 235 235 235 235 235 235 235 235 235 235 235 235 235 235 235 235 235 235 235 235 235 235 235 235 235 235 235 235 235 235 235 235 235 235 235 235 235 235 236 236 236 236 236 236 236 236 235 235 235 235 235 235 235 235 235 235 235 235 235 235 235 235 235 235 235 235 235 235 235 235 235 235 235 235 235 235 235 235 236 236 235 235 235 234 234 234 234 234 234 234 234 234 234 234 234 234 234 234 234 234 234 234 233 233 233 233 233 233 233 233 233 233 233 233 233 233 233 233 233 233 233 233 233 233 233 233 232 232 231 230 229 229 230 230 230 230 230 230 230 230 230 230 230 230 230 230 230 230 230
228 228 228 228 228 228 228 228 228 228 228 228 228 228 228 228 228 228 228 228 228 228 228 228 227 227 227 227 227 227 227 227 228 228 228 228 228 228 228 228 229 229 229 229 229 229 229 229 229 229 229 228 228 228 227 227 228 228 228 228 228 228 228 228 229 229 229 229 229 229 229 229 229 229 229 229 229 229 229 229 229 229 229 229 229 229 229 229 229 229 229 229 229 229 229 229 228 228 228 228 228 228 228 228 229 229 229 229 229 229 229 229 229 229 229 229 229 229 229 229 229 229 229 229 229 229 229 229 229 229 229 229 229 229 229 229 229 229 229 229 229 229 229 229 230 230 230 230 230 230 230 230 230 231 231 231 232 232 232 233 232 232 232 232 232 232 232 232 232 232 232 232 232 232 232 232 232 232 232 232 232 232 232 232 232 232 232 232 232 232 232 232 233 233 233 233 233 233 233 233 233 233 233 233 233 233 233 233 233 233 233 233 233 233 233 233 233 233 233 233 233 233 233 233 233 233 233 233 233 233 233 233 232 232 232 232 232 232 232 232 233 233 233 233 233 233 233 233 233 233 233 233 233 233 233 233 233 233 233 233 233 233 233 233 233 233 233 233 233 233 233 233 234 234 234 234 234 234 234 234 234 234 234 234 234 234 234 234 235 235 235 235 235 235 235 235 235 235 235 235 235 235 235 235 235 235 235 235 235 235 235 235 235 235 235 235 235 235 235 235 235 235 235 235 235 235 235 235 235 235 235 235 235 235 235 235 236 236 236 236 236 236 236 236 235 235 235 235 235 235 235 235 235 235 235 235 235 235 235 235 235 235 235 235 235 235 235 235 235 235 235 235 235 235 235 235 236 236 235 235 235 234 234 234 234 234 234 234 234 234 234 234 234 234 234 234 234 234 234 234 233 233 233 233 233 233 233 233 233 233 233 233 233 233 233 233 233 233 233 233 233 233 233 233 232 232 231 230 229 229 230 230 230 230 230 230 230 230 230 230 230 230 230 230 230 230 230
228 228 228 228 228 228 228 228 228 228 228 228 228 228 228 228 228 228 228 228 228 228 228 228 227 227 227 227 227 227 227 227 228 228 228 228 228 228 228 228 229 229 229 229 229 229 229 229 229 229 229 228 228 228 227 227 228 228 228 228 228 228 228 228 229 229 229 229 229 229 229 229 229 229 229 229 229 229 229 229 229 229 229 229 229 229 229 229 229 229 229 229 229 229 229 229 228 228 228 228 228 228 228 228 229 229 229 229 229 229 229 229 229 229 229 229 229 229 229 229 229 229 229 229 229 229 229 229 229 229 229 229 229 229 229 229 229 229 229 229 229 229 229 229 230 230 230 230 230 230 230 230 230 231 231 231 232 232 232 233 232 232 232 232 232 232 232 232 232 232 232 232 232 232 232 232 232 232 232 232 232 232 232 232 232 232 232 232 232 232 232 232 233 233 233 233 233 233 233 233 233 233 233 233 233 233 233 233 233 233 233 233 233 233 233 233 233 233 233 233 233 233 233 233 233 233 233 233 233 233 233 233 232 232 232 232 232 232 232 232 233 233 233 233 233 233 233 233 233 233 233 233 233 233 233 233 233 233 233 233 233 233 233 233 233 233 233 233 233 233 233 233 234 234 234 234 234 234 234 234 234 234 234 234 234 234 234 234 235 235 235 235 235 235 235 235 235 235 235 235 235 235 235 235 235 235 235 235 235 235 235 235 235 235 235 235 235 235 235 235 235 235 235 235 235 235 235 235 235 235 235 235 235 235 235 235 236 236 236 236 236 236 236 236 235 235 235 235 235 235 235 235 235 235 235 235 235 235 235 235 235 235 235 235 235 235 235 235 235 235 235 235 235 235 235 235 236 236 235 235 235 234 234 234 234 234 234 234 234 234 234 234 234 234 234 234 234 234 234 234 233 233 233 233 233 233 233 233 233 233 233 233 233 233 233 233 233 233 233 233 233 233 233 233 232 232 231 230 229 229 230 230 230 230 230 230 230 230 230 230 230 230 230 230 230 230 230
228 228 228 228 228 228 228 228 228 228 228 228 228 228 228 228 228 228 228 228 228 228 228 228 227 227 227 227 227 227 227 227 228 228 228 228 228 228 228 228 229 229 229 229 229 229 229 229 229 229 229 228 228 228 227 227 228 228 228 228 228 228 228 228 229 229 229 229 229 229 229 229 229 229 229 229 229 229 229 229 229 229 229 229 229 229 229 229 229 229 229 229 229 229 229 229 228 228 228 228 228 228 228 228 229 229 229 229 229 229 229 229 229 229 229 229 229 229 229 229 229 229 229 229 229 229 229 229 229 229 229 229 229 229 229 229 229 229 229 229 229 229 229 229 230 230 230 230 230 230 230 230 230 231 231 231 232 232 232 233 232 232 232 232 232 232 232 232 232 232 232 232 232 232 232 232 232 232 232 232 232 232 232 232 232 232 232 232 232 232 232 232 233 233 233 233 233 233 233 233 233 233 233 233 233 233 233 233 233 233 233 233 233 233 233 233 233 233 233 233 233 233 233 233 233 233 233 233 233 233 233 233 232 232 232 232 232 232 232 232 233 233 233 233 233 233 233 233 233 233 233 233 233 233 233 233 233 233 233 233 233 233 233 233 233 233 233 233 233 233 233 233 234 234 234 234 234 234 234 234 234 234 234 234 234 234 234 234 235 235 235 235 235 235 235 235 235 235 235 235 235 235 235 235 235 235 235 235 235 235 235 235 235 235 235 235 235 235 235 235 235 235 235 235 235 235 235 235 235 235 235 235 235 235 235 235 236 236 236 236 236 236 236 236 235 235 235 235 235 235 235 235 235 235 235 235 235 235 235 235 235 235 235 235 235 235 235 235 235 235 235 235 235 235 235 235 236 236 235 235 235 234 234 234 234 234 234 234 234 234 234 234 234 234 234 234 234 234 234 234 233 233 233 233 233 233 233 233 233 233 233 233 233 233 233 233 233 233 233 233 233 233 233 233 232 232 231 230 229 229 230 230 230 230 230 230 230 230 230 230 230 230 230 230 230 230 230
228 228 228 228 228 228 228 228 228 228 228 228 228 228 228 228 228 228 228 228 228 228 228 228 227 227 227 227 227 227 227 227 228 228 228 228 228 228 228 228 229 229 229 229 229 229 229 229 229 229 229 228 228 228 227 227 228 228 228 228 228 228 228 228 229 229 229 229 229 229 229 229 229 229 229 229 229 229 229 229 229 229 229 229 229 229 229 229 229 229 229 229 229 229 229 229 228 228 228 228 228 228 228 228 229 229 229 229 229 229 229 229 229 229 229 229 229 229 229 229 229 229 229 229 229 229 229 229 229 229 229 229 229 229 229 229 229 229 229 229 229 229 229 229 230 230 230 230 230 230 230 230 230 231 231 231 232 232 232 233 232 232 232 232 232 232 232 232 232 232 232 232 232 232 232 232 232 232 232 232 232 232 232 232 232 232 232 232 232 232 232 232 233 233 233 233 233 233 233 233 233 233 233 233 233 233 233 233 233 233 233 233 233 233 233 233 233 233 233 233 233 233 233 233 233 233 233 233 233 233 233 233 232 232 232 232 232 232 232 232 233 233 233 233 233 233 233 233 233 233 233 233 233 233 233 233 233 233 233 233 233 233 233 233 233 233 233 233 233 233 233 233 234 234 234 234 234 234 234 234 234 234 234 234 234 234 234 234 235 235 235 235 235 235 235 235 235 235 235 235 235 235 235 235 235 235 235 235 235 235 235 235 235 235 235 235 235 235 235 235 235 235 235 235 235 235 235 235 235 235 235 235 235 235 235 235 236 236 236 236 236 236 236 236 235 235 235 235 235 235 235 235 235 235 235 235 235 235 235 235 235 235 235 235 235 235 235 235 235 235 235 235 235 235 235 235 236 236 235 235 235 234 234 234 234 234 234 234 234 234 234 234 234 234 234 234 234 234 234 234 233 233 233 233 233 233 233 233 233 233 233 233 233 233 233 233 233 233 233 233 233 233 233 233 232 232 231 230 229 229 230 230 230 230 230 230 230 230 230 230 230 230 230 230 230 230 230
228 228 228 228 228 228 228 228 228 228 228 228 228 228 228 228 228 228 228 228 228 228 228 228 227 227 227 227 227 227 227 227 228 228 228 228 228 228 228 228 229 229 229 229 229 229 229 229 229 229 229 228 228 228 227 227 228 228 228 228 228 228 228 228 229 229 229 229 229 229 229 229 229 229 229 229 229 229 229 229 229 229 229 229 229 229 229 229 229 229 229 229 229 229 229 229 228 228 228 228 228 228 228 228 229 229 229 229 229 229 229 229 229 229 229 229 229 229 229 229 229 229 229 229 229 229 229 229 229 229 229 229 229 229 229 229 229 229 229 229 229 229 229 229 230 230 230 230 230 230 230 230 230 231 231 231 232 232 232 233 232 232 232 232 232 232 232 232 232 232 232 232 232 232 232 232 232 232 232 232 232 232 232 232 232 232 232 232 232 232 232 232 233 233 233 233 233 233 233 233 233 233 233 233 233 233 233 233 233 233 233 233 233 233 233 233 233 233 233 233 233 233 233 233 233 233 233 233 233 233 233 233 232 232 232 232 232 232 232 232 233 233 233 233 233 233 233 233 233 233 233 233 233 233 233 233 233 233 233 233 233 233 233 233 233 233 233 233 233 233 233 233 234 234 234 234 234 234 234 234 234 234 234 234 234 234 234 234 235 235 235 235 235 235 235 235 235 235 235 235 235 235 235 235 235 235 235 235 235 235 235 235 235 235 235 235 235 235 235 235 235 235 235 235 235 235 235 235 235 235 235 235 235 235 235 235 236 236 236 236 236 236 236 236 235 235 235 235 235 235 235 235 235 235 235 235 235 235 235 235 235 235 235 235 235 235 235 235 235 235 235 235 235 235 235 235 236 236 235 235 235 234 234 234 234 234 234 234 234 234 234 234 234 234 234 234 234 234 234 234 233 233 233 233 233 233 233 233 233 233 233 233 233 233 233 233 233 233 233 233 233 233 233 233 232 232 231 230 229 229 230 230 230 230 230 230 230 230 230 230 230 230 230 230 230 230 230
228 228 228 228 228 228 228 228 228 228 228 228 228 228 228 228 228 228 228 228 228 228 228 228 227 227 227 227 227 227 227 227 228 228 228 228 228 228 228 228 229 229 229 229 229 229 229 229 229 229 229 228 228 228 227 227 228 228 228 228 228 228 228 228 229 229 229 229 229 229 229 229 229 229 229 229 229 229 229 229 229 229 229 229 229 229 229 229 229 229 229 229 229 229 229 229 228 228 228 228 228 228 228 228 229 229 229 229 229 229 229 229 229 229 229 229 229 229 229 229 229 229 229 229 229 229 229 229 229 229 229 229 229 229 229 229 229 229 229 229 229 229 229 229 230 230 230 230 230 230 230 230 230 231 231 231 232 232 232 233 232 232 232 232 232 232 232 232 232 232 232 232 232 232 232 232 232 232 232 232 232 232 232 232 232 232 232 232 232 232 232 232 233 233 233 233 233 233 233 233 233 233 233 233 233 233 233 233 233 233 233 233 233 233 233 233 233 233 233 233 233 233 233 233 233 233 233 233 233 233 233 233 232 232 232 232 232 232 232 232 233 233 233 233 233 233 233 233 233 233 233 233 233 233 233 233 233 233 233 233 233 233 233 233 233 233 233 233 233 233 233 233 234 234 234 234 234 234 234 234 234 234 234 234 234 234 234 234 235 235 235 235 235 235 235 235 235 235 235 235 235 235 235 235 235 235 235 235 235 235 235 235 235 235 235 235 235 235 235 235 235 235 235 235 235 235 235 235 235 235 235 235 235 235 235 235 236 236 236 236 236 236 236 236 235 235 235 235 235 235 235 235 235 235 235 235 235 235 235 235 235 235 235 235 235 235 235 235 235 235 235 235 235 235 235 235 236 236 235 235 235 234 234 234 234 234 234 234 234 234 234 234 234 234 234 234 234 234 234 234 233 233 233 233 233 233 233 233 233 233 233 233 233 233 233 233 233 233 233 233 233 233 233 233 232 232 231 230 229 229 230 230 230 230 230 230 230 230 230 230 230 230 230 230 230 230 230
227 227 227 227 227 227 227 227 227 227 227 227 227 227 227 227 227 227 227 227 227 227 227 227 227 227 227 227 227 227 227 227 227 227 227 227 227 227 227 227 227 227 228 228 228 229 229 229 229 229 229 228 228 228 227 227 228 228 228 228 228 228 228 228 229 229 229 229 229 229 229 229 229 229 229 229 229 229 229 229 229 229 229 229 229 229 229 229 228 228 228 228 228 228 228 228 228 228 228 228 228 228 228 228 228 228 228 228 228 228 228 228 228 228 228 228 228 228 228 228 229 229 229 229 229 229 229 229 229 229 229 229 229 229 229 229 230 230 230 230 230 230 230 230 230 230 230 230 230 230 230 230 230 230 230 230 230 230 230 230 230 230 230 230 230 230 230 230 232 232 232 232 232 232 232 232 232 232 232 232 232 232 232 232 232 232 232 232 232 232 232 232 232 232 232 232 232 232 232 232 232 232 232 232 232 232 232 232 232 232 232 232 232 232 232 232 232 232 232 232 232 232 232 232 232 232 232 232 232 232 232 232 232 232 232 232 232 232 232 232 232 232 232 232 232 232 232 232 232 232 232 232 232 232 232 232 232 232 232 232 232 232 232 232 233 233 233 233 233 233 233 233 234 234 234 234 234 234 234 234 234 234 234 234 234 234 234 234 234 234 234 234 234 234 234 234 235 235 235 235 235 235 235 235 235 235 235 235 235 235 235 235 235 235 235 235 235 235 235 235 235 235 235 235 235 235 235 235 235 235 235 235 235 235 235 235 235 235 235 235 235 235 235 235 235 235 235 235 235 235 235 235 235 235 235 235 235 235 235 235 235 235 235 235 235 235 235 235 235 235 235 235 235 235 235 235 234 234 234 234 234 234 234 234 234 234 234 234 234 234 234 234 235 235 234 234 234 233 233 233 233 233 233 233 233 233 233 233 233 233 233 233 233 233 233 233 229 230 231 232 233 233 233 233 235 234 232 230 228 229 232 234 227 228 228 228 228 229 231 233 228 226 228 232 232 228 226
227 227 227 227 227 227 227 227 227 227 227 227 227 227 227 227 227 227 227 227 227 227 227 227 227 227 227 227 227 227 227 227 227 227 227 227 227 227 227 227 227 227 228 228 228 229 229 229 229 229 229 228 228 228 227 227 228 228 228 228 228 228 228 228 229 229 229 229 229 229 229 229 229 229 229 229 229 229 229 229 229 229 229 229 229 229 229 229 228 228 228 228 228 228 228 228 228 228 228 228 228 228 228 228 228 228 228 228 228 228 228 228 228 228 228 228 228 228 228 228 229 229 229 229 229 229 229 229 229 229 229 229 229 229 229 229 230 230 230 230 230 230 230 230 230 230 230 230 230 230 230 230 230 230 230 230 230 230 230 230 230 230 230 230 230 230 230 230 232 232 232 232 232 232 232 232 232 232 232 232 232 232 232 232 232 232 232 232 232 232 232 232 232 232 232 232 232 232 232 232 232 232 232 232 232 232 232 232 232 232 232 232 232 232 232 232 232 232 232 232 232 232 232 232 232 232 232 232 232 232 232 232 232 232 232 232 232 232 232 232 232 232 232 232 232 232 232 232 232 232 232 232 232 232 232 232 232 232 232 232 232 232 232 232 233 233 233 233 233 233 233 233 234 234 234 234 234 234 234 234 234 234 234 234 234 234 234 234 234 234 234 234 234 234 234 234 235 235 235 235 235 235 235 235 235 235 235 235 235 235 235 235 235 235 235 235 235 235 235 235 235 235 235 235 235 235 235 235 235 235 235 235 235 235 235 235 235 235 235 235 235 235 235 235 235 235 235 235 235 235 235 235 235 235 235 235 235 235 235 235 235 235 235 235 235 235 235 235 235 235 235 235 235 235 235 235 234 234 234 234 234 234 234 234 234 234 234 234 234 234 234 234 235 235 234 234 234 233 233 233 233 233 233 233 233 233 233 233 233 233 233 233 233 233 233 233 238 237 236 234 232 230 228 227 218 223 230 235 235 231 227 223 236 235 233 230 227 225 225 226 228 224 223 227 229 229 233
227 227 227 227 227 227 227 227 227 227 227 227 227 227 227 227 227 227 227 227 227 227 227 227 227 227 227 227 227 227 227 227 227 227 227 227 227 227 227 227 227 227 228 228 228 229 229 229 229 229 229 228 228 228 227 227 228 228 228 228 228 228 228 228 229 229 229 229 229 229 229 229 229 229 229 229 229 229 229 229 229 229 229 229 229 229 229 229 228 228 228 228 228 228 228 228 228 228 228 228 228 228 228 228 228 228 228 228 228 228 228 228 228 228 228 228 228 228 228 228 229 229 229 229 229 229 229 229 229 229 229 229 229 229 229 229 230 230 230 230 230 230 230 230 230 230 230 230 230 230 230 230 230 230 230 230 230 230 230 230 230 230 230 230 230 230 230 230 232 232 232 232 232 232 232 232 232 232 232 232 232 232 232 232 232 232 232 232 232 232 232 232 232 232 232 232 232 232 232 232 232 232 232 232 232 232 232 232 232 232 232 232 232 232 232 232 232 232 232 232 232 232 232 232 232 232 232 232 232 232 232 232 232 232 232 232 232 232 232 232 232 232 232 232 232 232 232 232 232 232 232 232 232 232 232 232 232 232 232 232 232 232 232 232 233 233 233 233 233 233 233 233 234 234 234 234 234 234 234 234 234 234 234 234 234 234 234 234 234 234 234 234 234 234 234 234 235 235 235 235 235 235 235 235 235 235 235 235 235 235 235 235 235 235 235 235 235 235 235 235 235 235 235 235 235 235 235 235 235 235 235 235 235 235 235 235 235 235 235 235 235 235 235 235 235 235 235 235 235 235 235 235 235 235 235 235 235 235 235 235 235 235 235 235 235 235 235 235 235 235 235 235 235 235 235 235 234 234 234 234 234 234 234 234 234 234 234 234 234 234 234 234 235 235 234 234 234 233 233 233 233 233 233 233 233 233 233 233 233 233 233 233 233 233 233 233 229 228 227 226 225 225 226 226 238 236 234 232 231 232 233 234 230 227 224 222 224 229 235 239 238 233 231 231 228 223 222
227 227 227 227 227 227 227 227 227 227 227 227 227 227 227 227 227 227 227 227 227 227 227 227 227 227 227 227 227 227 227 227 227 227 227 227 227 227 227 227 227 227 228 228 228 229 229 229 229 229 229 228 228 228 227 227 228 228 228 228 228 228 228 228 229 229 229 229 229 229 229 229 229 229 229 229 229 229 229 229 229 229 229 229 229 229 229 229 228 228 228 228 228 228 228 228 228 228 228 228 228 228 228 228 228 228 228 228 228 228 228 228 228 228 228 228 228 228 228 228 229 229 229 229 229 229 229 229 229 229 229 229 229 229 229 229 230 230 230 230 230 230 230 230 230 230 230 230 230 230 230 230 230 230 230 230 230 230 230 230 230 230 230 230 230 230 230 230 232 232 232 232 232 232 232 232 232 232 232 232 232 232 232 232 232 232 232 232 232 232 232 232 232 232 232 232 232 232 232 232 232 232 232 232 232 232 232 232 232 232 232 232 232 232 232 232 232 232 232 232 232 232 232 232 232 232 232 232 232 232 232 232 232 232 232 232 232 232 232 232 232 232 232 232 232 232 232 232 232 232 232 232 232 232 232 232 232 232 232 232 232 232 232 232 233 233 233 233 233 233 233 233 234 234 234 234 234 234 234 234 234 234 234 234 234 234 234 234 234 234 234 234 234 234 234 234 235 235 235 235 235 235 235 235 235 235 235 235 235 235 235 235 235 235 235 235 235 235 235 235 235 235 235 235 235 235 235 235 235 235 235 235 235 235 235 235 235 235 235 235 235 235 235 235 235 235 235 235 235 235 235 235 235 235 235 235 235 235 235 235 235 235 235 235 235 235 235 235 235 235 235 235 235 235 235 235 234 234 234 234 234 234 234 234 234 234 234 234 234 234 234 234 235 235 234 234 234 233 233 233 233 233 233 233 233 233 233 233 233 233 233 233 233 233 233 233 232 231 231 231 232 234 235 236 237 232 225 220 221 225 230 233 219 224 231 238 240 235 227 221 219 215 213 212 205 192 183
227 227 227 227 227 227 227 227 227 227 227 227 227 227 227 227 227 227 227 227 227 227 227 227 227 227 227 227 227 227 227 227 227 227 227 227 227 227 227 227 227 227 228 228 228 229 229 229 229 229 229 228 228 228 227 227 228 228 228 228 228 228 228 228 229 229 229 229 229 229 229 229 229 229 229 229 229 229 229 229 229 229 229 229 229 229 229 229 228 228 228 228 228 228 228 228 228 228 228 228 228 228 228 228 228 228 228 228 228 228 228 228 228 228 228 228 228 228 228 228 229 229 229 229 229 229 229 229 229 229 229 229 229 229 229 229 230 230 230 230 230 230 230 230 230 230 230 230 230 230 230 230 230 230 230 230 230 230 230 230 230 230 230 230 230 230 230 230 232 232 232 232 232 232 232 232 232 232 232 232 232 232 232 232 232 232 232 232 232 232 232 232 232 232 232 232 232 232 232 232 232 232 232 232 232 232 232 232 232 232 232 232 232 232 232 232 232 232 232 232 232 232 232 232 232 232 232 232 232 232 232 232 232 232 232 232 232 232 232 232 232 232 232 232 232 232 232 232 232 232 232 232 232 232 232 232 232 232 232 232 232 232 232 232 233 233 233 233 233 233 233 233 234 234 234 234 234 234 234 234 234 234 234 234 234 234 234 234 234 234 234 234 234 234 234 234 235 235 235 235 235 235 235 235 235 235 235 235 235 235 235 235 235 235 235 235 235 235 235 235 235 235 235 235 235 235 235 235 235 235 235 235 235 235 235 235 235 235 235 235 235 235 235 235 235 235 235 235 235 235 235 235 235 235 235 235 235 235 235 235 235 235 235 235 235 235 235 235 235 235 235 235 235 235 235 235 234 234 234 234 234 234 234 234 234 234 234 234 234 234 234 234 235 235 234 234 234 233 233 233 233 233 233 233 233 233 233 233 233 233 233 233 233 233 233 233 232 232 231 230 230 230 230 230 229 230 232 236 238 235 229 223 238 229 215 202 194 189 185 182 193 181 164 145 121 94 77
227 227 227 227 227 227 227 227 227 227 227 227 227 227 227 227 227 227 227 227 227 227 227 227 227 227 227 227 227 227 227 227 227 227 227 227 227 227 227 227 227 227 228 228 228 229 229 229 229 229 229 228 228 228 227 227 228 228 228 228 228 228 228 228 229 229 229 229 229 229 229 229 229 229 229 229 229 229 229 229 229 229 229 229 229 229 229 229 228 228 228 228 228 228 228 228 228 228 228 228 228 228 228 228 228 228 228 228 228 228 228 228 228 228 228 228 228 228 228 228 229 229 229 229 229 229 229 229 229 229 229 229 229 229 229 229 230 230 230 230 230 230 230 230 230 230 230 230 230 230 230 230 230 230 230 230 230 230 230 230 230 230 230 230 230 230 230 230 232 232 232 232 232 232 232 232 232 232 232 232 232 232 232 232 232 232 232 232 232 232 232 232 232 232 232 232 232 232 232 232 232 232 232 232 232 232 232 232 232 232 232 232 232 232 232 232 232 232 232 232 232 232 232 232 232 232 232 232 232 232 232 232 232 232 232 232 232 232 232 232 232 232 232 232 232 232 232 232 232 232 232 232 232 232 232 232 232 232 232 232 232 232 232 232 233 233 233 233 233 233 233 233 234 234 234 234 234 234 234 234 234 234 234 234 234 234 234 234 234 234 234 234 234 234 234 234 235 235 235 235 235 235 235 235 235 235 235 235 235 235 235 235 235 235 235 235 235 235 235 235 235 235 235 235 235 235 235 235 235 235 235 235 235 235 235 235 235 235 235 235 235 235 235 235 235 235 235 235 235 235 235 235 235 235 235 235 235 235 235 235 235 235 235 235 235 235 235 235 235 235 235 235 235 235 235 235 234 234 234 234 234 234 234 234 234 234 234 234 234 234 234 234 235 235 234 234 234 233 233 233 233 233 233 233 233 233 233 233 233 233 233 233 233 233 233 233 228 228 230 231 232 232 231 231 239 235 230 226 223 217 207 200 179 177 176 177 179 177 170 164 120 103 79 55 31 10 1
227 227 227 227 227 227 227 227 227 227 227 227 227 227 227 227 227 227 227 227 227 227 227 227 227 227 227 227 227 227 227 227 227 227 227 227 227 227 227 227 227 227 228 228 228 229 229 229 229 229 229 228 228 228 227 227 228 228 228 228 228 228 228 228 229 229 229 229 229 229 229 229 229 229 229 229 229 229 229 229 229 229 229 229 229 229 229 229 228 228 228 228 228 228 228 228 228 228 228 228 228 228 228 228 228 228 228 228 228 228 228 228 228 228 228 228 228 228 228 228 229 229 229 229 229 229 229 229 229 229 229 229 229 229 229 229 230 230 230 230 230 230 230 230 230 230 230 230 230 230 230 230 230 230 230 230 230 230 230 230 230 230 230 230 230 230 230 230 232 232 232 232 232 232 232 232 232 232 232 232 232 232 232 232 232 232 232 232 232 232 232 232 232 232 232 232 232 232 232 232 232 232 232 232 232 232 232 232 232 232 232 232 232 232 232 232 232 232 232 232 232 232 232 232 232 232 232 232 232 232 232 232 232 232 232 232 232 232 232 232 232 232 232 232 232 232 232 232 232 232 232 232 232 232 232 232 232 232 232 232 232 232 232 232 233 233 233 233 233 233 233 233 234 234 234 234 234 234 234 234 234 234 234 234 234 234 234 234 234 234 234 234 234 234 234 234 235 235 235 235 235 235 235 235 235 235 235 235 235 235 235 235 235 235 235 235 235 235 235 235 235 235 235 235 235 235 235 235 235 235 235 235 235 235 235 235 235 235 235 235 235 235 235 235 235 235 235 235 235 235 235 235 235 235 235 235 235 235 235 235 235 235 235 235 235 235 235 235 235 235 235 235 235 235 235 235 234 234 234 234 234 234 234 234 234 234 234 234 234 234 234 234 235 235 234 234 234 233 233 233 233 233 233 233 233 233 233 233 233 233 233 233 233 233 233 233 233 234 234 233 231 226 221 218 208 198 186 178 174 170 165 160 179 179 176 165 139 96 48 17 23 16 11 10 10 10 16
227 227 227 227 227 227 227 227 227 227 227 227 227 227 227 227 227 227 227 227 227 227 227 227 227 227 227 227 227 227 227 227 227 227 227 227 227 227 227 227 227 227 228 228 228 229 229 229 229 229 229 228 228 228 227 227 228 228 228 228 228 228 228 228 229 229 229 229 229 229 229 229 229 229 229 229 229 229 229 229 229 229 229 229 229 229 229 229 228 228 228 228 228 228 228 228 228 228 228 228 228 228 228 228 228 228 228 228 228 228 228 228 228 228 228 228 228 228 228 228 229 229 229 229 229 229 229 229 229 229 229 229 229 229 229 229 230 230 230 230 230 230 230 230 230 230 230 230 230 230 230 230 230 230 230 230 230 230 230 230 230 230 230 230 230 230 230 230 232 232 232 232 232 232 232 232 232 232 232 232 232 232 232 232 232 232 232 232 232 232 232 232 232 232 232 232 232 232 232 232 232 232 232 232 232 232 232 232 232 232 232 232 232 232 232 232 232 232 232 232 232 232 232 232 232 232 232 232 232 232 232 232 232 232 232 232 232 232 232 232 232 232 232 232 232 232 232 232 232 232 232 232 232 232 232 232 232 232 232 232 232 232 232 232 233 233 233 233 233 233 233 233 234 234 234 234 234 234 234 234 234 234 234 234 234 234 234 234 234 234 234 234 234 234 234 234 235 235 235 235 235 235 235 235 235 235 235 235 235 235 235 235 235 235 235 235 235 235 235 235 235 235 235 235 235 235 235 235 235 235 235 235 235 235 235 235 235 235 235 235 235 235 235 235 235 235 235 235 235 235 235 235 235 235 235 235 235 235 235 235 235 235 235 235 235 235 235 235 235 235 235 235 235 235 235 235 234 234 234 234 234 234 234 234 234 234 234 234 234 234 234 234 235 235 234 234 234 233 233 233 233 233 233 233 233 233 233 233 233 233 233 233 233 233 233 233 221 219 213 204 191 177 164 156 158 158 162 169 173 169 158 149 117 86 42 8 0 0 13 22 18 17 20 25 26 21 19
226 226 226 226 226 226 226 226 227 227 227 227 227 227 227 227 227 227 227 227 227 227 227 227 227 227 227 227 227 227 227 227 228 228 228 228 228 228 228 228 227 227 228 228 228 229 229 229 229 229 229 228 228 228 227 227 228 228 228 228 228 228 228 228 228 228 229 229 229 230 230 230 229 229 229 229 229 229 229 229 229 229 229 229 229 229 229 229 228 228 228 228 228 228 228 228 228 228 228 228 228 228 228 228 228 228 228 228 228 228 228 228 228 228 228 228 228 228 228 228 228 228 228 228 228 228 228 228 228 228 228 228 228 228 228 228 231 231 231 231 232 232 232 233 231 231 231 231 230 230 229 229 230 230 230 230 230 230 230 230 230 230 230 230 230 230 230 230 232 232 232 232 232 232 232 232 232 232 232 232 232 232 232 232 232 232 232 232 232 232 232 232 232 232 232 232 232 232 232 232 232 232 232 232 232 232 232 232 232 232 232 232 232 232 232 232 232 232 232 232 232 232 232 232 232 232 232 232 232 232 232 232 232 232 232 232 232 232 232 232 232 232 232 232 232 232 232 232 233 233 233 233 233 233 233 233 233 233 233 233 233 233 233 233 233 233 233 233 233 233 233 233 233 233 233 233 233 233 233 233 234 234 234 234 234 234 234 234 234 234 234 234 234 234 234 234 235 235 235 235 235 235 235 235 235 235 235 235 235 235 235 235 235 235 235 235 235 235 235 235 235 235 235 235 235 235 235 235 235 235 235 235 235 235 235 235 235 235 235 235 235 235 235 235 235 235 235 235 235 235 235 235 235 235 235 235 235 235 235 235 235 235 235 235 235 235 235 235 234 234 234 234 234 234 234 234 237 237 237 237 236 234 233 232 237 235 233 231 230 230 231 232 233 233 236 239 238 234 232 233 237 232 232 236 233 226 226 232 238 226 222 225 213 190 185 194 170 165 159 157 161 167 174 178 180 166 149 135 118 87 46 15 4 9 16 22 24 22 18 15 20 20 20 20 20 20 20
226 226 226 226 226 226 226 226 227 227 227 227 227 227 227 227 227 227 227 227 227 227 227 227 227 227 227 227 227 227 227 227 228 228 228 228 228 228 228 228 227 227 228 228 228 229 229 229 229 229 229 228 228 228 227 227 228 228 228 228 228 228 228 228 228 228 229 229 229 230 230 230 229 229 229 229 229 229 229 229 229 229 229 229 229 229 229 229 228 228 228 228 228 228 228 228 228 228 228 228 228 228 228 228 228 228 228 228 228 228 228 228 228 228 228 228 228 228 228 228 228 228 228 228 228 228 228 228 228 228 228 228 228 228 228 228 230 231 231 231 232 232 232 232 231 231 231 231 230 230 229 229 230 230 230 230 230 230 230 230 230 230 230 230 230 230 230 230 232 232 232 232 232 232 232 232 232 232 232 232 232 232 232 232 232 232 232 232 232 232 232 232 232 232 232 232 232 232 232 232 232 232 232 232 232 232 232 232 232 232 232 232 232 232 232 232 232 232 232 232 232 232 232 232 232 232 232 232 232 232 232 232 232 232 232 232 232 232 232 232 232 232 232 232 232 232 232 232 233 233 233 233 233 233 233 233 233 233 233 233 233 233 233 233 233 233 233 233 233 233 233 233 233 233 233 233 233 233 233 233 234 234 234 234 234 234 234 234 234 234 234 234 234 234 234 234 235 235 235 235 235 235 235 235 235 235 235 235 235 235 235 235 235 235 235 235 235 235 235 235 235 235 235 235 235 235 235 235 235 235 235 235 235 235 235 235 235 235 235 235 235 235 235 235 235 235 235 235 235 235 235 235 235 235 235 235 235 235 235 235 235 235 235 235 235 235 235 235 234 234 234 234 234 234 234 234 228 228 230 231 232 233 234 235 233 233 233 234 235 237 239 240 236 232 227 224 222 224 229 235 224 226 231 234 230 221 214 212 193 179 166 165 170 169 158 148 157 165 177 186 183 165 141 123 92 71 42 20 12 15 20 23 14 16 19 21 22 21 19 18 20 20 20 20 20 20 20
226 226 226 226 226 226 226 226 227 227 227 227 227 227 227 227 227 227 227 227 227 227 227 227 227 227 227 227 227 227 227 227 228 228 228 228 228 228 228 228 227 227 228 228 228 229 229 229 229 229 229 228 228 228 227 227 228 228 228 228 228 228 228 228 228 228 229 229 229 230 230 230 229 229 229 229 229 229 229 229 229 229 229 229 229 229 229 229 228 228 228 228 228 228 228 228 228 228 228 228 228 228 228 228 228 228 228 228 228 228 228 228 228 228 228 228 228 228 228 228 228 228 228 228 228 228 228 228 228 228 228 228 228 228 228 228 230 230 230 231 231 232 232 232 231 231 231 231 230 230 229 229 230 230 230 230 230 230 230 230 230 230 230 230 230 230 230 230 232 232 232 232 232 232 232 232 232 232 232 232 232 232 232 232 232 232 232 232 232 232 232 232 232 232 232 232 232 232 232 232 232 232 232 232 232 232 232 232 232 232 232 232 232 232 232 232 232 232 232 232 232 232 232 232 232 232 232 232 232 232 232 232 232 232 232 232 232 232 232 232 232 232 232 232 232 232 232 232 233 233 233 233 233 233 233 233 233 233 233 233 233 233 233 233 233 233 233 233 233 233 233 233 233 233 233 233 233 233 233 233 234 234 234 234 234 234 234 234 234 234 234 234 234 234 234 234 235 235 235 235 235 235 235 235 235 235 235 235 235 235 235 235 235 235 235 235 235 235 235 235 235 235 235 235 235 235 235 235 235 235 235 235 235 235 235 235 235 235 235 235 235 235 235 235 235 235 235 235 235 235 235 235 235 235 235 235 235 235 235 235 235 235 235 235 235 235 235 235 234 234 234 234 234 234 234 234 241 240 239 237 236 236 236 236 238 238 237 235 233 231 228 227 232 234 237 238 238 236 233 230 224 218 204 185 171 162 155 149 155 167 171 162 158 169 182 187 192 171 138 105 77 53 32 19 11 15 20 21 20 19 19 19 25 24 22 20 19 19 20 21 20 20 20 20 20 20 20
226 226 226 226 226 226 226 226 227 227 227 227 227 227 227 227 227 227 227 227 227 227 227 227 227 227 227 227 227 227 227 227 228 228 228 228 228 228 228 228 227 227 228 228 228 229 229 229 229 229 229 228 228 228 227 227 228 228 228 228 228 228 228 228 228 228 229 229 229 230 230 230 229 229 229 229 229 229 229 229 229 229 229 229 229 229 229 229 228 228 228 228 228 228 228 228 228 228 228 228 228 228 228 228 228 228 228 228 228 228 228 228 228 228 228 228 228 228 228 228 228 228 228 228 228 228 228 228 228 228 228 228 228 228 228 228 230 230 230 230 231 231 232 232 231 231 231 231 230 230 229 229 230 230 230 230 230 230 230 230 230 230 230 230 230 230 230 230 232 232 232 232 232 232 232 232 232 232 232 232 232 232 232 232 232 232 232 232 232 232 232 232 232 232 232 232 232 232 232 232 232 232 232 232 232 232 232 232 232 232 232 232 232 232 232 232 232 232 232 232 232 232 232 232 232 232 232 232 232 232 232 232 232 232 232 232 232 232 232 232 232 232 232 232 232 232 232 232 233 233 233 233 233 233 233 233 233 233 233 233 233 233 233 233 233 233 233 233 233 233 233 233 233 233 233 233 233 233 233 233 234 234 234 234 234 234 234 234 234 234 234 234 234 234 234 234 235 235 235 235 235 235 235 235 235 235 235 235 235 235 235 235 235 235 235 235 235 235 235 235 235 235 235 235 235 235 235 235 235 235 235 235 235 235 235 235 235 235 235 235 235 235 235 235 235 235 235 235 235 235 235 235 235 235 235 235 235 235 235 235 235 235 235 235 235 235 235 235 234 234 234 234 234 234 234 234 237 235 233 231 230 229 229 229 227 229 232 234 236 237 236 236 225 225 221 212 201 189 175 163 147 149 147 143 150 163 171 171 169 161 159 169 180 165 120 79 20 11 2 1 8 15 18 17 17 21 25 26 24 24 26 29 27 25 22 20 19 19 21 21 20 20 20 20 20 20 20
226 226 226 226 226 226 226 226 227 227 227 227 227 227 227 227 227 227 227 227 227 227 227 227 227 227 227 227 227 227 227 227 228 228 228 228 228 228 228 228 227 227 228 228 228 229 229 229 229 229 229 228 228 228 227 227 228 228 228 228 228 228 228 228 228 228 229 229 229 230 230 230 229 229 229 229 229 229 229 229 229 229 229 229 229 229 229 229 228 228 228 228 228 228 228 228 228 228 228 228 228 228 228 228 228 228 228 228 228 228 228 228 228 228 228 228 228 228 228 228 228 228 228 228 228 228 228 228 228 228 228 228 228 228 228 228 229 229 230 230 230 231 231 231 231 231 231 231 230 230 229 229 230 230 230 230 230 230 230 230 230 230 230 230 230 230 230 230 232 232 232 232 232 232 232 232 232 232 232 232 232 232 232 232 232 232 232 232 232 232 232 232 232 232 232 232 232 232 232 232 232 232 232 232 232 232 232 232 232 232 232 232 232 232 232 232 232 232 232 232 232 232 232 232 232 232 232 232 232 232 232 232 232 232 232 232 232 232 232 232 232 232 232 232 232 232 232 232 233 233 233 233 233 233 233 233 233 233 233 233 233 233 233 233 233 233 233 233 233 233 233 233 233 233 233 233 233 233 233 233 234 234 234 234 234 234 234 234 234 234 234 234 234 234 234 234 235 235 235 235 235 235 235 235 235 235 235 235 235 235 235 235 235 235 235 235 235 235 235 235 235 235 235 235 235 235 235 235 235 235 235 235 235 235 235 235 235 235 235 235 235 235 235 235 235 235 235 235 235 235 235 235 235 235 235 235 235 235 235 235 235 235 235 235 235 235 235 235 234 234 234 234 234 234 234 234 231 231 232 233 235 237 238 239 236 234 231 227 220 213 207 203 186 181 169 155 151 155 156 152 157 165 173 178 182 182 174 164 162 138 107 74 33 2 1 12 19 19 21 28 35 37 33 27 31 25 18 12 11 15 20 24 21 21 21 21 21 21 20 20 20 20 20 20 20 20 20
226 226 226 226 226 226 226 226 227 227 227 227 227 227 227 227 227 227 227 227 227 227 227 227 227 227 227 227 227 227 227 227 228 228 228 228 228 228 228 228 227 227 228 228 228 229 229 229 229 229 229 228 228 228 227 227 228 228 228 228 228 228 228 228 228 228 229 229 229 230 230 230 229 229 229 229 229 229 229 229 229 229 229 229 229 229 229 229 228 228 228 228 228 228 228 228 228 228 228 228 228 228 228 228 228 228 228 228 228 228 228 228 228 228 228 228 228 228 228 228 228 228 228 228 228 228 228 228 228 228 228 228 228 228 228 228 229 229 229 229 230 230 231 231 231 231 231 231 230 230 229 229 230 230 230 230 230 230 230 230 230 230 230 230 230 230 230 230 232 232 232 232 232 232 232 232 232 232 232 232 232 232 232 232 232 232 232 232 232 232 232 232 232 232 232 232 232 232 232 232 232 232 232 232 232 232 232 232 232 232 232 232 232 232 232 232 232 232 232 232 232 232 232 232 232 232 232 232 232 232 232 232 232 232 232 232 232 232 232 232 232 232 232 232 232 232 232 232 233 233 233 233 233 233 233 233 233 233 233 233 233 233 233 233 233 233 233 233 233 233 233 233 233 233 233 233 233 233 233 233 234 234 234 234 234 234 234 234 234 234 234 234 234 234 234 234 235 235 235 235 235 235 235 235 235 235 235 235 235 235 235 235 235 235 235 235 235 235 235 235 235 235 235 235 235 235 235 235 235 235 235 235 235 235 235 235 235 235 235 235 235 235 235 235 235 235 235 235 235 235 235 235 235 235 235 235 235 235 235 235 235 235 235 235 235 235 235 235 234 234 234 234 234 234 234 234 237 237 236 233 230 226 223 221 213 209 201 190 178 166 157 152 151 154 153 151 160 173 177 171 189 175 158 143 122 96 74 63 26 1 0 14 37 34 24 22 38 32 24 19 18 20 23 25 19 20 22 27 30 28 22 16 17 18 20 22 22 21 20 19 20 20 20 20 20 20 20
226 226 226 226 226 226 226 226 227 227 227 227 227 227 227 227 227 227 227 227 227 227 227 227 227 227 227 227 227 227 227 227 228 228 228 228 228 228 228 228 227 227 228 228 228 229 229 229 229 229 229 228 228 228 227 227 228 228 228 228 228 228 228 228 228 228 229 229 229 230 230 230 229 229 229 229 229 229 229 229 229 229 229 229 229 229 229 229 228 228 228 228 228 228 228 228 228 228 228 228 228 228 228 228 228 228 228 228 228 228 228 228 228 228 228 228 228 228 228 228 228 228 228 228 228 228 228 228 228 228 228 228 228 228 228 228 228 228 229 229 230 230 230 230 231 231 231 231 230 230 229 229 230 230 230 230 230 230 230 230 230 230 230 230 230 230 230 230 232 232 232 232 232 232 232 232 232 232 232 232 232 232 232 232 232 232 232 232 232 232 232 232 232 232 232 232 232 232 232 232 232 232 232 232 232 232 232 232 232 232 232 232 232 232 232 232 232 232 232 232 232 232 232 232 232 232 232 232 232 232 232 232 232 232 232 232 232 232 232 232 232 232 232 232 232 232 232 232 233 233 233 233 233 233 233 233 233 233 233 233 233 233 233 233 233 233 233 233 233 233 233 233 233 233 233 233 233 233 233 233 234 234 234 234 234 234 234 234 234 234 234 234 234 234 234 234 235 235 235 235 235 235 235 235 235 235 235 235 235 235 235 235 235 235 235 235 235 235 235 235 235 235 235 235 235 235 235 235 235 235 235 235 235 235 235 235 235 235 235 235 235 235 235 235 235 235 235 235 235 235 235 235 235 235 235 235 235 235 235 235 235 235 235 235 235 235 235 235 234 234 234 234 234 234 234 234 231 228 222 213 201 188 177 171 152 153 153 154 155 157 159 160 159 167 170 168 170 171 158 140 107 78 52 41 29 13 10 18 31 29 30 30 22 16 22 35 18 23 28 30 28 24 21 20 24 20 16 14 17 22 26 28 20 20 21 21 21 20 20 19 20 20 20 20 20 20 20
